,初出作品,キャラ集計ポイント比率,音楽集計ポイント比率,名前,回,回n,名前n
0,CD,0.0,,,,,
1,ダブルスポイラー,0.0,0.0,ダブルスポイラー,1.0,0.05263157894736842,0.02631578947368421
2,儚月抄,0.0,,,,,
3,剛欲異聞,0.0,0.0,東方剛欲異聞,1.0,0.05263157894736842,0.15789473684210525
4,地霊殿,0.0,0.0,東方地霊殿,1.0,0.05263157894736842,0.18421052631578946
5,天空璋,0.0,0.0,東方天空璋,1.0,0.05263157894736842,0.23684210526315788
6,妖々夢,0.082720588235294,0.1342182890855454,東方妖々夢,1.0,0.05263157894736842,0.2631578947368421
7,妖精大戦争,0.0,0.0,妖精大戦争,1.0,0.05263157894736842,0.10526315789473684
8,封魔録,0.1746323529411764,0.0117994100294984,東方封魔録,1.0,0.05263157894736842,0.2894736842105263
9,幺樂団の歴史,0.0,,,,,
10,幻想郷,0.0,0.0176991150442476,東方幻想郷,1.0,0.05263157894736842,0.3157894736842105
11,心綺楼,0.0,0.0,東方心綺楼,1.0,0.05263157894736842,0.3684210526315789
12,怪綺談,0.0496323529411764,0.0516224188790556,東方怪綺談,1.0,0.05263157894736842,0.39473684210526316
13,憑依華,0.0,0.0,東方憑依華,1.0,0.05263157894736842,0.42105263157894735
14,星蓮船,0.0,0.0,東方星蓮船,1.0,0.05263157894736842,0.47368421052631576
15,永夜抄,0.0,0.0,東方永夜抄,1.0,0.05263157894736842,0.5
16,深秘録,0.0,0.0,東方深秘録,1.0,0.05263157894736842,0.5263157894736842
17,神霊廟,0.0,0.0,東方神霊廟,1.0,0.05263157894736842,0.5526315789473685
18,紅魔郷,0.4889705882352939,0.5737463126843652,東方紅魔郷,1.0,0.05263157894736842,0.5789473684210527
19,紺珠伝,0.0,0.0,東方紺珠伝,1.0,0.05263157894736842,0.6052631578947368
20,緋想天,0.0,0.0,東方緋想天,1.0,0.05263157894736842,0.631578947368421
21,花映塚,0.0,0.0,東方花映塚,1.0,0.05263157894736842,0.6578947368421053
22,茨歌仙,0.0,,,,,
23,萃夢想,0.0,0.0,東方萃夢想,1.0,0.05263157894736842,0.6842105263157895
24,虹龍洞,0.0,0.0,東方虹龍洞,1.0,0.05263157894736842,0.7105263157894737
25,輝針城,0.0,0.0,東方輝針城,1.0,0.05263157894736842,0.7368421052631579
26,鈴奈庵,0.0,,,,,
27,靈異伝,0.1139705882352941,0.0206489675516223,東方靈異伝,1.0,0.05263157894736842,0.7631578947368421
28,風神録,0.0,0.0,東方風神録,1.0,0.05263157894736842,0.8157894736842105
29,香霖堂,0.0,,,,,
30,鬼形獣,0.0,0.0,東方鬼形獣,1.0,0.05263157894736842,0.8421052631578947
31,Cradle,,0.0,Cradle,1.0,0.05263157894736842,0.0
32,トルテルマジック,,0.0073746312684365,トルテルマジック,1.0,0.05263157894736842,0.05263157894736842
33,メニュー,,0.0014749262536873,メニュー,1.0,0.05263157894736842,0.07894736842105263
34,弾幕アマノジャク,,0.0,弾幕アマノジャク,1.0,0.05263157894736842,0.13157894736842105
35,夢時空,,0.0044247787610619,東方夢時空,1.0,0.05263157894736842,0.21052631578947367
36,幻想麻雀,,0.0,東方幻想麻雀,1.0,0.05263157894736842,0.34210526315789475
37,文花帖,,0.0,東方文花帖,1.0,0.05263157894736842,0.4473684210526316
38,非想天則,,0.1563421828908552,東方非想天則,1.0,0.05263157894736842,0.7894736842105263
39,神魔討綺伝 ,,0.0,神魔討綺伝 ,1.0,0.05263157894736842,0.868421052631579
40,秋霜玉,,0.0427728613569318,秋霜玉,1.0,0.05263157894736842,0.8947368421052632
41,秘封ナイトメアダイアリー,,0.0,秘封ナイトメアダイアリー,1.0,0.05263157894736842,0.9210526315789473
42,稀翁玉,,0.0029498525073746,稀翁玉,1.0,0.05263157894736842,0.9473684210526315
43,黄昏酒場,,0.0,黄昏酒場,1.0,0.05263157894736842,0.9736842105263158
0,CD,0.0,,,,,
1,ダブルスポイラー,0.0,0.0,ダブルスポイラー,2.0,0.10526315789473684,0.02631578947368421
2,儚月抄,0.0,,,,,
3,剛欲異聞,0.0,0.0,東方剛欲異聞,2.0,0.10526315789473684,0.15789473684210525
4,地霊殿,0.0,0.0,東方地霊殿,2.0,0.10526315789473684,0.18421052631578946
5,天空璋,0.0,0.0,東方天空璋,2.0,0.10526315789473684,0.23684210526315788
6,妖々夢,0.3026073215696597,0.4974965862539818,東方妖々夢,2.0,0.10526315789473684,0.2631578947368421
7,妖精大戦争,0.0,0.0,妖精大戦争,2.0,0.10526315789473684,0.10526315789473684
8,封魔録,0.1401106136423492,0.0054619936276738,東方封魔録,2.0,0.10526315789473684,0.2894736842105263
9,幺樂団の歴史,0.0,,,,,
10,幻想郷,0.0,0.0116067364588069,東方幻想郷,2.0,0.10526315789473684,0.3157894736842105
11,心綺楼,0.0,0.0,東方心綺楼,2.0,0.10526315789473684,0.3684210526315789
12,怪綺談,0.0484593099815643,0.0229858898497945,東方怪綺談,2.0,0.10526315789473684,0.39473684210526316
13,憑依華,0.0,0.0,東方憑依華,2.0,0.10526315789473684,0.42105263157894735
14,星蓮船,0.0,0.0,東方星蓮船,2.0,0.10526315789473684,0.47368421052631576
15,永夜抄,0.0,0.0,東方永夜抄,2.0,0.10526315789473684,0.5
16,深秘録,0.0,0.0,東方深秘録,2.0,0.10526315789473684,0.5263157894736842
17,神霊廟,0.0,0.0,東方神霊廟,2.0,0.10526315789473684,0.5526315789473685
18,紅魔郷,0.33868843824071587,0.3684569868001812,東方紅魔郷,2.0,0.10526315789473684,0.5789473684210527
19,紺珠伝,0.0,0.0,東方紺珠伝,2.0,0.10526315789473684,0.6052631578947368
20,緋想天,0.0,0.0,東方緋想天,2.0,0.10526315789473684,0.631578947368421
21,花映塚,0.0,0.1142467000455165,東方花映塚,2.0,0.10526315789473684,0.6578947368421053
22,茨歌仙,0.0,,,,,
23,萃夢想,0.0,0.0,東方萃夢想,2.0,0.10526315789473684,0.6842105263157895
24,虹龍洞,0.0,0.0,東方虹龍洞,2.0,0.10526315789473684,0.7105263157894737
25,輝針城,0.0,0.0,東方輝針城,2.0,0.10526315789473684,0.7368421052631579
26,鈴奈庵,0.0,,,,,
27,靈異伝,0.0771661838293389,0.0100136549840691,東方靈異伝,2.0,0.10526315789473684,0.7631578947368421
28,風神録,0.0,0.0,東方風神録,2.0,0.10526315789473684,0.8157894736842105
29,香霖堂,0.0,,,,,
30,鬼形獣,0.0,0.0,東方鬼形獣,2.0,0.10526315789473684,0.8421052631578947
31,Cradle,,0.0,Cradle,2.0,0.10526315789473684,0.0
32,トルテルマジック,,0.0047792444242147,トルテルマジック,2.0,0.10526315789473684,0.05263157894736842
33,メニュー,,0.0,メニュー,2.0,0.10526315789473684,0.07894736842105263
34,弾幕アマノジャク,,0.0,弾幕アマノジャク,2.0,0.10526315789473684,0.13157894736842105
35,夢時空,,0.0061447428311329,東方夢時空,2.0,0.10526315789473684,0.21052631578947367
36,幻想麻雀,,0.0,東方幻想麻雀,2.0,0.10526315789473684,0.34210526315789475
37,文花帖,,0.0,東方文花帖,2.0,0.10526315789473684,0.4473684210526316
38,非想天則,,0.0776058261265358,東方非想天則,2.0,0.10526315789473684,0.7894736842105263
39,神魔討綺伝 ,,0.0,神魔討綺伝 ,2.0,0.10526315789473684,0.868421052631579
40,秋霜玉,,0.0284478834774687,秋霜玉,2.0,0.10526315789473684,0.8947368421052632
41,秘封ナイトメアダイアリー,,0.0,秘封ナイトメアダイアリー,2.0,0.10526315789473684,0.9210526315789473
42,稀翁玉,,0.001820664542558,稀翁玉,2.0,0.10526315789473684,0.9473684210526315
43,黄昏酒場,,0.0,黄昏酒場,2.0,0.10526315789473684,0.9736842105263158
0,CD,0.0,,,,,
1,ダブルスポイラー,0.0,0.0,ダブルスポイラー,3.0,0.15789473684210525,0.02631578947368421
2,儚月抄,0.0,,,,,
3,剛欲異聞,0.0,0.0,東方剛欲異聞,3.0,0.15789473684210525,0.15789473684210525
4,地霊殿,0.0,0.0,東方地霊殿,3.0,0.15789473684210525,0.18421052631578946
5,天空璋,0.0,0.0,東方天空璋,3.0,0.15789473684210525,0.23684210526315788
6,妖々夢,0.2944058799509999,0.3125651418645039,東方妖々夢,3.0,0.15789473684210525,0.2631578947368421
7,妖精大戦争,0.0,0.0,妖精大戦争,3.0,0.15789473684210525,0.10526315789473684
8,封魔録,0.1602694977541854,0.0046902142443540915,東方封魔録,3.0,0.15789473684210525,0.2894736842105263
9,幺樂団の歴史,0.0,,,,,
10,幻想郷,0.0,0.008511870295309414,東方幻想郷,3.0,0.15789473684210525,0.3157894736842105
11,心綺楼,0.0,0.0,東方心綺楼,3.0,0.15789473684210525,0.3684210526315789
12,怪綺談,0.0365455287872601,0.01146496815286553,東方怪綺談,3.0,0.15789473684210525,0.39473684210526316
13,憑依華,0.0,0.0,東方憑依華,3.0,0.15789473684210525,0.42105263157894735
14,星蓮船,0.0,0.0,東方星蓮船,3.0,0.15789473684210525,0.47368421052631576
15,永夜抄,0.1629236423029804,0.3632310364794432,東方永夜抄,3.0,0.15789473684210525,0.5
16,深秘録,0.0,0.0,東方深秘録,3.0,0.15789473684210525,0.5263157894736842
17,神霊廟,0.0,0.0,東方神霊廟,3.0,0.15789473684210525,0.5526315789473685
18,紅魔郷,0.2456104532462226,0.22154024319629328,東方紅魔郷,3.0,0.15789473684210525,0.5789473684210527
19,紺珠伝,0.0,0.0,東方紺珠伝,3.0,0.15789473684210525,0.6052631578947368
20,緋想天,0.0,0.0,東方緋想天,3.0,0.15789473684210525,0.631578947368421
21,花映塚,0.0,0.0808338158656629,東方花映塚,3.0,0.15789473684210525,0.6578947368421053
22,茨歌仙,0.0,,,,,
23,萃夢想,0.0,0.0,東方萃夢想,3.0,0.15789473684210525,0.6842105263157895
24,虹龍洞,0.0,0.0,東方虹龍洞,3.0,0.15789473684210525,0.7105263157894737
25,輝針城,0.0,0.0,東方輝針城,3.0,0.15789473684210525,0.7368421052631579
26,鈴奈庵,0.0,,,,,
27,靈異伝,0.0869742752143732,0.0050376375217136915,東方靈異伝,3.0,0.15789473684210525,0.7631578947368421
28,風神録,0.0,0.0,東方風神録,3.0,0.15789473684210525,0.8157894736842105
29,香霖堂,0.0012249897917517,,,,,
30,鬼形獣,0.0,0.0,東方鬼形獣,3.0,0.15789473684210525,0.8421052631578947
31,Cradle,,0.0507237984944991,Cradle,3.0,0.15789473684210525,0.0
32,トルテルマジック,,0.0029530978575564304,トルテルマジック,3.0,0.15789473684210525,0.05263157894736842
33,メニュー,,0.000810654313838861,メニュー,3.0,0.15789473684210525,0.07894736842105263
34,弾幕アマノジャク,,0.0,弾幕アマノジャク,3.0,0.15789473684210525,0.13157894736842105
35,夢時空,,0.0026635784597562914,東方夢時空,3.0,0.15789473684210525,0.21052631578947367
36,幻想麻雀,,0.0,東方幻想麻雀,3.0,0.15789473684210525,0.34210526315789475
37,文花帖,,0.0,東方文花帖,3.0,0.15789473684210525,0.4473684210526316
38,非想天則,,0.0434858135495075,東方非想天則,3.0,0.15789473684210525,0.7894736842105263
39,神魔討綺伝 ,,0.0,神魔討綺伝 ,3.0,0.15789473684210525,0.868421052631579
40,秋霜玉,,0.01204400694846503,秋霜玉,3.0,0.15789473684210525,0.8947368421052632
41,秘封ナイトメアダイアリー,,0.0,秘封ナイトメアダイアリー,3.0,0.15789473684210525,0.9210526315789473
42,稀翁玉,,0.0010422698320785,稀翁玉,3.0,0.15789473684210525,0.9473684210526315
43,黄昏酒場,,0.0,黄昏酒場,3.0,0.15789473684210525,0.9736842105263158
0,CD,0.001424663779348,,,,,
1,ダブルスポイラー,0.0,0.0,ダブルスポイラー,4.0,0.21052631578947367,0.02631578947368421
2,儚月抄,0.0,,,,,
3,剛欲異聞,0.0,0.0,東方剛欲異聞,4.0,0.21052631578947367,0.15789473684210525
4,地霊殿,0.0,0.0,東方地霊殿,4.0,0.21052631578947367,0.18421052631578946
5,天空璋,0.0,0.0,東方天空璋,4.0,0.21052631578947367,0.23684210526315788
6,妖々夢,0.22617962160929989,0.09506027952629839,東方妖々夢,4.0,0.21052631578947367,0.2631578947368421
7,妖精大戦争,0.001367677228174,0.0,妖精大戦争,4.0,0.21052631578947367,0.10526315789473684
8,封魔録,0.0741395030772737,0.0017603755467827766,東方封魔録,4.0,0.21052631578947367,0.2894736842105263
9,幺樂団の歴史,0.0,,,,,
10,幻想郷,0.0157852746751766,0.004640990077882865,東方幻想郷,4.0,0.21052631578947367,0.3157894736842105
11,心綺楼,0.0,0.0,東方心綺楼,4.0,0.21052631578947367,0.3684210526315789
12,怪綺談,0.0523706405288351,0.011789181692093888,東方怪綺談,4.0,0.21052631578947367,0.39473684210526316
13,憑依華,0.0,0.0,東方憑依華,4.0,0.21052631578947367,0.42105263157894735
14,星蓮船,0.0,0.0,東方星蓮船,4.0,0.21052631578947367,0.47368421052631576
15,永夜抄,0.1732391155687253,0.0777765923396989,東方永夜抄,4.0,0.21052631578947367,0.5
16,深秘録,0.0,0.0,東方深秘録,4.0,0.21052631578947367,0.5263157894736842
17,神霊廟,0.0,0.0,東方神霊廟,4.0,0.21052631578947367,0.5526315789473685
18,紅魔郷,0.2410531114656935,0.13170809772751452,東方紅魔郷,4.0,0.21052631578947367,0.5789473684210527
19,紺珠伝,0.0,0.0,東方紺珠伝,4.0,0.21052631578947367,0.6052631578947368
20,緋想天,0.0,0.0,東方緋想天,4.0,0.21052631578947367,0.631578947368421
21,花映塚,0.0821176202416228,0.0227248479675662,東方花映塚,4.0,0.21052631578947367,0.6578947368421053
22,茨歌仙,0.0,,,,,
23,萃夢想,0.0240483245953954,0.0108289768483943,東方萃夢想,4.0,0.21052631578947367,0.6842105263157895
24,虹龍洞,0.0,0.0,東方虹龍洞,4.0,0.21052631578947367,0.7105263157894737
25,輝針城,0.0,0.0,東方輝針城,4.0,0.21052631578947367,0.7368421052631579
26,鈴奈庵,0.0,,,,,
27,靈異伝,0.070948256211534,0.004694334791421777,東方靈異伝,4.0,0.21052631578947367,0.7631578947368421
28,風神録,0.0,0.0,東方風神録,4.0,0.21052631578947367,0.8157894736842105
29,香霖堂,0.0079211306131752,,,,,
30,鬼形獣,0.0,0.0,東方鬼形獣,4.0,0.21052631578947367,0.8421052631578947
31,Cradle,,0.0,Cradle,4.0,0.21052631578947367,0.0
32,トルテルマジック,,0.0017070308332443,トルテルマジック,4.0,0.21052631578947367,0.05263157894736842
33,メニュー,,0.0010135495572386765,メニュー,4.0,0.21052631578947367,0.07894736842105263
34,弾幕アマノジャク,,0.0,弾幕アマノジャク,4.0,0.21052631578947367,0.13157894736842105
35,夢時空,,0.0048543689320380765,東方夢時空,4.0,0.21052631578947367,0.21052631578947367
36,幻想麻雀,,0.0,東方幻想麻雀,4.0,0.21052631578947367,0.34210526315789475
37,文花帖,,0.0507308225754827,東方文花帖,4.0,0.21052631578947367,0.4473684210526316
38,非想天則,,0.022884882108182802,東方非想天則,4.0,0.21052631578947367,0.7894736842105263
39,神魔討綺伝 ,,0.0,神魔討綺伝 ,4.0,0.21052631578947367,0.868421052631579
40,秋霜玉,,0.0098687720046938,秋霜玉,4.0,0.21052631578947367,0.8947368421052632
41,秘封ナイトメアダイアリー,,0.0,秘封ナイトメアダイアリー,4.0,0.21052631578947367,0.9210526315789473
42,稀翁玉,,0.0,稀翁玉,4.0,0.21052631578947367,0.9473684210526315
43,黄昏酒場,,0.0,黄昏酒場,4.0,0.21052631578947367,0.9736842105263158
0,CD,0.0026497824389155,,,,,
1,ダブルスポイラー,0.0,0.0122419045469931,ダブルスポイラー,5.0,0.2631578947368421,0.02631578947368421
2,儚月抄,0.0010878054222915,,,,,
3,剛欲異聞,0.0,0.0,東方剛欲異聞,5.0,0.2631578947368421,0.15789473684210525
4,地霊殿,0.0,0.0001316333822257,東方地霊殿,5.0,0.2631578947368421,0.18421052631578946
5,天空璋,0.0,0.0,東方天空璋,5.0,0.2631578947368421,0.23684210526315788
6,妖々夢,0.181663505522704,0.20431381398322498,東方妖々夢,5.0,0.2631578947368421,0.2631578947368421
7,妖精大戦争,0.0066384023206514,0.0001316333822257,妖精大戦争,5.0,0.2631578947368421,0.10526315789473684
8,封魔録,0.0539300457436126,0.0019180864267175973,東方封魔録,5.0,0.2631578947368421,0.2894736842105263
9,幺樂団の歴史,0.0057597902488006,,,,,
10,幻想郷,0.0211564208412361,0.013294971604798268,東方幻想郷,5.0,0.2631578947368421,0.3157894736842105
11,心綺楼,0.0,0.0,東方心綺楼,5.0,0.2631578947368421,0.3684210526315789
12,怪綺談,0.0358975789356242,0.014836962653728204,東方怪綺談,5.0,0.2631578947368421,0.39473684210526316
13,憑依華,0.0,0.0,東方憑依華,5.0,0.2631578947368421,0.42105263157894735
14,星蓮船,0.0,0.0001316333822257,東方星蓮船,5.0,0.2631578947368421,0.47368421052631576
15,永夜抄,0.1460448510543341,0.12760916168340197,東方永夜抄,5.0,0.2631578947368421,0.5
16,深秘録,0.0,0.0,東方深秘録,5.0,0.2631578947368421,0.5263157894736842
17,神霊廟,0.0,0.0001316333822257,東方神霊廟,5.0,0.2631578947368421,0.5526315789473685
18,紅魔郷,0.2253430770947222,0.190717966076196,東方紅魔郷,5.0,0.2631578947368421,0.5789473684210527
19,紺珠伝,0.0,0.0,東方紺珠伝,5.0,0.2631578947368421,0.6052631578947368
20,緋想天,0.0,0.0,東方緋想天,5.0,0.2631578947368421,0.631578947368421
21,花映塚,0.0909433225482537,0.08495994584226474,東方花映塚,5.0,0.2631578947368421,0.6578947368421053
22,茨歌仙,0.0,,,,,
23,萃夢想,0.0202778087693852,0.0222836511339274,東方萃夢想,5.0,0.2631578947368421,0.6842105263157895
24,虹龍洞,0.0,0.0,東方虹龍洞,5.0,0.2631578947368421,0.7105263157894737
25,輝針城,0.0,0.0001316333822257,東方輝針城,5.0,0.2631578947368421,0.7368421052631579
26,鈴奈庵,0.0,,,,,
27,靈異伝,0.0547668191453754,0.0019368911956071165,東方靈異伝,5.0,0.2631578947368421,0.7631578947368421
28,風神録,0.1113745397746286,0.19306856218737,東方風神録,5.0,0.2631578947368421,0.8157894736842105
29,香霖堂,0.0091905611960281,,,,,
30,鬼形獣,0.0,0.0,東方鬼形獣,5.0,0.2631578947368421,0.8421052631578947
31,Cradle,,0.0094023844446951,Cradle,5.0,0.2631578947368421,0.0
32,トルテルマジック,,0.0007709955244648904,トルテルマジック,5.0,0.2631578947368421,0.05263157894736842
33,メニュー,,0.0005077287600134614,メニュー,5.0,0.2631578947368421,0.07894736842105263
34,弾幕アマノジャク,,0.0122419045469931,弾幕アマノジャク,5.0,0.2631578947368421,0.13157894736842105
35,夢時空,,0.007841588626875284,東方夢時空,5.0,0.2631578947368421,0.21052631578947367
36,幻想麻雀,,0.0,東方幻想麻雀,5.0,0.2631578947368421,0.34210526315789475
37,文花帖,,0.060325698597164,東方文花帖,5.0,0.2631578947368421,0.4473684210526316
38,非想天則,,0.0753319041708974,東方非想天則,5.0,0.2631578947368421,0.7894736842105263
39,神魔討綺伝 ,,0.0,神魔討綺伝 ,5.0,0.2631578947368421,0.868421052631579
40,秋霜玉,,0.0043439016134489035,秋霜玉,5.0,0.2631578947368421,0.8947368421052632
41,秘封ナイトメアダイアリー,,0.0,秘封ナイトメアダイアリー,5.0,0.2631578947368421,0.9210526315789473
42,稀翁玉,,0.0004701192222347035,稀翁玉,5.0,0.2631578947368421,0.9473684210526315
43,黄昏酒場,,0.0005829478355711,黄昏酒場,5.0,0.2631578947368421,0.9736842105263158
0,CD,0.0021472935635067,,,,,
1,ダブルスポイラー,0.0,0.008863480590691,ダブルスポイラー,6.0,0.3157894736842105,0.02631578947368421
2,儚月抄,0.0035326442496401,,,,,
3,剛欲異聞,0.0,0.0,東方剛欲異聞,6.0,0.3157894736842105,0.15789473684210525
4,地霊殿,0.0900093126351676,0.1292837559972575,東方地霊殿,6.0,0.3157894736842105,0.18421052631578946
5,天空璋,0.0,0.0,東方天空璋,6.0,0.3157894736842105,0.23684210526315788
6,妖々夢,0.1413596447345125,0.16164558539472773,東方妖々夢,6.0,0.3157894736842105,0.2631578947368421
7,妖精大戦争,0.0055414027445335,0.0002025048289613,妖精大戦争,6.0,0.3157894736842105,0.10526315789473684
8,封魔録,0.0414065927299874,0.0019237958751320567,東方封魔録,6.0,0.3157894736842105,0.2894736842105263
9,幺樂団の歴史,0.004994958862781,,,,,
10,幻想郷,0.0308240527664683,0.016550875443952368,東方幻想郷,6.0,0.3157894736842105,0.3157894736842105
11,心綺楼,0.0,0.0,東方心綺楼,6.0,0.3157894736842105,0.3684210526315789
12,怪綺談,0.0312858363285128,0.016636550563897512,東方怪綺談,6.0,0.3157894736842105,0.39473684210526316
13,憑依華,0.0,0.0,東方憑依華,6.0,0.3157894736842105,0.42105263157894735
14,星蓮船,0.0,0.0002025048289613,東方星蓮船,6.0,0.3157894736842105,0.47368421052631576
15,永夜抄,0.1139373975417718,0.11198517041560134,東方永夜抄,6.0,0.3157894736842105,0.5
16,深秘録,0.0,0.0,東方深秘録,6.0,0.3157894736842105,0.5263157894736842
17,神霊廟,0.0,0.0002025048289613,東方神霊廟,6.0,0.3157894736842105,0.5526315789473685
18,紅魔郷,0.1945494146893347,0.1490201881737171,東方紅魔郷,6.0,0.3157894736842105,0.5789473684210527
19,紺珠伝,0.0,0.0,東方紺珠伝,6.0,0.3157894736842105,0.6052631578947368
20,緋想天,0.0417837159723237,0.017789270359523802,東方緋想天,6.0,0.3157894736842105,0.631578947368421
21,花映塚,0.0628487427942521,0.07597046544955972,東方花映塚,6.0,0.3157894736842105,0.6578947368421053
22,茨歌仙,0.0,,,,,
23,萃夢想,0.0188099837606114,0.0155227740046107,東方萃夢想,6.0,0.3157894736842105,0.6842105263157895
24,虹龍洞,0.0,0.0,東方虹龍洞,6.0,0.3157894736842105,0.7105263157894737
25,輝針城,0.0,0.0002025048289613,東方輝針城,6.0,0.3157894736842105,0.7368421052631579
26,鈴奈庵,0.0,,,,,
27,靈異伝,0.0441695977095535,0.0014954202754063441,東方靈異伝,6.0,0.3157894736842105,0.7631578947368421
28,風神録,0.13053082020456971,0.1657346252102928,東方風神録,6.0,0.3157894736842105,0.8157894736842105
29,香霖堂,0.0094280810584079,,,,,
30,鬼形獣,0.0,0.0,東方鬼形獣,6.0,0.3157894736842105,0.8421052631578947
31,Cradle,,0.0073446943734812,Cradle,6.0,0.3157894736842105,0.0
32,トルテルマジック,,0.0007243441958999978,トルテルマジック,6.0,0.3157894736842105,0.05263157894736842
33,メニュー,,0.0007243441958997702,メニュー,6.0,0.3157894736842105,0.07894736842105263
34,弾幕アマノジャク,,0.008863480590691,弾幕アマノジャク,6.0,0.3157894736842105,0.13157894736842105
35,夢時空,,0.0117686460215584,東方夢時空,6.0,0.3157894736842105,0.21052631578947367
36,幻想麻雀,,0.0,東方幻想麻雀,6.0,0.3157894736842105,0.34210526315789475
37,文花帖,,0.0365754875693185,東方文花帖,6.0,0.3157894736842105,0.4473684210526316
38,非想天則,,0.08461586391675449,東方非想天則,6.0,0.3157894736842105,0.7894736842105263
39,神魔討綺伝 ,,0.0,神魔討綺伝 ,6.0,0.3157894736842105,0.868421052631579
40,秋霜玉,,0.0038943236338710315,秋霜玉,6.0,0.3157894736842105,0.8947368421052632
41,秘封ナイトメアダイアリー,,0.0,秘封ナイトメアダイアリー,6.0,0.3157894736842105,0.9210526315789473
42,稀翁玉,,0.00038164371611929107,稀翁玉,6.0,0.3157894736842105,0.9473684210526315
43,黄昏酒場,,0.0012072403265,黄昏酒場,6.0,0.3157894736842105,0.9736842105263158
0,CD,0.009319156949668301,,,,,
1,ダブルスポイラー,0.0,0.0066147433656941,ダブルスポイラー,7.0,0.3684210526315789,0.02631578947368421
2,儚月抄,0.004779185349939,,,,,
3,剛欲異聞,0.0,0.0,東方剛欲異聞,7.0,0.3684210526315789,0.15789473684210525
4,地霊殿,0.0986171409376155,0.1132435717527497,東方地霊殿,7.0,0.3684210526315789,0.18421052631578946
5,天空璋,0.0,0.0,東方天空璋,7.0,0.3684210526315789,0.23684210526315788
6,妖々夢,0.1185176890933793,0.1351170882609163,東方妖々夢,7.0,0.3684210526315789,0.2631578947368421
7,妖精大戦争,0.0057258610422592,0.0008555346308941,妖精大戦争,7.0,0.3684210526315789,0.10526315789473684
8,封魔録,0.0344366007217129,0.0019197362449329181,東方封魔録,7.0,0.3684210526315789,0.2894736842105263
9,幺樂団の歴史,0.0043720130091562,,,,,
10,幻想郷,0.0293367671534072,0.015357889959465973,東方幻想郷,7.0,0.3684210526315789,0.3157894736842105
11,心綺楼,0.0,0.0,東方心綺楼,7.0,0.3684210526315789,0.3684210526315789
12,怪綺談,0.0317492632725458,0.021284032280781923,東方怪綺談,7.0,0.3684210526315789,0.39473684210526316
13,憑依華,0.0,0.0,東方憑依華,7.0,0.3684210526315789,0.42105263157894735
14,星蓮船,0.08938450811036369,0.10708267907539576,東方星蓮船,7.0,0.3684210526315789,0.47368421052631576
15,永夜抄,0.0965252930368436,0.08900168498588802,東方永夜抄,7.0,0.3684210526315789,0.5
16,深秘録,0.0,0.0,東方深秘録,7.0,0.3684210526315789,0.5263157894736842
17,神霊廟,0.0,0.0002556170543525,東方神霊廟,7.0,0.3684210526315789,0.5526315789473685
18,紅魔郷,0.174127251535803,0.1323209506867744,東方紅魔郷,7.0,0.3684210526315789,0.5789473684210527
19,紺珠伝,0.0,0.0,東方紺珠伝,7.0,0.3684210526315789,0.6052631578947368
20,緋想天,0.0324210976348375,0.0126034857819532,東方緋想天,7.0,0.3684210526315789,0.631578947368421
21,花映塚,0.049924418634242,0.05933967333183698,東方花映塚,7.0,0.3684210526315789,0.6578947368421053
22,茨歌仙,0.0,,,,,
23,萃夢想,0.0144291698264936,0.0150031560881199,東方萃夢想,7.0,0.3684210526315789,0.6842105263157895
24,虹龍洞,0.0,0.0,東方虹龍洞,7.0,0.3684210526315789,0.7105263157894737
25,輝針城,0.0,0.0002556170543525,東方輝針城,7.0,0.3684210526315789,0.7368421052631579
26,鈴奈庵,0.0,,,,,
27,靈異伝,0.0393481170824065,0.0018623528245682711,東方靈異伝,7.0,0.3684210526315789,0.7631578947368421
28,風神録,0.1269817841274037,0.1444601524312305,東方風神録,7.0,0.3684210526315789,0.8157894736842105
29,香霖堂,0.0083826605658677,,,,,
30,鬼形獣,0.0,0.0,東方鬼形獣,7.0,0.3684210526315789,0.8421052631578947
31,Cradle,,0.0052531913006734,Cradle,7.0,0.3684210526315789,0.0
32,トルテルマジック,,0.0006938177189568009,トルテルマジック,7.0,0.3684210526315789,0.05263157894736842
33,メニュー,,0.0005321008070194943,メニュー,7.0,0.3684210526315789,0.07894736842105263
34,弾幕アマノジャク,,0.0066147433656941,弾幕アマノジャク,7.0,0.3684210526315789,0.13157894736842105
35,夢時空,,0.010824599750642502,東方夢時空,7.0,0.3684210526315789,0.21052631578947367
36,幻想麻雀,,0.0012415685497123,東方幻想麻雀,7.0,0.3684210526315789,0.34210526315789475
37,文花帖,,0.0256816889505613,東方文花帖,7.0,0.3684210526315789,0.4473684210526316
38,非想天則,,0.1109169348906839,東方非想天則,7.0,0.3684210526315789,0.7894736842105263
39,神魔討綺伝 ,,0.0003547338713463,神魔討綺伝 ,7.0,0.3684210526315789,0.868421052631579
40,秋霜玉,,0.003928155957702979,秋霜玉,7.0,0.3684210526315789,0.8947368421052632
41,秘封ナイトメアダイアリー,,0.0,秘封ナイトメアダイアリー,7.0,0.3684210526315789,0.9210526315789473
42,稀翁玉,,0.0003651672205035858,稀翁玉,7.0,0.3684210526315789,0.9473684210526315
43,黄昏酒場,,0.0008451012817369,黄昏酒場,7.0,0.3684210526315789,0.9736842105263158
0,CD,0.011206447025361301,,,,,
1,ダブルスポイラー,0.0091301256221853,0.027892417109085,ダブルスポイラー,8.0,0.42105263157894735,0.02631578947368421
2,儚月抄,0.004986963735482301,,,,,
3,剛欲異聞,0.0,0.0,東方剛欲異聞,8.0,0.42105263157894735,0.15789473684210525
4,地霊殿,0.1087414079165676,0.1127015927076023,東方地霊殿,8.0,0.42105263157894735,0.18421052631578946
5,天空璋,0.0,0.0,東方天空璋,8.0,0.42105263157894735,0.23684210526315788
6,妖々夢,0.1134534249822228,0.12353000100170197,東方妖々夢,8.0,0.42105263157894735,0.2631578947368421
7,妖精大戦争,0.0092438966579756,0.0261494540719217,妖精大戦争,8.0,0.42105263157894735,0.10526315789473684
8,封魔録,0.0319981038160701,0.0021536612240805877,東方封魔録,8.0,0.42105263157894735,0.2894736842105263
9,幺樂団の歴史,0.0039772457928419,,,,,
10,幻想郷,0.0340933870585446,0.014224181107882776,東方幻想郷,8.0,0.42105263157894735,0.3157894736842105
11,心綺楼,0.0,0.0,東方心綺楼,8.0,0.42105263157894735,0.3684210526315789
12,怪綺談,0.0302109504621948,0.018857056996894096,東方怪綺談,8.0,0.42105263157894735,0.39473684210526316
13,憑依華,0.0,0.0,東方憑依華,8.0,0.42105263157894735,0.42105263157894735
14,星蓮船,0.0807205498933393,0.10018531503555962,東方星蓮船,8.0,0.42105263157894735,0.47368421052631576
15,永夜抄,0.0919744015169468,0.0830662125613532,東方永夜抄,8.0,0.42105263157894735,0.5
16,深秘録,0.0,0.0,東方深秘録,8.0,0.42105263157894735,0.5263157894736842
17,神霊廟,0.0,0.0002404086947811,東方神霊廟,8.0,0.42105263157894735,0.5526315789473685
18,紅魔郷,0.1715145769139603,0.1303165381147944,東方紅魔郷,8.0,0.42105263157894735,0.5789473684210527
19,紺珠伝,0.0,0.0,東方紺珠伝,8.0,0.42105263157894735,0.6052631578947368
20,緋想天,0.031689973927470805,0.0126915756786536,東方緋想天,8.0,0.42105263157894735,0.631578947368421
21,花映塚,0.0522209054278263,0.05440248422317892,東方花映塚,8.0,0.42105263157894735,0.6578947368421053
22,茨歌仙,0.0043754444181085,,,,,
23,萃夢想,0.0131547760132732,0.013482920965641399,東方萃夢想,8.0,0.42105263157894735,0.6842105263157895
24,虹龍洞,0.0,0.0,東方虹龍洞,8.0,0.42105263157894735,0.7105263157894737
25,輝針城,0.0,0.0002404086947811,東方輝針城,8.0,0.42105263157894735,0.7368421052631579
26,鈴奈庵,0.0,,,,,
27,靈異伝,0.0387532590661294,0.0018832014424520125,東方靈異伝,8.0,0.42105263157894735,0.7631578947368421
28,風神録,0.1204313818440385,0.1431383351697877,東方風神録,8.0,0.42105263157894735,0.8157894736842105
29,香霖堂,0.0073856364067314,,,,,
30,鬼形獣,0.0,0.0,東方鬼形獣,8.0,0.42105263157894735,0.8421052631578947
31,Cradle,,0.0044976459981969,Cradle,8.0,0.42105263157894735,0.0
32,トルテルマジック,,0.0006711409395971683,トルテルマジック,8.0,0.42105263157894735,0.05263157894736842
33,メニュー,,0.0005509365922065845,メニュー,8.0,0.42105263157894735,0.07894736842105263
34,弾幕アマノジャク,,0.0109836722428127,弾幕アマノジャク,8.0,0.42105263157894735,0.13157894736842105
35,夢時空,,0.011569668436341364,東方夢時空,8.0,0.42105263157894735,0.21052631578947367
36,幻想麻雀,,0.0011469498146849,東方幻想麻雀,8.0,0.42105263157894735,0.34210526315789475
37,文花帖,,0.0227787238305117,東方文花帖,8.0,0.42105263157894735,0.4473684210526316
38,非想天則,,0.1003906641290184,東方非想天則,8.0,0.42105263157894735,0.7894736842105263
39,神魔討綺伝 ,,0.0003806471000701,神魔討綺伝 ,8.0,0.42105263157894735,0.868421052631579
40,秋霜玉,,0.0038815987178198144,秋霜玉,8.0,0.42105263157894735,0.8947368421052632
41,秘封ナイトメアダイアリー,,0.0,秘封ナイトメアダイアリー,8.0,0.42105263157894735,0.9210526315789473
42,稀翁玉,,0.0004708003606129484,稀翁玉,8.0,0.42105263157894735,0.9473684210526315
43,黄昏酒場,,0.0007663027146148,黄昏酒場,8.0,0.42105263157894735,0.9736842105263158
0,CD,0.0110713364545148,,,,,
1,ダブルスポイラー,0.0071828861289793,0.0224207815474188,ダブルスポイラー,9.0,0.47368421052631576,0.02631578947368421
2,儚月抄,0.0044590169059658,,,,,
3,剛欲異聞,0.0,0.0,東方剛欲異聞,9.0,0.47368421052631576,0.15789473684210525
4,地霊殿,0.100361098301587,0.1029268838875816,東方地霊殿,9.0,0.47368421052631576,0.18421052631578946
5,天空璋,0.0,0.0,東方天空璋,9.0,0.47368421052631576,0.23684210526315788
6,妖々夢,0.1072508851597973,0.12156757361997425,東方妖々夢,9.0,0.47368421052631576,0.2631578947368421
7,妖精大戦争,0.0076010410886096,0.02224610905833556,妖精大戦争,9.0,0.47368421052631576,0.10526315789473684
8,封魔録,0.0313733459431152,0.00214981525025167,東方封魔録,9.0,0.47368421052631576,0.2894736842105263
9,幺樂団の歴史,0.0050569394183347,,,,,
10,幻想郷,0.0284853411284712,0.014045459634978528,東方幻想郷,9.0,0.47368421052631576,0.3157894736842105
11,心綺楼,0.0,0.0,東方心綺楼,9.0,0.47368421052631576,0.3684210526315789
12,怪綺談,0.0362075299156655,0.0182913447542264,東方怪綺談,9.0,0.47368421052631576,0.39473684210526316
13,憑依華,0.0,0.0,東方憑依華,9.0,0.47368421052631576,0.42105263157894735
14,星蓮船,0.0634735780777372,0.07788153622214686,東方星蓮船,9.0,0.47368421052631576,0.47368421052631576
15,永夜抄,0.084107766739876,0.0785667898331643,東方永夜抄,9.0,0.47368421052631576,0.5
16,深秘録,0.0,0.0,東方深秘録,9.0,0.47368421052631576,0.5263157894736842
17,神霊廟,0.0557865612030354,0.06651886686821068,東方神霊廟,9.0,0.47368421052631576,0.5526315789473685
18,紅魔郷,0.1702476884237506,0.1294815810099643,東方紅魔郷,9.0,0.47368421052631576,0.5789473684210527
19,紺珠伝,0.0,0.0,東方紺珠伝,9.0,0.47368421052631576,0.6052631578947368
20,緋想天,0.0313928858944998,0.0107401186877168,東方緋想天,9.0,0.47368421052631576,0.631578947368421
21,花映塚,0.0521247743135613,0.052141977382151275,東方花映塚,9.0,0.47368421052631576,0.6578947368421053
22,茨歌仙,0.0137600337650359,,,,,
23,萃夢想,0.0109228328239919,0.0121822864180942,東方萃夢想,9.0,0.47368421052631576,0.6842105263157895
24,虹龍洞,0.0,0.0,東方虹龍洞,9.0,0.47368421052631576,0.7105263157894737
25,輝針城,0.0,0.0002373754338819,東方輝針城,9.0,0.47368421052631576,0.7368421052631579
26,鈴奈庵,0.0,,,,,
27,靈異伝,0.0374502708237261,0.0021811667226513862,東方靈異伝,9.0,0.47368421052631576,0.7631578947368421
28,風神録,0.10706330162650521,0.1364460866644265,東方風神録,9.0,0.47368421052631576,0.8157894736842105
29,香霖堂,0.0061746246375339,,,,,
30,鬼形獣,0.0,0.0,東方鬼形獣,9.0,0.47368421052631576,0.8421052631578947
31,Cradle,,0.0041070428843354,Cradle,9.0,0.47368421052631576,0.0
32,トルテルマジック,,0.0006225506662187293,トルテルマジック,9.0,0.47368421052631576,0.05263157894736842
33,メニュー,,0.0005284962490202479,メニュー,9.0,0.47368421052631576,0.07894736842105263
34,弾幕アマノジャク,,0.0105475310715485,弾幕アマノジャク,9.0,0.47368421052631576,0.13157894736842105
35,夢時空,,0.010887918486171152,東方夢時空,9.0,0.47368421052631576,0.21052631578947367
36,幻想麻雀,,0.0013839435673496,東方幻想麻雀,9.0,0.47368421052631576,0.34210526315789475
37,文花帖,,0.0228820960698688,東方文花帖,9.0,0.47368421052631576,0.4473684210526316
38,非想天則,,0.08416974582913367,東方非想天則,9.0,0.47368421052631576,0.7894736842105263
39,神魔討綺伝 ,,0.0003717388870227,神魔討綺伝 ,9.0,0.47368421052631576,0.868421052631579
40,秋霜玉,,0.004030903594221919,秋霜玉,9.0,0.47368421052631576,0.8947368421052632
41,秘封ナイトメアダイアリー,,0.0,秘封ナイトメアダイアリー,9.0,0.47368421052631576,0.9210526315789473
42,稀翁玉,,0.00047027208599253323,稀翁玉,9.0,0.47368421052631576,0.9473684210526315
43,黄昏酒場,,0.0006942111745605,黄昏酒場,9.0,0.47368421052631576,0.9736842105263158
0,CD,0.020343836480003298,,,,,
1,ダブルスポイラー,0.0050432199677319,0.013974450626301359,ダブルスポイラー,11.0,0.5789473684210527,0.02631578947368421
2,儚月抄,0.0046799371734461,,,,,
3,剛欲異聞,0.0,0.0,東方剛欲異聞,11.0,0.5789473684210527,0.15789473684210525
4,地霊殿,0.1114156275710267,0.0949553973828978,東方地霊殿,11.0,0.5789473684210527,0.18421052631578946
5,天空璋,0.0,0.0,東方天空璋,11.0,0.5789473684210527,0.23684210526315788
6,妖々夢,0.0936895641674943,0.11213129021228867,東方妖々夢,11.0,0.5789473684210527,0.2631578947368421
7,妖精大戦争,0.0050378775736982,0.01833835825070665,妖精大戦争,11.0,0.5789473684210527,0.10526315789473684
8,封魔録,0.0386094816809308,0.001864917788207376,東方封魔録,11.0,0.5789473684210527,0.2894736842105263
9,幺樂団の歴史,0.0041937793163872,,,,,
10,幻想郷,0.0163744377130279,0.012432785254715827,東方幻想郷,11.0,0.5789473684210527,0.3157894736842105
11,心綺楼,0.0190242651537006,0.006732353215429,東方心綺楼,11.0,0.5789473684210527,0.3684210526315789
12,怪綺談,0.0264181384962229,0.014061480123083876,東方怪綺談,11.0,0.5789473684210527,0.39473684210526316
13,憑依華,0.0,0.0,東方憑依華,11.0,0.5789473684210527,0.42105263157894735
14,星蓮船,0.0593005737731189,0.0582351661330921,東方星蓮船,11.0,0.5789473684210527,0.47368421052631576
15,永夜抄,0.0841427060294255,0.0852143101358271,東方永夜抄,11.0,0.5789473684210527,0.5
16,深秘録,0.0072870254618499,0.0047120256115376,東方深秘録,11.0,0.5789473684210527,0.5263157894736842
17,神霊廟,0.048396747550511904,0.04503154819258296,東方神霊廟,11.0,0.5789473684210527,0.5526315789473685
18,紅魔郷,0.1550416172495214,0.1411929257451894,東方紅魔郷,11.0,0.5789473684210527,0.5789473684210527
19,紺珠伝,0.0,0.0,東方紺珠伝,11.0,0.5789473684210527,0.6052631578947368
20,緋想天,0.027614834759752502,0.009324588941037399,東方緋想天,11.0,0.5789473684210527,0.631578947368421
21,花映塚,0.0457202081396714,0.052429055419139656,東方花映塚,11.0,0.5789473684210527,0.6578947368421053
22,茨歌仙,0.0113953264736993,,,,,
23,萃夢想,0.0080029062623542,0.011742765673079799,東方萃夢想,11.0,0.5789473684210527,0.6842105263157895
24,虹龍洞,0.0,0.0,東方虹龍洞,11.0,0.5789473684210527,0.7105263157894737
25,輝針城,0.0480815463025288,0.05964628725950283,東方輝針城,11.0,0.5789473684210527,0.7368421052631579
26,鈴奈庵,0.0055667745830261,,,,,
27,靈異伝,0.0391704330544603,0.002554937369844092,東方靈異伝,11.0,0.5789473684210527,0.7631578947368421
28,風神録,0.07986879080253399,0.1019861374444401,東方風神録,11.0,0.5789473684210527,0.8157894736842105
29,香霖堂,0.0046371980211772,,,,,
30,鬼形獣,0.0,0.0,東方鬼形獣,11.0,0.5789473684210527,0.8421052631578947
31,Cradle,,0.0040966027414291,Cradle,11.0,0.5789473684210527,0.0
32,トルテルマジック,,0.0007521835079103502,トルテルマジック,11.0,0.5789473684210527,0.05263157894736842
33,メニュー,,0.0009138097162214502,メニュー,11.0,0.5789473684210527,0.07894736842105263
34,弾幕アマノジャク,,0.0245982656264566,弾幕アマノジャク,11.0,0.5789473684210527,0.13157894736842105
35,夢時空,,0.009647841357659784,東方夢時空,11.0,0.5789473684210527,0.21052631578947367
36,幻想麻雀,,0.0009138097162216,東方幻想麻雀,11.0,0.5789473684210527,0.34210526315789475
37,文花帖,,0.0179902402635747,東方文花帖,11.0,0.5789473684210527,0.4473684210526316
38,非想天則,,0.05898734964100281,東方非想天則,11.0,0.5789473684210527,0.7894736842105263
39,神魔討綺伝 ,,0.0002921704534858,神魔討綺伝 ,11.0,0.5789473684210527,0.868421052631579
40,秋霜玉,,0.0031019799210515345,秋霜玉,11.0,0.5789473684210527,0.8947368421052632
41,秘封ナイトメアダイアリー,,0.0,秘封ナイトメアダイアリー,11.0,0.5789473684210527,0.9210526315789473
42,稀翁玉,,0.0004289310912876754,稀翁玉,11.0,0.5789473684210527,0.9473684210526315
43,黄昏酒場,,0.0004786622323065,黄昏酒場,11.0,0.5789473684210527,0.9736842105263158
0,CD,0.0178897864162617,,,,,
1,ダブルスポイラー,0.0047779010358889,0.011428003268694534,ダブルスポイラー,12.0,0.631578947368421,0.02631578947368421
2,儚月抄,0.004537287314657,,,,,
3,剛欲異聞,0.0,0.0,東方剛欲異聞,12.0,0.631578947368421,0.15789473684210525
4,地霊殿,0.1002671749761726,0.0850202429149788,東方地霊殿,12.0,0.631578947368421,0.18421052631578946
5,天空璋,0.0,0.0,東方天空璋,12.0,0.631578947368421,0.23684210526315788
6,妖々夢,0.0898645375997995,0.1048716602297397,東方妖々夢,12.0,0.631578947368421,0.2631578947368421
7,妖精大戦争,0.0053372498164147,0.016334152578446646,妖精大戦争,12.0,0.631578947368421,0.10526315789473684
8,封魔録,0.0342765182882052,0.001910881460099501,東方封魔録,12.0,0.631578947368421,0.2894736842105263
9,幺樂団の歴史,0.0043466712497851,,,,,
10,幻想郷,0.0147711826008155,0.012201677225710082,東方幻想郷,12.0,0.631578947368421,0.3157894736842105
11,心綺楼,0.0176272987203724,0.0048346854502689,東方心綺楼,12.0,0.631578947368421,0.3684210526315789
12,怪綺談,0.0244801024951955,0.011546073993057994,東方怪綺談,12.0,0.631578947368421,0.39473684210526316
13,憑依華,0.0,0.0,東方憑依華,12.0,0.631578947368421,0.42105263157894735
14,星蓮船,0.0532756277049509,0.04962388260041372,東方星蓮船,12.0,0.631578947368421,0.47368421052631576
15,永夜抄,0.0755152102245203,0.0814750140597368,東方永夜抄,12.0,0.631578947368421,0.5
16,深秘録,0.0060434667124978,0.0025758060657281,東方深秘録,12.0,0.631578947368421,0.5263157894736842
17,神霊廟,0.042391762886114404,0.038661947980523526,東方神霊廟,12.0,0.631578947368421,0.5526315789473685
18,紅魔郷,0.1520678718185081,0.1602312943347795,東方紅魔郷,12.0,0.631578947368421,0.5789473684210527
19,紺珠伝,0.0584878833804661,0.06131599143676465,東方紺珠伝,12.0,0.631578947368421,0.6052631578947368
20,緋想天,0.0252081933659359,0.0087279122299519,東方緋想天,12.0,0.631578947368421,0.631578947368421
21,花映塚,0.0435479586894362,0.053834036061284146,東方花映塚,12.0,0.631578947368421,0.6578947368421053
22,茨歌仙,0.0098714122775494,,,,,
23,萃夢想,0.0086120963079855,0.006304355256166801,東方萃夢想,12.0,0.631578947368421,0.6842105263157895
24,虹龍洞,0.0,0.0,東方虹龍洞,12.0,0.631578947368421,0.7105263157894737
25,輝針城,0.0428261175257406,0.04683679208056051,東方輝針城,12.0,0.631578947368421,0.7368421052631579
26,鈴奈庵,0.0053997468868646,,,,,
27,靈異伝,0.0482071152914707,0.0022215938926362384,東方靈異伝,12.0,0.631578947368421,0.7631578947368421
28,風神録,0.0720403731075102,0.0971566705298569,東方風神録,12.0,0.631578947368421,0.8157894736842105
29,香霖堂,0.0038998171960689,,,,,
30,鬼形獣,0.0,0.0,東方鬼形獣,12.0,0.631578947368421,0.8421052631578947
31,Cradle,,0.0040019761310709,Cradle,12.0,0.631578947368421,0.0
32,トルテルマジック,,0.0006959958488818033,トルテルマジック,12.0,0.631578947368421,0.05263157894736842
33,メニュー,,0.0009228159246333689,メニュー,12.0,0.631578947368421,0.07894736842105263
34,弾幕アマノジャク,,0.019668096979563898,弾幕アマノジャク,12.0,0.631578947368421,0.13157894736842105
35,夢時空,,0.008634698500190682,東方夢時空,12.0,0.631578947368421,0.21052631578947367
36,幻想麻雀,,0.0006742459786043,東方幻想麻雀,12.0,0.631578947368421,0.34210526315789475
37,文花帖,,0.017499324200459,東方文花帖,12.0,0.631578947368421,0.4473684210526316
38,非想天則,,0.06545778816247709,東方非想天則,12.0,0.631578947368421,0.7894736842105263
39,神魔討綺伝 ,,0.0001802132108712,神魔討綺伝 ,12.0,0.631578947368421,0.868421052631579
40,秋霜玉,,0.0026224129306084316,秋霜玉,12.0,0.631578947368421,0.8947368421052632
41,秘封ナイトメアダイアリー,,0.0055213599261747,秘封ナイトメアダイアリー,12.0,0.631578947368421,0.9210526315789473
42,稀翁玉,,0.00041946178392423785,稀翁玉,12.0,0.631578947368421,0.9473684210526315
43,黄昏酒場,,0.0004412116542019,黄昏酒場,12.0,0.631578947368421,0.9736842105263158
0,CD,0.0188874495333843,,,,,
1,ダブルスポイラー,0.0058426083639563,0.011256614943044,ダブルスポイラー,13.0,0.6842105263157895,0.02631578947368421
2,儚月抄,0.0048568806438574995,,,,,
3,剛欲異聞,0.0,0.0,東方剛欲異聞,13.0,0.6842105263157895,0.15789473684210525
4,地霊殿,0.0971791569573112,0.0817263132717425,東方地霊殿,13.0,0.6842105263157895,0.18421052631578946
5,天空璋,0.0,0.0,東方天空璋,13.0,0.6842105263157895,0.23684210526315788
6,妖々夢,0.0924506852884853,0.10465437856907853,東方妖々夢,13.0,0.6842105263157895,0.2631578947368421
7,妖精大戦争,0.0054724883770993,0.015659102460608802,妖精大戦争,13.0,0.6842105263157895,0.10526315789473684
8,封魔録,0.0339528436922867,0.0022311418064397495,東方封魔録,13.0,0.6842105263157895,0.2894736842105263
9,幺樂団の歴史,0.0048266667673795,,,,,
10,幻想郷,0.0137699742049029,0.012239513259783423,東方幻想郷,13.0,0.6842105263157895,0.3157894736842105
11,心綺楼,0.0168782267475895,0.005146201453045,東方心綺楼,13.0,0.6842105263157895,0.3684210526315789
12,怪綺談,0.0247867089157372,0.012359105450413497,東方怪綺談,13.0,0.6842105263157895,0.39473684210526316
13,憑依華,0.0,0.0,東方憑依華,13.0,0.6842105263157895,0.42105263157894735
14,星蓮船,0.0540526250193553,0.04808353514515417,東方星蓮船,13.0,0.6842105263157895,0.47368421052631576
15,永夜抄,0.0791339192307544,0.0828998116422988,東方永夜抄,13.0,0.6842105263157895,0.5
16,深秘録,0.0058501618330758,0.0017452985320058,東方深秘録,13.0,0.6842105263157895,0.5263157894736842
17,神霊廟,0.0405810128446738,0.037260441893143474,東方神霊廟,13.0,0.6842105263157895,0.5526315789473685
18,紅魔郷,0.1516056786980837,0.1594425509014255,東方紅魔郷,13.0,0.6842105263157895,0.5789473684210527
19,紺珠伝,0.054619135203320096,0.060592130833855964,東方紺珠伝,13.0,0.6842105263157895,0.6052631578947368
20,緋想天,0.0239293901706705,0.0087377044279008,東方緋想天,13.0,0.6842105263157895,0.631578947368421
21,花映塚,0.0441764641455703,0.05426495649833995,東方花映塚,13.0,0.6842105263157895,0.6578947368421053
22,茨歌仙,0.0088413356044097,,,,,
23,萃夢想,0.0078971519644684,0.0063084880557298,東方萃夢想,13.0,0.6842105263157895,0.6842105263157895
24,虹龍洞,0.0,0.0,東方虹龍洞,13.0,0.6842105263157895,0.7105263157894737
25,輝針城,0.042586458895909,0.04477232636708748,東方輝針城,13.0,0.6842105263157895,0.7368421052631579
26,鈴奈庵,0.0058539385676356,,,,,
27,靈異伝,0.0403128646909309,0.0026534517296018818,東方靈異伝,13.0,0.6842105263157895,0.7631578947368421
28,風神録,0.0762522707616536,0.0963875683917832,東方風神録,13.0,0.6842105263157895,0.8157894736842105
29,香霖堂,0.0040939802627851,,,,,
30,鬼形獣,0.0,0.0,東方鬼形獣,13.0,0.6842105263157895,0.8421052631578947
31,Cradle,,0.0044398600771369,Cradle,13.0,0.6842105263157895,0.0
32,トルテルマジック,,0.0007848237510090219,トルテルマジック,13.0,0.6842105263157895,0.05263157894736842
33,メニュー,,0.00078856100696595,メニュー,13.0,0.6842105263157895,0.07894736842105263
34,弾幕アマノジャク,,0.0203717822226206,弾幕アマノジャク,13.0,0.6842105263157895,0.13157894736842105
35,夢時空,,0.008838610338744321,東方夢時空,13.0,0.6842105263157895,0.21052631578947367
36,幻想麻雀,,0.0007026041199509,東方幻想麻雀,13.0,0.6842105263157895,0.34210526315789475
37,文花帖,,0.0178005501240764,東方文花帖,13.0,0.6842105263157895,0.4473684210526316
38,非想天則,,0.06425090441594106,東方非想天則,13.0,0.6842105263157895,0.7894736842105263
39,神魔討綺伝 ,,0.0001831255419021,神魔討綺伝 ,13.0,0.6842105263157895,0.868421052631579
40,秋霜玉,,0.0028440517834182615,秋霜玉,13.0,0.6842105263157895,0.8947368421052632
41,秘封ナイトメアダイアリー,,0.0052358955960175,秘封ナイトメアダイアリー,13.0,0.6842105263157895,0.9210526315789473
42,稀翁玉,,0.0003812001076329598,稀翁玉,13.0,0.6842105263157895,0.9473684210526315
43,黄昏酒場,,0.0005269530899632,黄昏酒場,13.0,0.6842105263157895,0.9736842105263158
0,CD,0.0186332677994663,,,,,
1,ダブルスポイラー,0.0051300730234517,0.010465777832661996,ダブルスポイラー,14.0,0.7368421052631579,0.02631578947368421
2,儚月抄,0.0039846931610726995,,,,,
3,剛欲異聞,0.0,0.0,東方剛欲異聞,14.0,0.7368421052631579,0.15789473684210525
4,地霊殿,0.089150926836118,0.0762286152801226,東方地霊殿,14.0,0.7368421052631579,0.18421052631578946
5,天空璋,0.0025847844403875,0.038286311574099806,東方天空璋,14.0,0.7368421052631579,0.23684210526315788
6,妖々夢,0.0916611079904503,0.09912719029368469,東方妖々夢,14.0,0.7368421052631579,0.2631578947368421
7,妖精大戦争,0.0050774118803538,0.014558589391326279,妖精大戦争,14.0,0.7368421052631579,0.10526315789473684
8,封魔録,0.0324129335767448,0.00192732613268962,東方封魔録,14.0,0.7368421052631579,0.2894736842105263
9,幺樂団の歴史,0.0043050484482516,,,,,
10,幻想郷,0.0124060876281421,0.01147133929319512,東方幻想郷,14.0,0.7368421052631579,0.3157894736842105
11,心綺楼,0.0160002106445723,0.0049351897997256,東方心綺楼,14.0,0.7368421052631579,0.3684210526315789
12,怪綺談,0.0225916303889903,0.011912375021500141,東方怪綺談,14.0,0.7368421052631579,0.39473684210526316
13,憑依華,0.0,0.0099674074596783,東方憑依華,14.0,0.7368421052631579,0.42105263157894735
14,星蓮船,0.0483912020783595,0.044271166407189706,東方星蓮船,14.0,0.7368421052631579,0.47368421052631576
15,永夜抄,0.071970228900435,0.077670802111678,東方永夜抄,14.0,0.7368421052631579,0.5
16,深秘録,0.0061438000280859,0.0015568561209143,東方深秘録,14.0,0.7368421052631579,0.5263157894736842
17,神霊廟,0.0395265763235497,0.035992925786917034,東方神霊廟,14.0,0.7368421052631579,0.5526315789473685
18,紅魔郷,0.1442169288021341,0.14818800471026058,東方紅魔郷,14.0,0.7368421052631579,0.5789473684210527
19,紺珠伝,0.0546798202499646,0.05990588297557918,東方紺珠伝,14.0,0.7368421052631579,0.6052631578947368
20,緋想天,0.0263700674062631,0.0101658735374151,東方緋想天,14.0,0.7368421052631579,0.631578947368421
21,花映塚,0.0408650470439543,0.05179523593206233,東方花映塚,14.0,0.7368421052631579,0.6578947368421053
22,茨歌仙,0.0073374526049712,,,,,
23,萃夢想,0.008061543322567,0.0062053726972421,東方萃夢想,14.0,0.7368421052631579,0.6842105263157895
24,虹龍洞,0.0,0.0,東方虹龍洞,14.0,0.7368421052631579,0.7105263157894737
25,輝針城,0.0410800800449372,0.04458871213156894,東方輝針城,14.0,0.7368421052631579,0.7368421052631579
26,鈴奈庵,0.0059550975986518,,,,,
27,靈異伝,0.0376263867434349,0.00293288759322361,東方靈異伝,14.0,0.7368421052631579,0.7631578947368421
28,風神録,0.0709784440387582,0.08837914959490777,東方風神録,14.0,0.7368421052631579,0.8157894736842105
29,香霖堂,0.0038310981603707,,,,,
30,鬼形獣,0.0,0.0,東方鬼形獣,14.0,0.7368421052631579,0.8421052631578947
31,Cradle,,0.0041721979897591,Cradle,14.0,0.7368421052631579,0.0
32,トルテルマジック,,0.0007453503808343005,トルテルマジック,14.0,0.7368421052631579,0.05263157894736842
33,メニュー,,0.000890892171174518,メニュー,14.0,0.7368421052631579,0.07894736842105263
34,弾幕アマノジャク,,0.0187131459519532,弾幕アマノジャク,14.0,0.7368421052631579,0.13157894736842105
35,夢時空,,0.008234137047441812,東方夢時空,14.0,0.7368421052631579,0.21052631578947367
36,幻想麻雀,,0.0006350914487582,東方幻想麻雀,14.0,0.7368421052631579,0.34210526315789475
37,文花帖,,0.0150966529798577,東方文花帖,14.0,0.7368421052631579,0.4473684210526316
38,非想天則,,0.061753822677174476,東方非想天則,14.0,0.7368421052631579,0.7894736842105263
39,神魔討綺伝 ,,0.000211697149586,神魔討綺伝 ,14.0,0.7368421052631579,0.868421052631579
40,秋霜玉,,0.002659445441674975,秋霜玉,14.0,0.7368421052631579,0.8947368421052632
41,秘封ナイトメアダイアリー,,0.0141131433057389,秘封ナイトメアダイアリー,14.0,0.7368421052631579,0.9210526315789473
42,稀翁玉,,0.00038811144090782296,稀翁玉,14.0,0.7368421052631579,0.9473684210526315
43,黄昏酒場,,0.000511601444833,黄昏酒場,14.0,0.7368421052631579,0.9736842105263158
0,CD,0.0200855327743987,,,,,
1,ダブルスポイラー,0.005224495322779,0.010955538352798295,ダブルスポイラー,15.0,0.7894736842105263,0.02631578947368421
2,儚月抄,0.0053204093837801005,,,,,
3,剛欲異聞,0.0,0.0,東方剛欲異聞,15.0,0.7894736842105263,0.15789473684210525
4,地霊殿,0.0894426828855458,0.0768738850930622,東方地霊殿,15.0,0.7894736842105263,0.18421052631578946
5,天空璋,0.0026348156757427,0.03142494923316768,東方天空璋,15.0,0.7894736842105263,0.23684210526315788
6,妖々夢,0.0938942237167257,0.09778645395083668,東方妖々夢,15.0,0.7894736842105263,0.2631578947368421
7,妖精大戦争,0.0063641800476183005,0.013732287704889833,妖精大戦争,15.0,0.7894736842105263,0.10526315789473684
8,封魔録,0.0335699213504699,0.002266276238878669,東方封魔録,15.0,0.7894736842105263,0.2894736842105263
9,幺樂団の歴史,0.0042766387199422,,,,,
10,幻想郷,0.0119610476072262,0.011510888223216203,東方幻想郷,15.0,0.7894736842105263,0.3157894736842105
11,心綺楼,0.0153744597781564,0.0045606004510113,東方心綺楼,15.0,0.7894736842105263,0.3684210526315789
12,怪綺談,0.0220489500231322,0.012599149585450243,東方怪綺談,15.0,0.7894736842105263,0.39473684210526316
13,憑依華,0.0,0.0138444795979042,東方憑依華,15.0,0.7894736842105263,0.42105263157894735
14,星蓮船,0.0472404960449549,0.04328363232472753,東方星蓮船,15.0,0.7894736842105263,0.47368421052631576
15,永夜抄,0.071061035194818,0.0768346179305073,東方永夜抄,15.0,0.7894736842105263,0.5
16,深秘録,0.0066293542162692,0.0012565492017546,東方深秘録,15.0,0.7894736842105263,0.5263157894736842
17,神霊廟,0.0375249658658779,0.034280232910369,東方神霊廟,15.0,0.7894736842105263,0.5526315789473685
18,紅魔郷,0.1522268988163072,0.1506344451549923,東方紅魔郷,15.0,0.7894736842105263,0.5789473684210527
19,紺珠伝,0.0525496214215588,0.05939438816151078,東方紺珠伝,15.0,0.7894736842105263,0.6052631578947368
20,緋想天,0.024452443551754,0.0091941256324817,東方緋想天,15.0,0.7894736842105263,0.631578947368421
21,花映塚,0.0425689170738311,0.051193160782201146,東方花映塚,15.0,0.7894736842105263,0.6578947368421053
22,茨歌仙,0.0071935545751007,,,,,
23,萃夢想,0.0082203992281739,0.0060639718173964,東方萃夢想,15.0,0.7894736842105263,0.6842105263157895
24,虹龍洞,0.0,0.0,東方虹龍洞,15.0,0.7894736842105263,0.7105263157894737
25,輝針城,0.0385743785333044,0.042554385020137794,東方輝針城,15.0,0.7894736842105263,0.7368421052631579
26,鈴奈庵,0.005405039437605,,,,,
27,靈異伝,0.0388564787127204,0.0032760032760030745,東方靈異伝,15.0,0.7894736842105263,0.7631578947368421
28,風神録,0.0692838040644988,0.0901069188740414,東方風神録,15.0,0.7894736842105263,0.8157894736842105
29,香霖堂,0.0034529061960483,,,,,
30,鬼形獣,0.0,0.0,東方鬼形獣,15.0,0.7894736842105263,0.8421052631578947
31,Cradle,,0.0040389081484971,Cradle,15.0,0.7894736842105263,0.0
32,トルテルマジック,,0.0007516856831924352,トルテルマジック,15.0,0.7894736842105263,0.05263157894736842
33,メニュー,,0.0011331381194393596,メニュー,15.0,0.7894736842105263,0.07894736842105263
34,弾幕アマノジャク,,0.0179170453143052,弾幕アマノジャク,15.0,0.7894736842105263,0.13157894736842105
35,夢時空,,0.008610727788809495,東方夢時空,15.0,0.7894736842105263,0.21052631578947367
36,幻想麻雀,,0.0005833978436718,東方幻想麻雀,15.0,0.7894736842105263,0.34210526315789475
37,文花帖,,0.015656378670077,東方文花帖,15.0,0.7894736842105263,0.4473684210526316
38,非想天則,,0.06243478846218527,東方非想天則,15.0,0.7894736842105263,0.7894736842105263
39,神魔討綺伝 ,,0.0002973085164865,神魔討綺伝 ,15.0,0.7894736842105263,0.868421052631579
40,秋霜玉,,0.0031357634097356757,秋霜玉,15.0,0.7894736842105263,0.8947368421052632
41,秘封ナイトメアダイアリー,,0.0157349129951866,秘封ナイトメアダイアリー,15.0,0.7894736842105263,0.9210526315789473
42,稀翁玉,,0.0005273018971648122,稀翁玉,15.0,0.7894736842105263,0.9473684210526315
43,黄昏酒場,,0.0004824251399593,黄昏酒場,15.0,0.7894736842105263,0.9736842105263158
0,CD,0.0178607973355269,,,,,
1,ダブルスポイラー,0.0041090668325274,0.009734764673166918,ダブルスポイラー,16.0,0.8421052631578947,0.02631578947368421
2,儚月抄,0.0046186874260146,,,,,
3,剛欲異聞,0.0,0.0,東方剛欲異聞,16.0,0.8421052631578947,0.15789473684210525
4,地霊殿,0.09144278806604961,0.0765017264903223,東方地霊殿,16.0,0.8421052631578947,0.18421052631578946
5,天空璋,0.0026002688549587,0.023490671350662948,東方天空璋,16.0,0.8421052631578947,0.23684210526315788
6,妖々夢,0.0994522581810151,0.09476291266719673,東方妖々夢,16.0,0.8421052631578947,0.2631578947368421
7,妖精大戦争,0.0063521999959871,0.011919385105369657,妖精大戦争,16.0,0.8421052631578947,0.10526315789473684
8,封魔録,0.0346140727513492,0.0023446658851111633,東方封魔録,16.0,0.8421052631578947,0.2894736842105263
9,幺樂団の歴史,0.0042535262133584,,,,,
10,幻想郷,0.0108344535623282,0.011459254428256667,東方幻想郷,16.0,0.8421052631578947,0.3157894736842105
11,心綺楼,0.0149234565919624,0.0035129976913443,東方心綺楼,16.0,0.8421052631578947,0.3684210526315789
12,怪綺談,0.0190565999879617,0.011715327152910735,東方怪綺談,16.0,0.8421052631578947,0.39473684210526316
13,憑依華,0.0,0.0107190442085552,東方憑依華,16.0,0.8421052631578947,0.42105263157894735
14,星蓮船,0.0430689592905436,0.03996334959128295,東方星蓮船,16.0,0.8421052631578947,0.47368421052631576
15,永夜抄,0.0700587869424767,0.07613762308495539,東方永夜抄,16.0,0.8421052631578947,0.5
16,深秘録,0.004670853313537,0.0011563283972648,東方深秘録,16.0,0.8421052631578947,0.5263157894736842
17,神霊廟,0.0380209064826143,0.03333346670454325,東方神霊廟,16.0,0.8421052631578947,0.5526315789473685
18,紅魔郷,0.1592985694508533,0.158557030196575,東方紅魔郷,16.0,0.8421052631578947,0.5789473684210527
19,紺珠伝,0.0446299231556347,0.052983047185399854,東方紺珠伝,16.0,0.8421052631578947,0.6052631578947368
20,緋想天,0.0197748841315382,0.0078062169656181,東方緋想天,16.0,0.8421052631578947,0.631578947368421
21,花映塚,0.0417969141871148,0.051182535840177984,東方花映塚,16.0,0.8421052631578947,0.6578947368421053
22,茨歌仙,0.0091852089645071,,,,,
23,萃夢想,0.0098713910234545,0.005345518127148,東方萃夢想,16.0,0.8421052631578947,0.6842105263157895
24,虹龍洞,0.0,0.0,東方虹龍洞,16.0,0.8421052631578947,0.7105263157894737
25,輝針城,0.0329046367448481,0.037926771203021,東方輝針城,16.0,0.8421052631578947,0.7368421052631579
26,鈴奈庵,0.005228627033968,,,,,
27,靈異伝,0.0357657350374189,0.0032129124671403954,東方靈異伝,16.0,0.8421052631578947,0.7631578947368421
28,風神録,0.068349350935976,0.08871319454725039,東方風神録,16.0,0.8421052631578947,0.8157894736842105
29,香霖堂,0.0039204670853313,,,,,
30,鬼形獣,0.030436788988984703,0.01712086232489963,東方鬼形獣,16.0,0.8421052631578947,0.8421052631578947
31,Cradle,,0.0033649556474038,Cradle,16.0,0.8421052631578947,0.0
32,トルテルマジック,,0.0007322079470568192,トルテルマジック,16.0,0.8421052631578947,0.05263157894736842
33,メニュー,,0.0010562999891967826,メニュー,16.0,0.8421052631578947,0.07894736842105263
34,弾幕アマノジャク,,0.0166487282388195,弾幕アマノジャク,16.0,0.8421052631578947,0.13157894736842105
35,夢時空,,0.008610445366483484,東方夢時空,16.0,0.8421052631578947,0.21052631578947367
36,幻想麻雀,,0.0006561863569253,東方幻想麻雀,16.0,0.8421052631578947,0.34210526315789475
37,文花帖,,0.0138199248586596,東方文花帖,16.0,0.8421052631578947,0.4473684210526316
38,非想天則,,0.062373714134813754,東方非想天則,16.0,0.8421052631578947,0.7894736842105263
39,神魔討綺伝 ,,0.0002600738609765,神魔討綺伝 ,16.0,0.8421052631578947,0.868421052631579
40,秋霜玉,,0.0025607272465375495,秋霜玉,16.0,0.8421052631578947,0.8947368421052632
41,秘封ナイトメアダイアリー,,0.010839078298236425,秘封ナイトメアダイアリー,16.0,0.8421052631578947,0.9210526315789473
42,稀翁玉,,0.0005041431766620704,稀翁玉,16.0,0.8421052631578947,0.9473684210526315
43,黄昏酒場,,0.0004441261318214,黄昏酒場,16.0,0.8421052631578947,0.9736842105263158
0,CD,0.012866048255477498,,,,,
1,ダブルスポイラー,0.0037146252975685,0.008427402044077582,ダブルスポイラー,17.0,0.8947368421052632,0.02631578947368421
2,儚月抄,0.0056065893017404,,,,,
3,剛欲異聞,0.0,0.0,東方剛欲異聞,17.0,0.8947368421052632,0.15789473684210525
4,地霊殿,0.0867392728066555,0.0670945304861982,東方地霊殿,17.0,0.8947368421052632,0.18421052631578946
5,天空璋,0.0016944512784617,0.020491285792106476,東方天空璋,17.0,0.8947368421052632,0.23684210526315788
6,妖々夢,0.1046124419156651,0.1010891407008153,東方妖々夢,17.0,0.8947368421052632,0.2631578947368421
7,妖精大戦争,0.0045323972847197,0.009549372093610153,妖精大戦争,17.0,0.8947368421052632,0.10526315789473684
8,封魔録,0.0409440415261843,0.0020094447510918692,東方封魔録,17.0,0.8947368421052632,0.2894736842105263
9,幺樂団の歴史,0.0031775292890581,,,,,
10,幻想郷,0.011570087563975,0.012449899166999328,東方幻想郷,17.0,0.8947368421052632,0.3157894736842105
11,心綺楼,0.0151183863556823,0.0036328740832132,東方心綺楼,17.0,0.8947368421052632,0.3684210526315789
12,怪綺談,0.0194324801014591,0.0099029189259385,東方怪綺談,17.0,0.8947368421052632,0.39473684210526316
13,憑依華,0.0,0.0099534256162718,東方憑依華,17.0,0.8947368421052632,0.42105263157894735
14,星蓮船,0.040552481210302,0.03425796652849408,東方星蓮船,17.0,0.8947368421052632,0.47368421052631576
15,永夜抄,0.0717976083634508,0.0789167036447783,東方永夜抄,17.0,0.8947368421052632,0.5
16,深秘録,0.0047992127212055,0.0011616538776511,東方深秘録,17.0,0.8947368421052632,0.5263157894736842
17,神霊廟,0.0364393653257744,0.02955362908608058,東方神霊廟,17.0,0.8947368421052632,0.5526315789473685
18,紅魔郷,0.1648295673085251,0.1779170319382656,東方紅魔郷,17.0,0.8947368421052632,0.5789473684210527
19,紺珠伝,0.0421914903201435,0.048122053024808674,東方紺珠伝,17.0,0.8947368421052632,0.6052631578947368
20,緋想天,0.0199210642124266,0.0080846780739633,東方緋想天,17.0,0.8947368421052632,0.631578947368421
21,花映塚,0.0385323071911955,0.059146942000280756,東方花映塚,17.0,0.8947368421052632,0.6578947368421053
22,茨歌仙,0.0075886468299207,,,,,
23,萃夢想,0.0093004237860763,0.0047764898571742,東方萃夢想,17.0,0.8947368421052632,0.6842105263157895
24,虹龍洞,0.026702334461812,0.03040502758025964,東方虹龍洞,17.0,0.8947368421052632,0.7105263157894737
25,輝針城,0.029893724293025403,0.031249210832962754,東方輝針城,17.0,0.8947368421052632,0.7368421052631579
26,鈴奈庵,0.0038982774811236,,,,,
27,靈異伝,0.0395164056842083,0.003041224282173241,東方靈異伝,17.0,0.8947368421052632,0.7631578947368421
28,風神録,0.064659429153571,0.0841116775075659,東方風神録,17.0,0.8947368421052632,0.8157894736842105
29,香霖堂,0.0034755309453929,,,,,
30,鬼形獣,0.021771446590133,0.011172801425731077,東方鬼形獣,17.0,0.8947368421052632,0.8421052631578947
31,Cradle,,0.0034200244596686,Cradle,17.0,0.8947368421052632,0.0
32,トルテルマジック,,0.0006241183876821233,トルテルマジック,17.0,0.8947368421052632,0.05263157894736842
33,メニュー,,0.0010426023932953701,メニュー,17.0,0.8947368421052632,0.07894736842105263
34,弾幕アマノジャク,,0.0152494128597245,弾幕アマノジャク,17.0,0.8947368421052632,0.13157894736842105
35,夢時空,,0.007547142583993952,東方夢時空,17.0,0.8947368421052632,0.21052631578947367
36,幻想麻雀,,0.0004148763848754,東方幻想麻雀,17.0,0.8947368421052632,0.34210526315789475
37,文花帖,,0.0125436973061891,東方文花帖,17.0,0.8947368421052632,0.4473684210526316
38,非想天則,,0.06185987279529223,東方非想天則,17.0,0.8947368421052632,0.7894736842105263
39,神魔討綺伝 ,,0.0001623429332121,神魔討綺伝 ,17.0,0.8947368421052632,0.868421052631579
40,秋霜玉,,0.0023449534797303695,秋霜玉,17.0,0.8947368421052632,0.8947368421052632
41,秘封ナイトメアダイアリー,,0.009278800538256658,秘封ナイトメアダイアリー,17.0,0.8947368421052632,0.9210526315789473
42,稀翁玉,,0.0003932306604470288,稀翁玉,17.0,0.8947368421052632,0.9473684210526315
43,黄昏酒場,,0.0003355087286383,黄昏酒場,17.0,0.8947368421052632,0.9736842105263158
0,CD,0.011755559096478501,,,,,
1,ダブルスポイラー,0.0032994686783993,0.006937978234369552,ダブルスポイラー,18.0,0.9473684210526315,0.02631578947368421
2,儚月抄,0.00491211490173,,,,,
3,剛欲異聞,0.0,0.0046174859375229,東方剛欲異聞,18.0,0.9473684210526315,0.15789473684210525
4,地霊殿,0.0858548673344355,0.07012292734509175,東方地霊殿,18.0,0.9473684210526315,0.18421052631578946
5,天空璋,0.0020824290243352,0.017688613432418624,東方天空璋,18.0,0.9473684210526315,0.23684210526315788
6,妖々夢,0.099269776207561,0.098189134808852,東方妖々夢,18.0,0.9473684210526315,0.2631578947368421
7,妖精大戦争,0.0039752965675634005,0.0085505735140767,妖精大戦争,18.0,0.9473684210526315,0.10526315789473684
8,封魔録,0.0455442062868477,0.002035571090778056,東方封魔録,18.0,0.9473684210526315,0.2894736842105263
9,幺樂団の歴史,0.0026373771284457,,,,,
10,幻想郷,0.0111484129033676,0.011484968203380203,東方幻想郷,18.0,0.9473684210526315,0.3157894736842105
11,心綺楼,0.0136429321040225,0.0031870052431375003,東方心綺楼,18.0,0.9473684210526315,0.3684210526315789
12,怪綺談,0.018980873521283,0.008823745392059731,東方怪綺談,18.0,0.9473684210526315,0.39473684210526316
13,憑依華,0.0,0.0097431303147351,東方憑依華,18.0,0.9473684210526315,0.42105263157894735
14,星蓮船,0.036769432799081,0.03154107124498728,東方星蓮船,18.0,0.9473684210526315,0.47368421052631576
15,永夜抄,0.070975664701454,0.0798660576598269,東方永夜抄,18.0,0.9473684210526315,0.5
16,深秘録,0.0041373853702492,0.0009751942310799,東方深秘録,18.0,0.9473684210526315,0.5263157894736842
17,神霊廟,0.0347062346496406,0.02700289327204025,東方神霊廟,18.0,0.9473684210526315,0.5526315789473685
18,紅魔郷,0.1859158566805308,0.2096843836743078,東方紅魔郷,18.0,0.9473684210526315,0.5789473684210527
19,紺珠伝,0.0411320941323849,0.04297610480400555,東方紺珠伝,18.0,0.9473684210526315,0.6052631578947368
20,緋想天,0.018662190451595798,0.006788174301282,東方緋想天,18.0,0.9473684210526315,0.631578947368421
21,花映塚,0.0365716295144478,0.057665702242652356,東方花映塚,18.0,0.9473684210526315,0.6578947368421053
22,茨歌仙,0.007865427832021,,,,,
23,萃夢想,0.0091374128429277,0.004329627399433,東方萃夢想,18.0,0.9473684210526315,0.6842105263157895
24,虹龍洞,0.0215523162215172,0.020699378754276774,東方虹龍洞,18.0,0.9473684210526315,0.7105263157894737
25,輝針城,0.0265001456051952,0.02470296229934275,東方輝針城,18.0,0.9473684210526315,0.7368421052631579
26,鈴奈庵,0.0034670520167693,,,,,
27,靈異伝,0.0430744124967719,0.002611288166957852,東方靈異伝,18.0,0.9473684210526315,0.7631578947368421
28,風神録,0.0659701426930915,0.0894270733892399,東方風神録,18.0,0.9473684210526315,0.8157894736842105
29,香霖堂,0.0035110083022434,,,,,
30,鬼形獣,0.0190220825389147,0.008782622743761325,東方鬼形獣,18.0,0.9473684210526315,0.8421052631578947
31,Cradle,,0.0030753866263273,Cradle,18.0,0.9473684210526315,0.0
32,トルテルマジック,,0.0007460823334165262,トルテルマジック,18.0,0.9473684210526315,0.05263157894736842
33,メニュー,,0.0009164475906533021,メニュー,18.0,0.9473684210526315,0.07894736842105263
34,弾幕アマノジャク,,0.0127068983242518,弾幕アマノジャク,18.0,0.9473684210526315,0.13157894736842105
35,夢時空,,0.006676555684471482,東方夢時空,18.0,0.9473684210526315,0.21052631578947367
36,幻想麻雀,,0.0004229758110708,東方幻想麻雀,18.0,0.9473684210526315,0.34210526315789475
37,文花帖,,0.0113733495865702,東方文花帖,18.0,0.9473684210526315,0.4473684210526316
38,非想天則,,0.06278253462380055,東方非想天則,18.0,0.9473684210526315,0.7894736842105263
39,神魔討綺伝 ,,0.0001938639134074,神魔討綺伝 ,18.0,0.9473684210526315,0.868421052631579
40,秋霜玉,,0.002261745656419953,秋霜玉,18.0,0.9473684210526315,0.8947368421052632
41,秘封ナイトメアダイアリー,,0.008104099046835424,秘封ナイトメアダイアリー,18.0,0.9473684210526315,0.9210526315789473
42,稀翁玉,,0.00039360249085747804,稀翁玉,18.0,0.9473684210526315,0.9473684210526315
43,黄昏酒場,,0.0003054825302178,黄昏酒場,18.0,0.9473684210526315,0.9736842105263158
