charid,名前,1,2,3,4,5,6,7,8,9,10,11,12,13,14,15,16,17,18
0,十六夜 咲夜,0.1746323529411764,0.1485383197260995,0.1194365046957942,0.0663893321176202,0.0439863884859979,0.0418145015431267,0.0344213317589336,0.0343493718890732,0.0337454960412058,0.0322358375640113,0.0333418811637871,0.0318578816617971,0.0312789156239732,0.0286520502738379,0.0288814163685808,0.0315122088240605,0.0347033324208476,0.0378765817394601
1,霧雨 魔理沙,0.1746323529411764,0.1401106136423492,0.1602694977541854,0.0741395030772737,0.0539300457436126,0.0414065927299874,0.0344366007217129,0.0319981038160701,0.0313733459431152,0.0358022853929983,0.0386094816809308,0.0342765182882052,0.0339528436922867,0.0324129335767448,0.0335699213504699,0.0346140727513492,0.0409440415261843,0.0455442062868477
2,博麗 霊夢,0.1139705882352941,0.0771661838293389,0.0869742752143732,0.070948256211534,0.0547668191453754,0.0441695977095535,0.0393481170824065,0.0387532590661294,0.0374502708237261,0.0403168460915149,0.0391704330544603,0.0482071152914707,0.0403128646909309,0.0376263867434349,0.0388564787127204,0.0357657350374189,0.0395164056842083,0.0430744124967719
3,チルノ,0.09375,0.0171187779826178,0.0108207431604736,0.0188055618873945,0.0289384134776302,0.0200414065927299,0.0165057487644864,0.0151505095994311,0.0140843969580203,0.0110576419550969,0.0110801252257161,0.0102338952861584,0.0101178718856102,0.0109227987642185,0.0127734961239435,0.012118536947493,0.0146436627868699,0.0160715168764663
4,パチュリー・ノーレッジ,0.0845588235294117,0.0513563339478535,0.0212331563903634,0.0423410075222247,0.0345029565993528,0.026552554817557,0.0216768374924291,0.0203744963261436,0.0186684695528477,0.0167518314564005,0.0150815783568932,0.0140462165835976,0.0138832762416959,0.0132618312034826,0.0136141546586023,0.0141730703637567,0.0143040795040698,0.0142693091720284
5,橙,0.0790441176470588,0.037397945746642,0.0112290730910575,0.0089468885343059,0.0128305254936963,0.0107672533883368,0.0085709777734798,0.0073240104290116,0.0063973800833183,0.0052035962141632,0.0057537583742026,0.0058184772588784,0.0056348879631692,0.0052968333099283,0.0051285812617776,0.0051764611464456,0.0043799313210136,0.0048901367589931
6,フランドール・スカーレット,0.0588235294117647,0.0244930208058993,0.0195998366680277,0.0264987462958741,0.0348237197366953,0.0281226189285082,0.0273059951037526,0.0282578810144584,0.0305761159266235,0.0302514152789491,0.0319047771687448,0.0307610580754027,0.030976776859192,0.0285116205589102,0.0294625427381771,0.0340964266367047,0.0358121757932561,0.0459425601239567
7,レミリア・スカーレット,0.0514705882352941,0.042665262048986,0.0355247039608003,0.0392067472076589,0.0429962066272453,0.038058661905165,0.034339897290777,0.0328039819862526,0.0320650602221301,0.0280520139130051,0.0284589330170636,0.0284080433729668,0.0284501414387092,0.0276646538407527,0.0307658455670777,0.0332818362392407,0.0328564151786797,0.0356622838587025
8,アリス・マーガトロイド,0.0496323529411764,0.0484593099815643,0.0365455287872601,0.0523706405288351,0.0358975789356242,0.0312858363285128,0.0317492632725458,0.0302109504621948,0.0362075299156655,0.0296726254458059,0.0264181384962229,0.0244801024951955,0.0247867089157372,0.0225916303889903,0.0220489500231322,0.0190565999879617,0.0194324801014591,0.018980873521283
9,魅魔,0.025735294117647,0.0050039504872267,0.0026541445487954,0.0025074082516526,0.0073217672654245,0.0063110420146077,0.0051456404566437,0.0045176582128466,0.0034898353172897,0.0031475142354737,0.0028581808079836,0.0025311313532178,0.0027758999014272,0.0027296025839067,0.0027532977510973,0.0031901446600188,0.0033195998461479,0.0034780410881378
10,紅 美鈴,0.0165441176470588,0.0431919936792204,0.0253164556962025,0.0254729883747435,0.021212205734687,0.0185867883722899,0.0177119968240557,0.0163545863948803,0.0160774719992496,0.0134775346860478,0.0134948873289098,0.0133931221973969,0.0131354827988624,0.0125684594860272,0.0133489804899515,0.0120904476234425,0.0112339694167137,0.012500068681696
11,小兎姫,0.0128676470588235,0.0002633658151171,0.0006124948958758,0.0005128789605653,0.0002928706906169,0.0002847665299274,0.000330827526886,0.0003413131073714,0.0002618353485536,0.0003803476046369,0.0004380763107563,0.0004093558114463,0.0005400730420463,0.0004563965735149,0.0004908543121833,0.000389237776128,0.0003465135538776,0.0005000027472678
12,めい＆まい,0.0091911764705882,0.0005267316302343,0.0,0.0,0.0,0.0,0.0,0.0,0.0,0.0,0.0,0.0,0.0,0.0,0.0,0.0,0.0,0.0
13,ルーミア,0.0091911764705882,0.0094811693442191,0.0104124132298897,0.0114542967859585,0.0092184536427535,0.0104824868584094,0.0107900670307466,0.0112491111637828,0.0109619127267611,0.0108757365789662,0.0122394247310104,0.0131431339155977,0.013479165643801,0.0123753686280016,0.0124970379481161,0.0122549708071667,0.0129110950174816,0.0145412886883993
14,幽香,0.0091911764705882,0.0018435607058203,0.0018374846876276,0.0,0.0,0.0,0.0,0.0,0.0,0.0,0.0,0.0,0.0,0.0,0.0,0.0,0.0,0.0
15,エーリッヒ,0.0055147058823529,0.0,0.0,0.0,0.0,0.0,0.0,0.0,0.0,0.0,0.0,0.0,0.0,0.0,0.0,0.0,0.0,0.0
16,エレン・ふわふわ頭・オーレウス,0.0055147058823529,0.0,0.0,0.0,0.0,0.0,0.0,0.0,0.0,0.0,0.0,0.0,0.0,0.0,0.0,0.0,0.0,0.0
17,朝倉 理香子,0.0055147058823529,0.0002633658151171,0.0002041649652919,0.0003419193070435,0.0003068169139796,0.000146231461314,0.0002646620215088,0.0002417634510547,0.0002540193679998,0.0001984422285062,0.0002083533673109,0.0001843663578269,0.0002303808081456,0.0002194214295744,0.0002482481578858,0.0002327401135611,0.0002252338100204,0.0002774740520552
18,ビビット(VIVIT),0.0036764705882352,0.0,0.0,0.0,0.0,0.0,0.0,0.0,0.0,0.0,0.0,0.0,0.0,0.0,0.0,0.0,0.0,0.0
19,レティ・ホワイトロック,0.0036764705882352,0.0068475111930471,0.0051041241322988,0.0037611123774789,0.0063036929599464,0.0060801502335855,0.0055070059090885,0.0050391087935529,0.0036656948797511,0.0031089282465975,0.0028421536258828,0.0024155117728856,0.0024284403219288,0.002374139867996,0.0023301474819737,0.0021307758672578,0.002092941865421,0.0018983620789125
20,玄爺,0.0036764705882352,0.0007900974453515,0.0,0.0001709596535217,0.0002370857971661,0.0001924098175185,0.0001526896277935,0.000118511495615,0.0001172397083076,0.00015985623963,0.0001442446389075,0.0001812415043044,0.0001548461169503,0.0001843140008425,0.0001918281220026,0.0001725487048815,0.0002286989455592,0.000211539623844
21,里香,0.0036764705882352,0.0,0.0,0.0002849327558696,6.973111681356689e-05,0.0001616242467155,0.0001628689363131,0.0001564351742118,0.000191491523569,0.0003693230363865,0.0003472556121849,0.000337484180429,0.0004267710052534,0.000430066001966,0.0004400762798885,0.000389237776128,0.0003014667918735,0.0003434084802663
22,マイ,0.0018382352941176,0.0,0.0,0.0002279462046956,0.0004741715943322,0.0004386943839422,0.0006209378196939,0.0007679544915856,0.0005588426095995,0.0005677652648928,0.0006143753138656,0.0005562239270034,0.0005967240604428,0.0005397767167532,0.0006544724162444,0.0006059268473746,0.0004816538398899,0.0004258265155303
23,岡崎 夢美,0.0018382352941176,0.0,0.0,0.000683838614087,0.0013806761129086,0.0026090771255512,0.0032726476890424,0.003868215216876,0.0040994818004892,0.0040294796955014,0.0038198117340342,0.0032748464915707,0.0030742619316486,0.0027427678696812,0.003035397930513,0.0028129451656266,0.0021518491695802,0.0020192418639662
24,幻月,0.0018382352941176,0.0002633658151171,0.0,0.0002279462046956,0.0002370857971661,0.0007619428773733,0.0008855998412027,0.0011661531168523,0.0013365326747067,0.001212702507538,0.0016401149683196,0.0017967907754324,0.0019941158475558,0.0019221317230726,0.0020424052989697,0.0019461888806404,0.0016563347875352,0.0013461612426441
25,プリズムリバー三姉妹,0.0,0.0684751119304714,0.0,0.0,0.0,0.0,0.0,0.0,0.0,0.0,0.0,0.0,0.0,0.0,0.0,0.0,0.0,0.0
26,魂魄 妖夢,0.0,0.0668949170397682,0.1000408329930584,0.0499772053795304,0.0302493584737253,0.0252210788803287,0.0229543407116354,0.0246551315477601,0.0274809876273027,0.0269881430768467,0.0290786507249628,0.0302142087089667,0.0320833600852031,0.0304381407105743,0.0327292628158111,0.0394895768543969,0.0448769703626957,0.0420963851449733
27,八雲 藍,0.0,0.0621543323676586,0.0404246631278072,0.0213699566902211,0.0295520473055896,0.0186637522992973,0.013848949240878,0.0142593031524057,0.0129002759041135,0.0120002425405015,0.0112297122586573,0.0102338952861584,0.0104011269775926,0.0090533281842437,0.0087168955439455,0.0088441243153227,0.008018323636729,0.0088242243089247
28,ルナサ・プリズムリバー,0.0,0.0424018962338688,0.0104124132298897,0.0151584226122635,0.0112685484770724,0.0083890680438078,0.006947378064608,0.0059066129414553,0.0048849878461502,0.0042499710605083,0.0042365184686561,0.0040029373623111,0.0037314137450477,0.0038310981603707,0.0033287821171054,0.0031179149696033,0.0031290173915152,0.0028516640201319
29,西行寺 幽々子,0.0,0.0371345799315248,0.0828909759085341,0.0622293138819238,0.0414621220573468,0.0305777682000446,0.026842836566112,0.0250912538516236,0.0238113847572747,0.020494672377393,0.0189601564252973,0.0174054341202756,0.0174069695859565,0.0159826569302064,0.0172758149874183,0.0182219457876045,0.0206348821334146,0.0191209841812317
30,八雲 紫,0.0,0.0287068738477745,0.0353205389955083,0.051002963300661,0.0402627468481535,0.0344105717650137,0.0268173882948131,0.0245555818914434,0.0226546196353063,0.0194197769729842,0.0169086771163893,0.0156461415871131,0.0162399586069892,0.0195328956607218,0.0186186118414371,0.0163279227944864,0.0158391345477478,0.0146759048126638
31,リリーホワイト,0.0,0.0094811693442191,0.0065332788893425,0.0080351037155231,0.0032215775967867,0.0022319538832149,0.0023157926882026,0.0024982223275657,0.0022353704383983,0.0020119837056881,0.0016401149683196,0.0014811805696607,0.0017146374901332,0.0020362308664513,0.0026686676972726,0.0031861318994402,0.0025988516540824,0.0022417705591788
32,リリカ・プリズムリバー,0.0,0.0071108770081643,0.0012249897917517,0.0023934351493047,0.0035144482874037,0.0026398626963542,0.0024430340446973,0.00202891680493,0.0015514721399373,0.0016206115328008,0.0016454573623532,0.001406184085121,0.0013898383179934,0.001514007864064,0.0016418230441994,0.0014526193294677,0.0013756588088943,0.0012005560470112
33,メルラン・プリズムリバー,0.0,0.0044772188569923,0.0012249897917517,0.0033052199680875,0.0029984380229833,0.002378185344529,0.0022699857998646,0.0020952832424745,0.0016687118482449,0.0013560218947925,0.0013943648427733,0.0012405668484289,0.0014200521944716,0.0016017764358938,0.001455636925785,0.00150478521699,0.0016667301941515,0.00146978829554
34,その他（中国）,0.0,0.0028970239662891,0.0,0.0,0.0,0.0,0.0,0.0,0.0,0.0,0.0,0.0,0.0,0.0,0.0,0.0,0.0,0.0
35,北白河 ちゆり,0.0,0.0023702923360547,0.0020416496529195,0.0011967175746523,0.0009762356353899,0.0008850851605852,0.0007634481389679,0.0005735956387769,0.0005080387359996,0.0005236669918914,0.0006304024959664,0.0006155961439307,0.0006647052825186,0.000653875860132,0.0007221764593042,0.0007182841435765,0.0006237243969797,0.0005686844433211
36,ゲイツ,0.0,0.0021069265209375,0.0002041649652919,0.0,0.0,0.0,0.0,0.0,0.0,0.0,0.0,0.0,0.0,0.0,0.0,0.0,0.0,0.0
37,小悪魔,0.0,0.0018435607058203,0.0028583095140873,0.0084340095737405,0.0063455316300345,0.0063341311927099,0.0052474335418395,0.0053282768428537,0.0056704938918111,0.0040790902526279,0.0039800835550426,0.0048685217880411,0.0051288055321607,0.0051256845948602,0.0048634070931269,0.0042896410585662,0.0039537196497441,0.0050302474189418
38,ユキ＆マイ,0.0,0.0015801948907031,0.0,0.0,0.0,0.0,0.0,0.0,0.0,0.0,0.0,0.0,0.0,0.0,0.0,0.0,0.0,0.0
39,その他（毛玉）,0.0,0.0015801948907031,0.0,0.0,0.0,0.0,0.0,0.0,0.0,0.0,0.0,0.0,0.0,0.0,0.0,0.0,0.0,0.0
40,ＶＩＶＩＴ,0.0,0.0013168290755859,0.0,0.0,0.0,0.0,0.0,0.0,0.0,0.0,0.0,0.0,0.0,0.0,0.0,0.0,0.0,0.0
41,岡崎　夢美,0.0,0.0010534632604687,0.0004083299305839,0.0,0.0,0.0,0.0,0.0,0.0,0.0,0.0,0.0,0.0,0.0,0.0,0.0,0.0,0.0
42,エレン,0.0,0.0007900974453515,0.0002041649652919,0.0003419193070435,8.367734017628026e-05,0.0003001593153289,0.0002239447874305,0.0003365726475468,0.0003790750568612,0.000352786184011,0.0004915002510925,0.0004781025889411,0.000528742838367,0.0005748841454851,0.0007560284808341,0.0005657992415882,0.0005440262795879,0.0004148374441617
43,ミューズ,0.0,0.0005267316302343,0.0,0.0,0.0,0.0,0.0,0.0,0.0,0.0,0.0,0.0,0.0,0.0,0.0,0.0,0.0,0.0
44,カナ・アナベラル,0.0,0.0005267316302343,0.0,0.0005128789605653,0.0004881178176949,0.0008081212335778,0.0007227309048896,0.0007584735719364,0.0007737820748301,0.0008103057664004,0.0010631364126892,0.000859334718685,0.0010612624112939,0.001092718719281,0.0011340427212511,0.0011195602014405,0.0010048893062452,0.0008956093165347
45,神綺,0.0,0.0002633658151171,0.0010208248264597,0.0051857761568269,0.0044627914760682,0.0034710731080342,0.0036747303755655,0.003247214979853,0.0032670798715052,0.0031034159624723,0.0029970830528576,0.0034873365311001,0.0033952843692286,0.0031684454430557,0.0031990160345741,0.0029132641800926,0.0022904545911313,0.0025302336826026
46,ルイズ,0.0,0.0002633658151171,0.0,5.698655117392296e-05,0.0001673546803525,0.0001385350686133,0.000117062047975,0.0001706565536857,0.0001250556888614,0.0001708808078803,0.0003098588539496,0.0001906160648719,0.0002794783574226,0.0002062561438,0.000270816172239,0.0002528039164543,0.0002113732678653,0.0006071461931109
47,ビビット（オリジナル）,0.0,0.0002633658151171,0.0,0.0,0.0,0.0,0.0,0.0,0.0,0.0,0.0,0.0,0.0,0.0,0.0,0.0,0.0,0.0
48,鈴仙・優曇華院・イナバ,0.0,0.0,0.0634953042057982,0.0507750170959653,0.0207659265870802,0.016054675173746,0.0134519562086147,0.0149324484474994,0.0129041838943904,0.0129318185576557,0.0171971663942045,0.0168148368045247,0.0182756185347025,0.0163074006459766,0.0154985838570993,0.0170823217832708,0.0181884964430383,0.0180632860620113
49,上白沢 慧音,0.0,0.0,0.041649652919559,0.0351037155231365,0.0255215887537654,0.0170398134394409,0.0138896664749563,0.0128845698032709,0.0119037383834989,0.0088637528732781,0.0080883845668921,0.0071934128087745,0.0067074805781425,0.0059419323128774,0.0060877218717911,0.0054051884994281,0.0053882857627976,0.0049780493299413
50,藤原 妹紅,0.0,0.0,0.0222539812168231,0.0209140642808297,0.0354791922347428,0.0320323864204847,0.0276928088274963,0.0253567196018013,0.0239520724072438,0.0216853257484303,0.0282612644378198,0.0235426464384482,0.0237858742573995,0.0225740766746243,0.0215693797181255,0.0227001865933669,0.022831778064999,0.0239781537261193
51,八意 永琳,0.0,0.0,0.0128623928133932,0.0220537953043081,0.0181021979248019,0.0121679968598717,0.0089832397685225,0.007963972505333,0.0067412832276873,0.0062454179138209,0.0055240354307572,0.005262253331875,0.0056839855124462,0.0051169077376772,0.0057209916385506,0.0054011757388495,0.0059738936688508,0.0055247556305254
52,蓬莱山 輝夜,0.0,0.0,0.0100040832993058,0.0129929336676544,0.0187158317527613,0.0136610970438155,0.0129379011283763,0.0122209054278264,0.0117591427432528,0.0114655509803597,0.0103589020311782,0.0088433354686499,0.0093776319118963,0.0090313860412863,0.0090384897484794,0.0082181336650548,0.0083890931393781,0.0073956450310166
53,因幡 てゐ,0.0,0.0,0.0057166190281747,0.008832915431958,0.0103759901818587,0.0071730379970907,0.0054764679835298,0.0058734297226831,0.0046817723517503,0.0046358309492704,0.004792127448152,0.0046622814555567,0.0050797079828838,0.0045420235921921,0.0042935647307071,0.0040087478180614,0.0040749993936012,0.0039890329067742
54,ミスティア・ローレライ,0.0,0.0,0.0046957942017149,0.0168680191474811,0.0113661720406114,0.010228505899285,0.0091970052474335,0.0086845223986726,0.0084295350273168,0.0070722605325968,0.0066245686016817,0.0064278236957642,0.0069756287318858,0.0057137340261199,0.0058676837318468,0.0046026363837001,0.0038428353125032,0.0038489222468255
55,リグル・ナイトバグ,0.0,0.0,0.0022458146182115,0.0056986551173922,0.0057179515787124,0.0055798847080373,0.0048962473979142,0.0040578336098601,0.0037360387047357,0.0033239073274792,0.00329625711874,0.0027686202209271,0.0032479917213978,0.0027427678696812,0.0029846198982182,0.0026403964607451,0.0031082265782826,0.0031978197682404
56,森近 霖之助,0.0,0.0,0.0012249897917517,0.0079211306131752,0.0091905611960281,0.0094280810584079,0.0083826605658677,0.0073856364067314,0.0061746246375339,0.004911445155529,0.0046371980211772,0.0038998171960689,0.0040939802627851,0.0038310981603707,0.0034529061960483,0.0039204670853313,0.0034755309453929,0.0035110083022434
57,蓮子,0.0,0.0,0.0010208248264597,0.0,0.0,0.0,0.0,0.0,0.0,0.0,0.0,0.0,0.0,0.0,0.0,0.0,0.0,0.0
58,名無しの本読み妖怪,0.0,0.0,0.0010208248264597,0.0010257579211306,0.0006694187214102,0.0011236733343082,0.0018017376079642,0.0022754207158094,0.0019852590606754,0.0015875378280498,0.0013516256905044,0.0011186975610518,0.0013634011760751,0.0010971071478724,0.001258166800194,0.0012880961457434,0.0012474487939595,0.0012197869219061
59,大妖精,0.0,0.0,0.0004083299305839,0.0024504217004786,0.0033192011603257,0.0045562644788387,0.0061279437287825,0.0076463616970846,0.0083982711051014,0.0059422422869364,0.0054599267023538,0.0053559989375498,0.0051552426740791,0.0051344614520432,0.0060200178287313,0.0054814309504223,0.0044111175408626,0.0040220001208797
60,ユキ,0.0,0.0,0.0002041649652919,0.0,0.0003904942541559,0.0004079088131392,0.0005191447344981,0.0006162597771983,0.000386891037415,0.000446495014139,0.0005342394033614,0.0005062262706435,0.0005023056964487,0.0004958924308383,0.0006601144198327,0.0004855440300154,0.0004573978911185,0.0003763756943719
61,メリー,0.0,0.0,0.0,0.0,0.0,0.0,0.0,0.0,0.0,0.0,0.0,0.0,0.0,0.0,0.0,0.0,0.0,0.0
62,VIVIT,0.0,0.0,0.0002041649652919,0.0,0.0,0.0,0.0,0.0,0.0,0.0,0.0,0.0,0.0,0.0,0.0,0.0,0.0,0.0
63,エリー,0.0,0.0,0.0002041649652919,0.0001709596535217,0.0005717951578712,0.0006926753430667,0.0006769240165515,0.0006304811566721,0.0005783825609841,0.0005567406966424,0.0005983481317648,0.0006218458509757,0.0005249661038073,0.0004607850021064,0.0004344342763001,0.0004975823117513,0.0004573978911185,0.0004120901763196
64,毛玉,0.0,0.0,0.0,0.0010827444723045,0.0010459667522035,0.0005849258452563,0.0005802205856156,0.0006115193173737,0.0005627505998765,0.0004134213093879,0.0004060219465546,0.000509351124166,0.0004418779434924,0.0003335205729532,0.0003610882296521,0.0005176461146445,0.0005648170928205,0.0004450573904252
65,上海人形,0.0,0.0,0.0,0.0061545475267836,0.0026497824389155,0.0,0.0,0.0,0.0,0.0,0.0,0.0,0.0,0.0,0.0,0.0,0.0,0.0
66,夢月,0.0,0.0,0.0002041649652919,0.0001709596535217,0.0001115697869017,0.0001847134248177,0.0002799309842882,0.0003318321877222,0.0004572348623996,0.0005181547077662,0.0008547830453782,0.0009624548849272,0.0011858946517661,0.001083941862098,0.0010381286602498,0.0010272667081318,0.0008697490202329,0.0008214330847971
67,くるみ,0.0,0.0,0.0,5.698655117392296e-05,0.0001673546803525,0.0002385881737229,0.0003002896013273,0.0003507940270206,0.0005393026582149,0.0004134213093879,0.0005182122212605,0.0005187256847335,0.0006080542641221,0.000645099002949,0.0007334604664808,0.0006982203406833,0.0007103527854492,0.0006346188715322
68,明羅,0.0,0.0,0.0,5.698655117392296e-05,0.0001952471270779,0.0003309448861318,0.0003969930322633,0.0003744963261436,0.0003243631929843,0.0001874176602558,0.0002991740658824,0.0002687374029342,0.0003247991721397,0.0003510742873191,0.0003949402511819,0.0003049698039766,0.0002772108431021,0.0002994521947922
69,マリー,0.0,0.0,0.0,0.0,0.0,0.0,0.0,0.0,0.0,0.0,0.0,0.0,0.0,0.0,0.0,0.0,0.0,0.0
70,サラ,0.0,0.0,0.0,0.0,9.762356353899364e-05,5.387474890518814e-05,0.0001068827394555,0.0001611756340365,0.0001133317180306,0.0002039545126313,0.0001175326687395,0.000171866943737,0.0001623995860698,0.0001711487150681,0.0002031121291793,0.0001605104231456,0.0001524659637061,0.0001126379815273
71,夢子,0.0,0.0,0.0,0.0005128789605653,0.0004462791476068,0.0004002124204385,0.0006056688569145,0.000644702536146,0.0006682663373533,0.0006890355156466,0.0007212231945379,0.0007624642594878,0.0009668440472998,0.0007328675747788,0.0009817086243666,0.0007704500310988,0.0007657949540696,0.0007472568530596
72,その他1票項目,0.0,0.0,0.0,0.0,0.0,0.0,0.0,0.0,0.0,0.0,0.0,0.0,0.0,0.0,0.0,0.0,0.0,0.0
73,射命丸 文,0.0,0.0,0.0,0.0504900843400957,0.0526330469708802,0.0287691159153704,0.0207454307628882,0.0266413842142687,0.027418459782872,0.0255659737725521,0.0247887083159705,0.0238270081089948,0.0244581330090377,0.021845597528437,0.0222125681271933,0.0212234907004273,0.0200943209893654,0.0181511986329595
74,伊吹 萃香,0.0,0.0,0.0,0.0240483245953954,0.0202778087693852,0.0188099837606114,0.0144291698264936,0.0131547760132732,0.0109228328239919,0.0094756164111722,0.0080029062623542,0.0086120963079855,0.0078971519644684,0.008061543322567,0.0082203992281739,0.0098713910234545,0.0093004237860763,0.0091374128429277
75,風見 幽香,0.0,0.0,0.0,0.0157852746751766,0.0211564208412361,0.0308240527664683,0.0293367671534072,0.0340933870585446,0.0284853411284712,0.0214152238262969,0.0163744377130279,0.0147711826008155,0.0137699742049029,0.0124060876281421,0.0119610476072262,0.0108344535623282,0.011570087563975,0.0111484129033676
76,小野塚 小町,0.0,0.0,0.0,0.0135058126282197,0.0119240209751199,0.0132993665868807,0.0101182326684548,0.0091917515999051,0.0087304502786397,0.0066367900867082,0.0058285518906732,0.0050935112416605,0.0047851226872221,0.0043138253054346,0.0047957030500671,0.004526393932706,0.0037769977372664,0.0034588102132429
77,四季映姫・ヤマザナドゥ,0.0,0.0,0.0,0.0128219740141326,0.0221187102532634,0.0169320639416305,0.0147040111565221,0.011784783123963,0.0118763824515604,0.011189936774101,0.011774636450086,0.0119025670671687,0.0119873554926939,0.011760988625193,0.0129483982351812,0.0129933187536365,0.0122492541295752,0.0121346820586926
78,メディスン・メランコリー,0.0,0.0,0.0,0.0052997492591748,0.0042675443489902,0.0038481963503705,0.0043567440463769,0.0046029864896895,0.0040994818004892,0.0039853814225,0.0033283114829417,0.0027248722716122,0.0029458529566166,0.0029446355848897,0.0026122476613895,0.003053710800345,0.0024117343349885,0.0028269386095528
79,宇佐見蓮子,0.0,0.0,0.0,0.005128789605653,0.0070288965748075,0.0061648105532936,0.0,0.0,0.0,0.0,0.0,0.0,0.0,0.0,0.0,0.0,0.0,0.0
80,マエリベリー・ハーン,0.0,0.0,0.0,0.001424663779348,0.0026497824389155,0.0021472935635067,0.0026008133267507,0.0034368333728371,0.0034038595311974,0.0051209119522856,0.0065764870553792,0.0060965892223802,0.0066470528251862,0.0068810560314562,0.0076054208370476,0.0068417567865813,0.0049308878716791,0.0045824427606745
81,魂魄 妖忌,0.0,0.0,0.0,0.0010257579211306,0.0008088809550373,0.0008235140189793,0.0007990757187864,0.0006162597771983,0.000535394667938,0.0003968844570124,0.0004167067346219,0.0004843522959861,0.000513635900128,0.0004520081449234,0.0004231502691235,0.00050159507233,0.000696492243294,0.000609893460953
82,レイラ・プリズムリバー,0.0,0.0,0.0,0.0007978117164349,0.0004881178176949,0.000384819635037,0.0,0.0,0.0,0.0,0.0003419132181513,0.0003124853522491,0.0003285759066995,0.0003422974301362,0.0003723722368287,0.000300957043398,0.0002737457075633,0.0003379139445821
83,スターサファイア,0.0,0.0,0.0,0.0006268520629131,0.0011854289858306,0.0009466563021911,0.0009924825806582,0.0021569092201943,0.0019735350898446,0.0021167171040664,0.0017042236967229,0.0017842913613424,0.0018166093232469,0.0017860904367364,0.0020818993240879,0.0021147248249433,0.0016390091098413,0.0014093484030132
84,ルナチャイルド,0.0,0.0,0.0,0.0003989058582174,0.0030960615865223,0.0028476652992742,0.0028603856939998,0.004560322351268,0.0035367312006127,0.002552187549955,0.0018057291833616,0.0019905316938268,0.0020092227857949,0.0017334292936385,0.0024881235824465,0.0022872735298248,0.0016979164140005,0.0014258320100659
85,ザコ妖精,0.0,0.0,0.0,0.0003419193070435,0.0002649782438915,0.0,0.0,0.0,0.0,0.0,0.0,0.0,0.0,0.0,0.0,0.0,0.0,0.0
86,サニーミルク,0.0,0.0,0.0,0.0003419193070435,0.0023569117482985,0.0017470811430682,0.0018729927676012,0.0025266650865133,0.0020907747981523,0.0020560819786895,0.0015279246936137,0.0015624267612455,0.0016466562680575,0.0015578921499789,0.0017941571410839,0.001950201641219,0.0011954717608779,0.0011401161544843
87,サリエル,0.0,0.0,0.0,0.0001709596535217,0.0001952471270779,0.0001000531051096,0.0004224413035622,0.0004882673619341,0.0004728668235073,0.0005402038442669,0.0006197177078992,0.0006280955580207,0.0008535420105068,0.0007899171464681,0.0010719806817797,0.0009670752994522,0.0006895619722165,0.0008049494777443
88,化け化け,0.0,0.0,0.0,0.0001709596535217,9.762356353899364e-05,0.0,0.0,0.0,0.0,0.0,0.0,0.0,0.0,0.0,0.0,0.0,0.0,0.0
89,るーこと,0.0,0.0,0.0,0.0001139731023478,0.0001255160102644,0.0001000531051096,0.0001984965161316,0.0001232519554396,0.0001602276013537,0.0001378071031293,0.0002297229434454,0.0002406137212318,0.0003172457030202,0.0002545288583064,0.000378014240417,0.0004133143395999,0.0004054208580368,0.0003653866230034
90,大ガマ,0.0,0.0,0.0,0.0001139731023478,0.0001673546803525,3.8481963503705815e-05,4.071723407828906e-05,4.266413842142688e-05,3.517191249228172e-05,3.858598887621064e-05,5.342394033614343e-06,0.0,0.0,0.0,0.0,0.0,0.0,0.0
91,オレンジ,0.0,0.0,0.0,5.698655117392296e-05,0.0001255160102644,0.0001308386759125,0.0001475999735337,0.0001659160938611,0.0001328716694152,0.0001819053761307,0.0002190381553781,0.0001499929690795,0.0001510693823905,0.0002413635725319,0.0003215942045339,0.0002407656347184,0.0002044429967878,0.0001703306062121
92,東風谷 早苗,0.0,0.0,0.0,0.0,0.029775186879393,0.0409063272044392,0.0367523934099156,0.0306518132258829,0.0268869731052109,0.0252076753044158,0.0222083319977348,0.0193397184506976,0.019231132378323,0.0188965735149557,0.0185565498019656,0.019008446861018,0.0182300780695036,0.0169918516035802
93,洩矢 諏訪子,0.0,0.0,0.0,0.0,0.0277111458217114,0.0207109927576944,0.0209693755503188,0.0178999762977008,0.0144204841218355,0.0121600987801315,0.0114220384438674,0.0105338812243176,0.0106239543166187,0.0104576253335205,0.0109736969792712,0.0125719788928793,0.0125056741594447,0.0137720536926027
94,鍵山 雛,0.0,0.0,0.0,0.0,0.015229275912083,0.0149694838029415,0.0139558319803335,0.0147286086750414,0.012826024088852,0.0093984444334198,0.007618253891934,0.0070277955720825,0.0078065103350341,0.0067845106024434,0.007091998510511,0.0064605445316105,0.0063238723582672,0.0070110275331183
95,河城 にとり,0.0,0.0,0.0,0.0,0.0130257726207742,0.0162855669547683,0.0159815143757284,0.0193884806826262,0.0162650555325418,0.0126837657720229,0.0119509354531952,0.0105838788806774,0.0106428379894175,0.0093429644712821,0.0089651437018313,0.0092654641760799,0.0082158363624393,0.008535761185501
96,犬走 椛,0.0,0.0,0.0,0.0,0.0118263974115809,0.0139766491445459,0.0115077082813764,0.0123394169234415,0.0149402468286658,0.0140177385303148,0.014018441944204,0.0140305923159851,0.0157640900524588,0.0138718227776997,0.0135069565904243,0.0123352260187395,0.0109117118116075,0.0113434689201589
97,八坂 神奈子,0.0,0.0,0.0,0.0,0.0107804306593774,0.0127683154905295,0.0125307287875934,0.0102962787390376,0.0087070023369781,0.0066423023708334,0.0050859591200008,0.0040873084074184,0.0046944810577878,0.0044542550203623,0.0038647724579952,0.0037198290563993,0.0035171125718582,0.003357161303084
98,稗田 阿求,0.0,0.0,0.0,0.0,0.0057597902488006,0.004994958862781,0.0043720130091562,0.0039772457928419,0.0050569394183347,0.0052697436236653,0.0041937793163872,0.0043466712497851,0.0048266667673795,0.0043050484482516,0.0042766387199422,0.0042535262133584,0.0031775292890581,0.0026373771284457
99,秋 静葉,0.0,0.0,0.0,0.0,0.0016735468035256,0.0054336532467232,0.0075326883044834,0.0074709646835743,0.0065810556263336,0.0049555434285304,0.0039426867968073,0.0033654672437229,0.0039315806767152,0.0039495857323409,0.0032949300955755,0.0024999498404927,0.0025018278589967,0.0025659481645503
100,秋 穣子,0.0,0.0,0.0,0.0,0.0013527836661831,0.0054798316029277,0.0077515434376542,0.0076558426167338,0.0064364599860875,0.0048563223142773,0.0036221431547905,0.0030717310126087,0.0035576839552985,0.0032211065861536,0.0030297559269247,0.0024879115587568,0.0024533159614538,0.0023928702904961
101,綿月 豊姫,0.0,0.0,0.0,0.0,0.0004881178176949,0.001069798585403,0.0009364963838006,0.0012988859919412,0.0012505568886144,0.0015379272709232,0.0012394354157985,0.0012311922878615,0.0013709546451946,0.0011453798623788,0.0016079710226695,0.0013442747938444,0.001891964004172,0.0015412172594354
102,レイセン,0.0,0.0,0.0,0.0,0.0003904942541559,0.0004925691328474,0.0007430895219287,0.0007963972505333,0.000633094424861,0.0006835232315214,0.0006410872840337,0.0006624689467681,0.0007666771156322,0.0007372560033703,0.0010268446530731,0.0009791135811881,0.0010984479657921,0.000903851120061
103,ツチノコ,0.0,0.0,0.0,0.0,0.0003486555840678,0.0002616773518251,0.0004122619950426,0.0002939085091253,0.000191491523569,0.0001378071031293,0.0001976685792437,0.0002249894536193,0.0001623995860698,0.0002018677152085,0.000180544114826,0.0001203828173592,0.000200977861249,0.0002142868916862
104,カラス,0.0,0.0,0.0,0.0,0.0002091933504407,0.0,0.0,0.0,0.0,0.0,0.0,0.0,0.0,0.0,0.0,0.0,0.0,0.0
105,綿月 依姫,0.0,0.0,0.0,0.0,0.0002091933504407,0.0019702765313897,0.0030995994442097,0.0028916804930078,0.0025753655924904,0.0026238472435823,0.0027994144736139,0.0026436260800274,0.0027192488830307,0.0021020572953236,0.0026855937080375,0.0022952990509821,0.0026161773317763,0.0024670465222336
106,月の兎,0.0,0.0,0.0,0.0,0.0001813009037152,0.0,0.0,0.0,0.0,0.0,0.0,0.0,0.0,0.0,0.0,0.0,0.0,0.0
107,永遠亭の妖怪兎,0.0,0.0,0.0,0.0,0.0001673546803525,0.0001231422832118,0.0001272413564946,0.0001042901161412,8.59757860922442e-05,0.0001157579666286,9.082069857144384e-05,0.0,0.0,0.0,0.0,0.0,0.0,0.0
108,前鬼・後鬼,0.0,0.0,0.0,0.0,8.367734017628026e-05,0.0,0.0,0.0,0.0,0.0,0.0,0.0,0.0,0.0,0.0,0.0,0.0,0.0
109,月の都の門番,0.0,0.0,0.0,0.0,6.973111681356689e-05,9.235671240889396e-05,5.598619685764746e-05,5.214505807063285e-05,5.471186387688267e-05,8.268426187759422e-05,3.205436420168606e-05,4.999765635985813e-05,3.0213876478119487e-05,4.827271450638956e-05,3.949402511819998e-05,2.808932405048053e-05,4.158162646531919e-05,2.747267842131001e-05
110,コンガラ,0.0,0.0,0.0,0.0,2.7892446725426755e-05,0.0001539278540148,0.000188317207612,0.0002702062100023,0.0003243631929843,0.0003582984681362,0.0004434187047899,0.0004874771495086,0.0005098591655682,0.0004695618592894,0.0006093363875379,0.0005176461146445,0.0005405611440491,0.0004478046582673
111,シンギョク,0.0,0.0,0.0,0.0,2.7892446725426755e-05,6.926753430667047e-05,6.107585111743359e-05,0.0001279924152642,8.98837763691644e-05,0.0001267825348789,0.0001015054866386,0.0001343687014671,0.0002303808081456,0.0002238098581659,0.0002595321650624,0.0002166890712465,0.0002044429967878,0.0002142868916862
112,幽霊,0.0,0.0,0.0,0.0,1.3946223362713376e-05,0.0,0.0,0.0,0.0,0.0,0.0,0.0,0.0,0.0,0.0,0.0,0.0,0.0
113,古明地 さとり,0.0,0.0,0.0,0.0,0.0,0.0276377461883615,0.0278454984552899,0.028978430907798,0.0270628326676723,0.0269164833832195,0.0273744270282398,0.0275643329218942,0.0258593015307105,0.0235702499648925,0.0242888254476929,0.024437711923918,0.0218476795719864,0.0208792356001956
114,永江 衣玖,0.0,0.0,0.0,0.0,0.0,0.0217500057722945,0.0143171974327783,0.0129793789997629,0.0127986681569136,0.0102748976093223,0.0080830421728585,0.007209037076387,0.0067905687384573,0.0058717174554135,0.0060256598323196,0.0046668405529584,0.0037076950264909,0.0043763976725146
115,比那名居 天子,0.0,0.0,0.0,0.0,0.0,0.0200337102000292,0.0181039002020592,0.0187105949277079,0.0185942177375862,0.0191166013460997,0.019531792586894,0.0179991562895489,0.0171388214322132,0.0204983499508496,0.0184267837194344,0.0151080435785798,0.0162133691859357,0.0142857927790812
116,霊烏路 空,0.0,0.0,0.0,0.0,0.0,0.0147539848073208,0.0221756236098881,0.0224508177293197,0.0193445518707549,0.0159966485312518,0.0129446207434475,0.0112182241457431,0.0105370894217441,0.0095009479005757,0.0095237020570745,0.0085993459200256,0.0078866484862555,0.008453343150237
117,火焔猫 燐,0.0,0.0,0.0,0.0,0.0,0.011536892658411,0.0077515434376542,0.0095804693055226,0.0088203340550088,0.0090070722605325,0.0074686668589928,0.0070121713044701,0.0070964842377983,0.0064378247437157,0.0071089245212759,0.0069460885616259,0.0058907304159202,0.0056346463442106
118,古明地 こいし,0.0,0.0,0.0,0.0,0.0,0.0111289838452717,0.0167093349348778,0.0228821995733586,0.0228695591005369,0.0334209786509235,0.0419858747101751,0.0341015264909457,0.033514742483354,0.0317634461452043,0.0314767380192053,0.0355731225296442,0.0370180429607504,0.0361265721240226
119,水橋 パルスィ,0.0,0.0,0.0,0.0,0.0,0.010582539963519,0.01237294950554,0.0122303863474757,0.0105164018351922,0.0122152216213832,0.0123035334594138,0.0111182288330234,0.0114623893888865,0.0098476337593034,0.0093995779781315,0.0091892217250857,0.007567856016688,0.0084011450612366
120,星熊 勇儀,0.0,0.0,0.0,0.0,0.0,0.0091510109211812,0.0067590608569959,0.0059540175397013,0.0055845181057189,0.0050823259634094,0.0048134970242865,0.0047622767682764,0.0045245280025983,0.0040680733043111,0.0038083524221121,0.0037960715073935,0.0038982774811236,0.0037527678723509
121,アリスの人形（上海、蓬莱、大江戸他）,0.0,0.0,0.0,0.0,0.0,0.0030708606875957,0.002331061650982,0.0020763214031761,0.0017976755273832,0.0012843622011652,0.0011966962635296,0.0014124337921659,0.0014313823981509,0.0,0.0,0.0,0.0,0.0
122,黒谷 ヤマメ,0.0,0.0,0.0,0.0,0.0,0.002970807582486,0.0032013925294054,0.0047214979853045,0.0044824648476274,0.0038089883304945,0.003226805996303,0.0030592315985188,0.0030213876478119,0.0028173711557365,0.0027532977510973,0.0019863164864268,0.0020132437480292,0.0018379221863856
123,キスメ,0.0,0.0,0.0,0.0,0.0,0.0022473466686164,0.0018017376079642,0.0019435885280872,0.0016804358190756,0.001339485042417,0.0012982017501682,0.0014311829133009,0.0011632342444076,0.0011453798623788,0.0010832646889563,0.0009149094119299,0.0006167941259022,0.0007692349957966
124,妖精（メイド妖精・ひまわり妖精他）,0.0,0.0,0.0,0.0,0.0,0.0001385350686133,0.000330827526886,0.000369755866319,0.0004728668235073,0.0003252247633852,0.0002884892778151,0.0003031107916816,0.0003285759066995,0.0,0.0,0.0,0.0,0.0
125,幽霊（怨霊、化け化け含む）,0.0,0.0,0.0,0.0,0.0,0.0001385350686133,6.107585111743359e-05,4.266413842142688e-05,5.861985415380287e-05,8.268426187759422e-05,3.7396758235300406e-05,0.0,0.0,0.0,0.0,0.0,0.0,0.0
126,ユウゲンマガン,0.0,0.0,0.0,0.0,0.0,9.235671240889396e-05,0.0001374206650142,0.0001848779331595,0.0001602276013537,0.0002480527856327,0.0002778044897479,0.0002656125494117,0.0002794783574226,0.0002413635725319,0.0003610882296521,0.0002528039164543,0.0002217686744817,0.0002335177665811
127,カラス（地獄鴉、紫・文の使い魔他）,0.0,0.0,0.0,0.0,0.0,9.235671240889396e-05,8.652412241636425e-05,9.954965631666272e-05,9.379176664608458e-05,4.409827300138358e-05,7.479351647060081e-05,0.0001218692873771,0.0001170787713527,0.0,0.0,0.0,0.0,0.0
128,酒虫,0.0,0.0,0.0,0.0,0.0,8.46603197081528e-05,0.0002239447874305,0.000142213794738,7.815980553840383e-05,9.922111425311306e-05,0.0001923261852101,0.0001437432620345,0.0001359624441515,0.0001097107147872,0.0001241240789429,8.426797215144158e-05,9.702379508574478e-05,7.417623173753701e-05
129,岩笠,0.0,0.0,0.0,0.0,0.0,6.926753430667047e-05,8.652412241636425e-05,0.0001090305759658,0.0001797675527383,0.0001433193872544,0.0001335598508403,8.43710451072606e-05,0.0001397391787113,9.215700042128916e-05,0.0001128400717662,8.426797215144158e-05,7.276784631430858e-05,7.967076742179902e-05
130,エリス,0.0,0.0,0.0,0.0,0.0,5.387474890518814e-05,0.0001068827394555,0.0002038397724579,0.0002032154943998,0.0002756142062586,0.0002991740658824,0.0003843569832664,0.000449431412612,0.0004739502878809,0.0006601144198327,0.0005417226781164,0.0004885841109675,0.0004175847120039
131,月の兎（玉兎）,0.0,0.0,0.0,0.0,0.0,5.387474890518814e-05,3.5627579818502926e-05,6.636643754444181e-05,4.689588332304229e-05,8.268426187759422e-05,0.0001068478806722,0.0,0.0,0.0,0.0,0.0,0.0,0.0
132,木花咲耶姫,0.0,0.0,0.0,0.0,0.0,5.387474890518814e-05,4.58068883380752e-05,8.058781701825078e-05,3.1263922215361526e-05,3.3073704751037686e-05,4.273915226891475e-05,3.74982422698936e-05,6.798122207576885e-05,4.38842859148996e-05,5.077803229482854e-05,4.012760578640076e-05,5.1977033081648986e-05,4.9450821158358015e-05
133,キクリ,0.0,0.0,0.0,0.0,0.0,2.308917810222349e-05,0.0002239447874305,9.954965631666272e-05,0.0001133317180306,0.0001212702507538,9.082069857144384e-05,0.0001812415043044,0.0001586228515101,0.0001448181435191,0.0002031121291793,0.0002166890712465,0.0001490008281673,0.0001456051956329
134,聖 白蓮,0.0,0.0,0.0,0.0,0.0,0.0,0.0220636512161728,0.0189665797582365,0.0146901354509429,0.0148170197284648,0.0123462726116827,0.0097620424042623,0.0088564425426487,0.0083818986097458,0.0078593109985217,0.0076764109869384,0.0062545696474917,0.0054780520772092
135,多々良 小傘,0.0,0.0,0.0,0.0,0.0,0.0,0.0168263969828529,0.0121403176108082,0.01135661974473,0.0118293617326211,0.0140718658845401,0.0136743590144211,0.0153637561891237,0.0136699550624912,0.0142742690784351,0.0128368210910696,0.013229887487049,0.0112500618135264
136,ナズーリン,0.0,0.0,0.0,0.0,0.0,0.0,0.0158135557851555,0.0136809670538042,0.0094807844118083,0.0075793906721128,0.007548802769497,0.0075121478680686,0.0077989568659145,0.0062491223142817,0.0063134020153236,0.0056218775706747,0.0041824185953033,0.0053544250243133
137,寅丸 星,0.0,0.0,0.0,0.0,0.0,0.0,0.0109834738926184,0.0113723631192225,0.0079214962913172,0.0067249866327109,0.0054065027620177,0.0047810258894114,0.0043281378054906,0.0035326850161494,0.003537536249873,0.0030737746032382,0.0022558032357435,0.0021318798454936
138,封獣 ぬえ,0.0,0.0,0.0,0.0,0.0,0.0,0.0090748535451986,0.0109694240341313,0.010719617329592,0.0104016801442013,0.0103642444252118,0.0100589034888989,0.010072551070893,0.0086100968965033,0.0082486092461154,0.0070865351818783,0.0068159216047735,0.0060851982703201
139,村紗 水蜜,0.0,0.0,0.0,0.0,0.0,0.0,0.0089832397685225,0.0073761554870822,0.0054477384460267,0.0052697436236653,0.0044341870478999,0.0040779338468509,0.0041430778120621,0.0043313790198005,0.0042992067342954,0.0043177303826167,0.0055892636240466,0.0047088170814125
140,宇佐見 蓮子,0.0,0.0,0.0,0.0,0.0,0.0,0.0067183436229176,0.0077696136525242,0.0076674769233174,0.0104127047124516,0.0137673494246241,0.0117931971938815,0.0122403967081981,0.0117522117680101,0.0124801119373511,0.0110190405489456,0.0079351603837984,0.007173116335804
141,雲居 一輪,0.0,0.0,0.0,0.0,0.0,0.0,0.0039902889396723,0.0047404598246029,0.0031732881048591,0.0041727990827559,0.0044929533822696,0.0028404918519444,0.0029005321418994,0.0030850652998174,0.0022793694496789,0.0019140867960113,0.0016597999230739,0.0013324249034335
142,雲山,0.0,0.0,0.0,0.0,0.0,0.0,0.0016490479801707,0.0014742830054515,0.000683898298461,0.0007717197775242,0.0006357448900001,0.0005687233410933,0.0005891705913233,0.0005309998595702,0.0004287922727118,0.0005417226781164,0.0005648170928205,0.0004285737833724
143,核熱造神ヒソウテンソク,0.0,0.0,0.0,0.0,0.0,0.0,0.0015370755864554,0.0008295804693055,0.0005432106484919,0.0004023967411376,0.0005288970093278,0.0004218552255363,0.0003701199868569,0.000215033000983,0.0002087541327676,0.0003089825645552,0.0002217686744817,0.0002637377128445
144,大ナマズ,0.0,0.0,0.0,0.0,0.0,0.0,0.0011044549743735,0.0004550841431618,0.000289191280492,0.0002094667967565,0.0002831468837815,0.0002937362311141,0.0003172457030202,0.0004651734306979,0.0003103101973572,0.0003932505367067,0.0004262116712695,0.0003708811586876
145,UFO（赤・青・緑、その他）,0.0,0.0,0.0,0.0,0.0,0.0,0.0004835171546796,0.0003650154064944,0.000191491523569,0.0001874176602558,0.0002243805494118,0.0002499882817992,0.0002341575427054,0.0002896362870383,0.0002426061542975,0.000345097409763,0.0003603740960327,0.0002582431771603
146,レイラ･プリズムリバー,0.0,0.0,0.0,0.0,0.0,0.0,0.0003664551067046,0.0003270917278976,0.0002657433388305,0.0002921510586341,0.0,0.0,0.0,0.0,0.0,0.0,0.0,0.0
147,ミミちゃん,0.0,0.0,0.0,0.0,0.0,0.0,0.0001374206650142,0.0001564351742118,0.0001875835332921,0.0001543439555048,0.0001495870329412,0.000171866943737,0.0001208555059124,0.0001579834292936,0.0002369641507091,0.0001524849019883,0.0001836521835551,0.0001840669454227
148,毘沙門天,0.0,0.0,0.0,0.0,0.0,0.0,0.0001323310107544,7.584735719364778e-05,4.29878930461221e-05,2.204913650069179e-05,5.342394033614343e-05,3.74982422698936e-05,4.1544080157414296e-05,3.510742873191968e-05,2.256801435325713e-05,2.808932405048053e-05,3.118621984898939e-05,4.9450821158358015e-05
149,命蓮,0.0,0.0,0.0,0.0,0.0,0.0,9.16137766761504e-05,8.532827684285376e-05,7.425181526148362e-05,9.922111425311306e-05,7.479351647060081e-05,9.999531271971626e-05,0.0001321857095917,0.0001316528577446,7.334604664808566e-05,7.222969041552136e-05,5.544216862042559e-05,5.769262468475101e-05
150,大天狗,0.0,0.0,0.0,0.0,0.0,0.0,2.5448271298930665e-05,0.0,0.0,0.0,0.0,0.0,0.0,0.0,0.0,0.0,0.0,0.0
151,水江浦島子,0.0,0.0,0.0,0.0,0.0,0.0,1.5268962779358398e-05,2.3702299123014933e-05,3.1263922215361526e-05,4.409827300138358e-05,0.0,1.2499414089964532e-05,4.532081471717923e-05,4.38842859148996e-06,5.642003588314282e-05,8.025521157280151e-06,2.0790813232659595e-05,1.9230874894917005e-05
152,姫海棠 はたて,0.0,0.0,0.0,0.0,0.0,0.0,0.0,0.0091301256221853,0.0071828861289793,0.0062068319249447,0.0050432199677319,0.0047779010358889,0.0058426083639563,0.0051300730234517,0.005224495322779,0.0041090668325274,0.0037146252975685,0.0032994686783993
153,茨木 華扇,0.0,0.0,0.0,0.0,0.0,0.0,0.0,0.0043754444181085,0.0137600337650359,0.0112615964677283,0.0113953264736993,0.0098714122775494,0.0088413356044097,0.0073374526049712,0.0071935545751007,0.0091852089645071,0.0075886468299207,0.007865427832021
154,河童,0.0,0.0,0.0,0.0,0.0,0.0,0.0,0.0001659160938611,8.59757860922442e-05,0.0,0.0,0.0,0.0,0.0,0.0,0.0,0.0,0.0
155,天狗（大天狗他）,0.0,0.0,0.0,0.0,0.0,0.0,0.0,0.0001327328750888,5.471186387688267e-05,3.3073704751037686e-05,3.205436420168606e-05,0.0,0.0,0.0,0.0,0.0,0.0,0.0
156,化け狸,0.0,0.0,0.0,0.0,0.0,0.0,0.0,9.954965631666272e-05,2.3447941661521143e-05,3.3073704751037686e-05,3.205436420168606e-05,0.0,0.0,0.0,0.0,0.0,0.0,0.0
157,物部 布都,0.0,0.0,0.0,0.0,0.0,0.0,0.0,0.0,0.0175038884503255,0.0107875400329634,0.0126775010417668,0.0107432464103245,0.0099101514848231,0.0091103777559331,0.0085927714650026,0.008595333159447,0.0089504450966599,0.0084368595431843
158,霍 青娥,0.0,0.0,0.0,0.0,0.0,0.0,0.0,0.0,0.0091603292091009,0.0076951486387414,0.0067955252107574,0.0058528506476258,0.0058086177529184,0.0054635935964049,0.0052414213335439,0.0052527035974398,0.0045947697244177,0.0048544222770454
159,豊聡耳 神子,0.0,0.0,0.0,0.0,0.0,0.0,0.0,0.0,0.0088359660161165,0.0106717820663348,0.011357929715464,0.0101526490945736,0.0085845176543456,0.0089436174694565,0.0086435494972974,0.0103248329688409,0.0110225961488483,0.0100275276237781
160,宮古 芳香,0.0,0.0,0.0,0.0,0.0,0.0,0.0,0.0,0.0058971573278725,0.0035058127036099,0.0029970830528576,0.002990484821024,0.002987397036774,0.0028919744417918,0.0027025197188025,0.0028209706867839,0.0026785497714743,0.0027500151099731
161,幽谷 響子,0.0,0.0,0.0,0.0,0.0,0.0,0.0,0.0,0.005627505998765,0.0046523678016459,0.0041991217104208,0.0042279268159305,0.0041695149539804,0.0040592964471282,0.0040566005799979,0.002953391785879,0.0021379886274251,0.0017033060621212
162,二ッ岩 マミゾウ,0.0,0.0,0.0,0.0,0.0,0.0,0.0,0.0,0.0050725713794424,0.006184782788444,0.007174835187144,0.0050028904895083,0.004932415335053,0.0048448251650049,0.0038816984687602,0.0035833951967255,0.0033403906593806,0.0034011175885581
163,蘇我 屠自古,0.0,0.0,0.0,0.0,0.0,0.0,0.0,0.0,0.0036891428214126,0.0035664478289868,0.0031947516321013,0.0034217146071277,0.0041883986267793,0.0042128914478303,0.0044064048024734,0.0044902790874982,0.0037146252975685,0.0035329864449804
164,神降ろしの神霊（天照、伊豆能売他）,0.0,0.0,0.0,0.0,0.0,0.0,0.0,0.0,0.0002071234846767,4.961055712655653e-05,4.273915226891475e-05,4.6872802837367e-05,5.665101839647404e-05,0.0,0.0,0.0,0.0,0.0
165,妖怪狐,0.0,0.0,0.0,0.0,0.0,0.0,0.0,0.0,7.034382498456344e-05,5.512284125172948e-05,0.0001228750627731,0.0,0.0,0.0,0.0,0.0,0.0,0.0
166,雷獣,0.0,0.0,0.0,0.0,0.0,0.0,0.0,0.0,3.517191249228172e-05,9.922111425311306e-05,0.0001228750627731,0.0,0.0,0.0,0.0,0.0,0.0,0.0
167,大鷲（久米、竿打）,0.0,0.0,0.0,0.0,0.0,0.0,0.0,0.0,3.1263922215361526e-05,3.858598887621064e-05,8.54783045378295e-05,0.0,0.0,0.0,0.0,0.0,0.0,0.0
168,子龍,0.0,0.0,0.0,0.0,0.0,0.0,0.0,0.0,1.5631961107680763e-05,3.858598887621064e-05,1.602718210084303e-05,0.0,0.0,0.0,0.0,0.0,0.0,0.0
169,秦 こころ,0.0,0.0,0.0,0.0,0.0,0.0,0.0,0.0,0.0,0.0200261282267533,0.0190242651537006,0.0176272987203724,0.0168782267475895,0.0160002106445723,0.0153744597781564,0.0149234565919624,0.0151183863556823,0.0136429321040225
170,少名 針妙丸,0.0,0.0,0.0,0.0,0.0,0.0,0.0,0.0,0.0,0.0108261260218396,0.0115609406887414,0.0075371466962486,0.0058501618330758,0.0054987010251369,0.0048464810823619,0.0044421259605545,0.0037735326017277,0.0030192473585019
171,今泉 影狼,0.0,0.0,0.0,0.0,0.0,0.0,0.0,0.0,0.0,0.0091448793636619,0.0073885309484886,0.0070902926425323,0.0081955139946899,0.0075700393203201,0.0075095067760463,0.0058867197688649,0.0040715342580625,0.0038434277111412
172,本居 小鈴,0.0,0.0,0.0,0.0,0.0,0.0,0.0,0.0,0.0,0.0064052741534509,0.0055667745830261,0.0053997468868646,0.0058539385676356,0.0059550975986518,0.005405039437605,0.005228627033968,0.0038982774811236,0.0034670520167693
173,赤蛮奇,0.0,0.0,0.0,0.0,0.0,0.0,0.0,0.0,0.0,0.0063556635963244,0.0057644431622698,0.0056747339968438,0.005638664697729,0.0048930978795113,0.0049085431218334,0.0043618707489817,0.0040749993936012,0.0038049659613514
174,鬼人 正邪,0.0,0.0,0.0,0.0,0.0,0.0,0.0,0.0,0.0,0.0061020985265664,0.0123035334594138,0.0118931925066012,0.0114963799999244,0.0112124350512568,0.0102740885343203,0.0093336811059168,0.0101459168575378,0.0090247748614003
175,堀川 雷鼓,0.0,0.0,0.0,0.0,0.0,0.0,0.0,0.0,0.0,0.0058430211726833,0.0047387035078159,0.0048247738387263,0.0046302765702718,0.0048448251650049,0.0042822807235305,0.0032382977869625,0.0028760624971845,0.0026126517178665
176,わかさぎ姫,0.0,0.0,0.0,0.0,0.0,0.0,0.0,0.0,0.0,0.0038696234558714,0.002991740658824,0.0028373669984219,0.0029118623455787,0.0028744207274259,0.0029225578587467,0.0028209706867839,0.0022939197266701,0.0021923197380205
177,九十九 弁々,0.0,0.0,0.0,0.0,0.0,0.0,0.0,0.0,0.0,0.0023702821738243,0.0019018922759667,0.0015624267612455,0.002039436662273,0.0025540654402471,0.0022003813994425,0.001849882626753,0.0015835669412209,0.0012252814575904
178,九十九 八橋,0.0,0.0,0.0,0.0,0.0,0.0,0.0,0.0,0.0,0.0014828044296715,0.0014317616010086,0.001406184085121,0.0018241627923664,0.0016324954360342,0.0016305390370228,0.0009710880600308,0.0010741920170207,0.000777476799323
179,ホフゴブリン,0.0,0.0,0.0,0.0,0.0,0.0,0.0,0.0,0.0,0.0004299581617634,0.000235065337479,0.0002281143071418,0.0001510693823905,0.0001316528577446,0.0001071980681779,8.828073273008166e-05,8.316325293063838e-05,6.868169605327502e-05
180,チュパカブラ,0.0,0.0,0.0,0.0,0.0,0.0,0.0,0.0,0.0,0.0001708808078803,0.0001869837911765,0.0001906160648719,0.0001548461169503,0.0001492065721106,0.0001410500897078,0.0001805742260388,0.0001697916414,0.0001291215885801
181,河童（山童）,0.0,0.0,0.0,0.0,0.0,0.0,0.0,0.0,0.0,0.0001157579666286,0.0001602718210084,0.0,0.0,0.0,0.0,0.0,0.0,0.0
182,邪龍,0.0,0.0,0.0,0.0,0.0,0.0,0.0,0.0,0.0,7.717197775242127e-05,0.0001389022448739,0.0,0.0,0.0,0.0,0.0,0.0,0.0
183,仙台四郎（福の神）,0.0,0.0,0.0,0.0,0.0,0.0,0.0,0.0,0.0,4.961055712655653e-05,6.945112243698646e-05,6.249707044982266e-05,5.28742838367091e-05,2.6330571548939755e-05,6.770404305977138e-05,4.012760578640076e-05,3.118621984898939e-05,4.670355331622701e-05
184,運松,0.0,0.0,0.0,0.0,0.0,0.0,0.0,0.0,0.0,4.961055712655653e-05,0.0001335598508403,7.49964845397872e-05,6.0427752956238974e-05,4.38842859148996e-05,5.077803229482854e-05,4.414036636504083e-05,4.158162646531919e-05,2.4725410579179008e-05
185,座敷童,0.0,0.0,0.0,0.0,0.0,0.0,0.0,0.0,0.0,2.756142062586474e-05,3.7396758235300406e-05,2.81236817024202e-05,3.0213876478119487e-05,3.510742873191968e-05,3.385202152988569e-05,1.6051042314560302e-05,2.42559487714362e-05,1.3736339210655004e-05
186,煙々羅,0.0,0.0,0.0,0.0,0.0,0.0,0.0,0.0,0.0,2.204913650069179e-05,4.808154630252909e-05,2.81236817024202e-05,3.0213876478119487e-05,1.755371436595984e-05,5.6420035883142825e-06,2.0063802893200374e-05,1.3860542155106395e-05,1.6483607052786004e-05
187,野鉄砲（マミ）,0.0,0.0,0.0,0.0,0.0,0.0,0.0,0.0,0.0,2.204913650069179e-05,2.1369576134457374e-05,0.0,0.0,0.0,0.0,0.0,0.0,0.0
188,沓頬,0.0,0.0,0.0,0.0,0.0,0.0,0.0,0.0,0.0,5.512284125172948e-06,3.7396758235300406e-05,1.87491211349468e-05,2.2660407358589616e-05,2.19421429574498e-05,5.6420035883142825e-06,2.808932405048053e-05,6.9302710775531984e-06,2.747267842131001e-05
189,宇佐見 菫子,0.0,0.0,0.0,0.0,0.0,0.0,0.0,0.0,0.0,0.0,0.0072870254618499,0.0060434667124978,0.0058501618330758,0.0061438000280859,0.0066293542162692,0.004670853313537,0.0047992127212055,0.0041373853702492
190,易者,0.0,0.0,0.0,0.0,0.0,0.0,0.0,0.0,0.0,0.0,0.0006891688303362,0.0033842163648578,0.0052156704270353,0.0050949655947198,0.0042653547127655,0.0027447282357898,0.0017949402090862,0.0017252842048582
191,万歳楽,0.0,0.0,0.0,0.0,0.0,0.0,0.0,0.0,0.0,0.0,0.0002030109732773,0.0001031201662422,0.0001397391787113,8.338014323830923e-05,7.334604664808566e-05,9.229349330872172e-05,5.544216862042559e-05,7.142896389540602e-05
192,八尺さま,0.0,0.0,0.0,0.0,0.0,0.0,0.0,0.0,0.0,0.0,0.0001602718210084,0.0,0.0,0.0,0.0,0.0,0.0,0.0
193,お菊さん,0.0,0.0,0.0,0.0,0.0,0.0,0.0,0.0,0.0,0.0,0.0001389022448739,0.0,0.0,0.0,0.0,0.0,0.0,0.0
194,狐の子,0.0,0.0,0.0,0.0,0.0,0.0,0.0,0.0,0.0,0.0,0.0001228750627731,0.0,0.0,0.0,0.0,0.0,0.0,0.0
195,トカゲ,0.0,0.0,0.0,0.0,0.0,0.0,0.0,0.0,0.0,0.0,9.616309260505818e-05,0.0,0.0,0.0,0.0,0.0,0.0,0.0
196,ウワバミ,0.0,0.0,0.0,0.0,0.0,0.0,0.0,0.0,0.0,0.0,7.479351647060081e-05,0.0001499929690795,0.0001737297897491,0.0001228760005617,0.0001354080861195,9.229349330872172e-05,3.8116490926542594e-05,4.120901763196501e-05
197,ネッシー号,0.0,0.0,0.0,0.0,0.0,0.0,0.0,0.0,0.0,0.0,7.479351647060081e-05,0.0,0.0,0.0,0.0,0.0,0.0,0.0
198,人面犬,0.0,0.0,0.0,0.0,0.0,0.0,0.0,0.0,0.0,0.0,5.876633436975778e-05,0.0,0.0,0.0,0.0,0.0,0.0,0.0
199,小鈴の両親,0.0,0.0,0.0,0.0,0.0,0.0,0.0,0.0,0.0,0.0,4.273915226891475e-05,2.81236817024202e-05,3.776734559764936e-05,3.949585732340963e-05,2.821001794157141e-05,3.611484520776068e-05,3.118621984898939e-05,2.1978142737048006e-05
200,彭祖,0.0,0.0,0.0,0.0,0.0,0.0,0.0,0.0,0.0,0.0,3.205436420168606e-05,0.0,0.0,0.0,0.0,0.0,0.0,0.0
201,緑の小人,0.0,0.0,0.0,0.0,0.0,0.0,0.0,0.0,0.0,0.0,1.0684788067228688e-05,0.0,0.0,0.0,0.0,0.0,0.0,0.0
202,稀神 サグメ,0.0,0.0,0.0,0.0,0.0,0.0,0.0,0.0,0.0,0.0,0.0,0.0177022952049122,0.0138757227725763,0.0113089804802696,0.0104715586599113,0.0084990269055596,0.0088118396751088,0.0089780713080841
203,クラウンピース,0.0,0.0,0.0,0.0,0.0,0.0,0.0,0.0,0.0,0.0,0.0,0.013539990312954,0.0107221494151726,0.0083775101811543,0.0080511391205244,0.0069179992375754,0.0055754030818915,0.0054643157379985
204,純狐,0.0,0.0,0.0,0.0,0.0,0.0,0.0,0.0,0.0,0.0,0.0,0.0107963689202068,0.0117720816227873,0.0112475424799887,0.0118482075354599,0.0110350915912602,0.010561733122191,0.0096758773399853
205,ヘカーティア・ラピスラズリ,0.0,0.0,0.0,0.0,0.0,0.0,0.0,0.0,0.0,0.0,0.0,0.0076308923019233,0.0084372250065148,0.0078114028928521,0.0091118357951275,0.0077606789590899,0.0085484893741618,0.0094093923592986
206,ドレミー・スイート,0.0,0.0,0.0,0.0,0.0,0.0,0.0,0.0,0.0,0.0,0.0,0.0043747949314875,0.0043281378054906,0.0115108481954781,0.0088240936121235,0.0064003531229309,0.0057140085034426,0.0052253034357331
207,鈴瑚,0.0,0.0,0.0,0.0,0.0,0.0,0.0,0.0,0.0,0.0,0.0,0.0026592503476399,0.0025644027660803,0.0020406192950428,0.0017659471231423,0.0014526193294677,0.0011746809476452,0.0011483579580107
208,清蘭,0.0,0.0,0.0,0.0,0.0,0.0,0.0,0.0,0.0,0.0,0.0,0.0017842913613424,0.0029194158146982,0.002382916725179,0.0024768395752699,0.002564154009751,0.0018053356157026,0.0012307759932746
209,蓬莱人形ジャケット・レーベルイラストの娘,0.0,0.0,0.0,0.0,0.0,0.0,0.0,0.0,0.0,0.0,0.0,0.0009874537131071,0.0,0.0,0.0,0.0,0.0,0.0
210,嫦娥,0.0,0.0,0.0,0.0,0.0,0.0,0.0,0.0,0.0,0.0,0.0,0.0006530943862006,0.0005023056964487,0.0002194214295744,0.0002087541327676,0.0002086635500892,0.0002148384034041,0.0001813196775806
211,河童（山童含む）,0.0,0.0,0.0,0.0,0.0,0.0,0.0,0.0,0.0,0.0,0.0,0.0002562379888442,0.0002417110118249,0.0001535950007021,0.0001354080861195,0.0001324210990951,0.0001143494727796,0.0001153852493695
212,狐（妖怪狐、狐の子他）,0.0,0.0,0.0,0.0,0.0,0.0,0.0,0.0,0.0,0.0,0.0,0.000171866943737,0.0001888367279882,0.000188702429434,0.0001410500897078,0.0001564976625669,9.702379508574478e-05,7.967076742179902e-05
213,華扇の動物（久米、竿打、雷獣、彭祖、人面犬他）,0.0,0.0,0.0,0.0,0.0,0.0,0.0,0.0,0.0,0.0,0.0,0.000159367529647,0.0001133020367929,0.0,0.0,0.0,0.0,0.0
214,龍（子龍、邪龍他）,0.0,0.0,0.0,0.0,0.0,0.0,0.0,0.0,0.0,0.0,0.0,0.000146868115557,0.0002303808081456,0.0,0.0,0.0,0.0,0.0
215,兎（玉兎、永遠亭の妖怪兎他）,0.0,0.0,0.0,0.0,0.0,0.0,0.0,0.0,0.0,0.0,0.0,0.0001406184085121,0.0001775065243089,0.0,0.0,0.0,0.0,0.0
216,都市伝説の怪異（お菊さん、八尺さま他）,0.0,0.0,0.0,0.0,0.0,0.0,0.0,0.0,0.0,0.0,0.0,0.0001312438479446,0.0003474595794983,0.0,0.0,0.0,0.0,0.0
217,天狗（香霖堂の天狗、大天狗他）,0.0,0.0,0.0,0.0,0.0,0.0,0.0,0.0,0.0,0.0,0.0,8.124619158476947e-05,8.308816031482859e-05,0.0,0.0,0.0,0.0,0.0
218,幽霊（怨霊、神霊、化け化け含む）,0.0,0.0,0.0,0.0,0.0,0.0,0.0,0.0,0.0,0.0,0.0,4.6872802837367e-05,3.3990611037884426e-05,5.704957168936947e-05,2.821001794157141e-05,5.216588752232098e-05,4.504676200409579e-05,3.571448194770301e-05
219,狸（化け狸、野鉄砲他）,0.0,0.0,0.0,0.0,0.0,0.0,0.0,0.0,0.0,0.0,0.0,3.4373388747402465e-05,0.000143515913271,9.215700042128916e-05,3.385202152988569e-05,5.216588752232098e-05,2.7721084310212797e-05,4.120901763196501e-05
220,抗鬱薬おじさん,0.0,0.0,0.0,0.0,0.0,0.0,0.0,0.0,0.0,0.0,0.0,0.0,0.0019865623784363,0.0011760988625193,0.0009196465848952,0.0008346542003571,0.0007484692763757,0.0007280259781647
221,蓬莱人形ジャケットイラストの娘,0.0,0.0,0.0,0.0,0.0,0.0,0.0,0.0,0.0,0.0,0.0,0.0,0.0008573187450666,0.0009391237185788,0.0011171167104862,0.0010272667081318,0.0008420279359227,0.000903851120061
222,なめえもん,0.0,0.0,0.0,0.0,0.0,0.0,0.0,0.0,0.0,0.0,0.0,0.0,0.000400333863335,0.0003554627159106,0.0002426061542975,0.0002046507895106,0.0001801870480163,0.0002500013736339
223,蓬莱人形レーベルイラストの娘,0.0,0.0,0.0,0.0,0.0,0.0,0.0,0.0,0.0,0.0,0.0,0.0,0.0003927803942155,0.0004169007161915,0.0004400762798885,0.0004694929877008,0.0003153273340286,0.0003406612124242
224,ケセランパサラン,0.0,0.0,0.0,0.0,0.0,0.0,0.0,0.0,0.0,0.0,0.0,0.0,0.0001019718331136,7.46032860553293e-05,8.463005382471424e-05,8.025521157280151e-05,7.969811739186178e-05,9.340710663245404e-05
225,塩屋敷の旦那,0.0,0.0,0.0,0.0,0.0,0.0,0.0,0.0,0.0,0.0,0.0,0.0,9.44183639941234e-05,4.38842859148996e-05,1.1284007176628563e-05,2.808932405048053e-05,4.158162646531919e-05,3.296721410557201e-05
226,ヤマネ,0.0,0.0,0.0,0.0,0.0,0.0,0.0,0.0,0.0,0.0,0.0,0.0,1.888367279882468e-05,0.0001140991433787,4.513602870651426e-05,1.6051042314560302e-05,3.118621984898939e-05,0.000189561481107
227,"依神紫苑 ",0.0,0.0,0.0,0.0,0.0,0.0,0.0,0.0,0.0,0.0,0.0,0.0,0.0,0.0177511936525768,0.0,0.0,0.0,0.0
228,摩多羅隠岐奈,0.0,0.0,0.0,0.0,0.0,0.0,0.0,0.0,0.0,0.0,0.0,0.0,0.0,0.0076095351776435,0.0074418027329865,0.0077526534379326,0.0068193867403123,0.0068489387304325
229,高麗野あうん,0.0,0.0,0.0,0.0,0.0,0.0,0.0,0.0,0.0,0.0,0.0,0.0,0.0,0.0073462294621541,0.0053316933909569,0.0031339660119178,0.0023112454043639,0.0022610014340738
230,依神女苑,0.0,0.0,0.0,0.0,0.0,0.0,0.0,0.0,0.0,0.0,0.0,0.0,0.0,0.0061130810279455,0.0089707857054197,0.0054493288657932,0.0033681117436908,0.0039505711569843
231,矢田寺成美,0.0,0.0,0.0,0.0,0.0,0.0,0.0,0.0,0.0,0.0,0.0,0.0,0.0,0.0041602303047324,0.0025106915967998,0.0015970787102987,0.0010291452550166,0.0009478074055351
232,丁礼田舞,0.0,0.0,0.0,0.0,0.0,0.0,0.0,0.0,0.0,0.0,0.0,0.0,0.0,0.0035019660160089,0.002747655747509,0.0016612828795569,0.0022384775580496,0.0018022077044379
233,爾子田里乃,0.0,0.0,0.0,0.0,0.0,0.0,0.0,0.0,0.0,0.0,0.0,0.0,0.0,0.0030675115854514,0.0025558276255063,0.0016171425131919,0.0019959180703353,0.0015494590629618
234,エタニティラルバ,0.0,0.0,0.0,0.0,0.0,0.0,0.0,0.0,0.0,0.0,0.0,0.0,0.0,0.0025847844403875,0.0026348156757427,0.0016773339218715,0.001178146083184,0.0013708866532233
235,坂田ネムノ,0.0,0.0,0.0,0.0,0.0,0.0,0.0,0.0,0.0,0.0,0.0,0.0,0.0,0.0014350161494172,0.0012243147786641,0.0006139523685319,0.0006653060234451,0.0004945082115835
236,アリスの人形（上海、蓬莱、大江戸 他）,0.0,0.0,0.0,0.0,0.0,0.0,0.0,0.0,0.0,0.0,0.0,0.0,0.0,0.0012112062912512,0.0011340427212511,0.0011637005678056,0.0013895193510494,0.00130220495717
237,妖精（メイド妖精・ひまわり妖精 他）,0.0,0.0,0.0,0.0,0.0,0.0,0.0,0.0,0.0,0.0,0.0,0.0,0.0,0.0002896362870383,0.0002990261901806,0.0003852250155494,0.0002529548943306,0.0001565942670014
238,旧作名無し中ボス,0.0,0.0,0.0,0.0,0.0,0.0,0.0,0.0,0.0,0.0,0.0,0.0,0.0,0.0002545288583064,0.0002143961363559,0.0002327401135611,0.0002841411141796,0.0002500013736339
239,龍（子龍、邪龍 他）,0.0,0.0,0.0,0.0,0.0,0.0,0.0,0.0,0.0,0.0,0.0,0.0,0.0,0.000188702429434,0.0001410500897078,0.0001123572962019,0.0001178146083184,9.890164231671604e-05
240,都市伝説の怪異（お菊さん、八尺さま 他）,0.0,0.0,0.0,0.0,0.0,0.0,0.0,0.0,0.0,0.0,0.0,0.0,0.0,0.000188702429434,0.0002087541327676,9.63062538873618e-05,9.355865954696818e-05,0.0001675833383699
241,兎（玉兎、永遠亭の妖怪兎 他）,0.0,0.0,0.0,0.0,0.0,0.0,0.0,0.0,0.0,0.0,0.0,0.0,0.0,0.0001492065721106,0.0001297660825312,0.0001284083385164,0.0001143494727796,0.0001126379815273
242,天狗（香霖堂の天狗、大天狗 他）,0.0,0.0,0.0,0.0,0.0,0.0,0.0,0.0,0.0,0.0,0.0,0.0,0.0,0.0001184875719702,0.0001128400717662,8.025521157280151e-05,6.237243969797878e-05,6.868169605327502e-05
243,華扇の動物（久米、竿打、雷獣、彭祖、人面犬 他）,0.0,0.0,0.0,0.0,0.0,0.0,0.0,0.0,0.0,0.0,0.0,0.0,0.0,0.0001184875719702,6.770404305977138e-05,0.0001163700567805,0.0001351402860122,0.0001346161242644
244,里の人間（文花帖、求聞史紀、鈴奈庵などで登場した人間）,0.0,0.0,0.0,0.0,0.0,0.0,0.0,0.0,0.0,0.0,0.0,0.0,0.0,0.0001053222861957,7.898805023639996e-05,0.000100319014466,0.0001143494727796,0.0001098907136852
245,カラス（地獄鴉、紫・文の使い魔 他）,0.0,0.0,0.0,0.0,0.0,0.0,0.0,0.0,0.0,0.0,0.0,0.0,0.0,6.58264288723494e-05,0.0001184820753545,6.019140867960113e-05,0.0001593962347837,0.0002087923560019
246,神降ろしの神霊（天照、伊豆能売 他）,0.0,0.0,0.0,0.0,0.0,0.0,0.0,0.0,0.0,0.0,0.0,0.0,0.0,3.510742873191968e-05,3.949402511819998e-05,6.019140867960113e-05,4.851189754287239e-05,5.494535684262001e-05
247,依神紫苑,0.0,0.0,0.0,0.0,0.0,0.0,0.0,0.0,0.0,0.0,0.0,0.0,0.0,0.0,0.0145902212793807,0.0099235569109769,0.0096711932887254,0.0093736778773509
248,埴安神 袿姫,0.0,0.0,0.0,0.0,0.0,0.0,0.0,0.0,0.0,0.0,0.0,0.0,0.0,0.0,0.0,0.008896290202845,0.0062684301896468,0.0051923362216275
249,吉弔 八千慧,0.0,0.0,0.0,0.0,0.0,0.0,0.0,0.0,0.0,0.0,0.0,0.0,0.0,0.0,0.0,0.0069541140827832,0.0047264448748912,0.0041703525843548
250,庭渡 久侘歌,0.0,0.0,0.0,0.0,0.0,0.0,0.0,0.0,0.0,0.0,0.0,0.0,0.0,0.0,0.0,0.0054292650629,0.0039190682943563,0.004362661333304
251,杖刀偶 磨弓,0.0,0.0,0.0,0.0,0.0,0.0,0.0,0.0,0.0,0.0,0.0,0.0,0.0,0.0,0.0,0.0043779217912963,0.0035690896049398,0.0023763866834433
252,驪駒 早鬼,0.0,0.0,0.0,0.0,0.0,0.0,0.0,0.0,0.0,0.0,0.0,0.0,0.0,0.0,0.0,0.0038000842679721,0.0026681543648579,0.0023901230226539
253,奥野田 美宵,0.0,0.0,0.0,0.0,0.0,0.0,0.0,0.0,0.0,0.0,0.0,0.0,0.0,0.0,0.0,0.0027407154752111,0.0025156884011518,0.0020302309353348
254,カワウソ霊,0.0,0.0,0.0,0.0,0.0,0.0,0.0,0.0,0.0,0.0,0.0,0.0,0.0,0.0,0.0,0.0011837643706988,0.0004504676200409,0.0004175847120039
255,牛崎 潤美,0.0,0.0,0.0,0.0,0.0,0.0,0.0,0.0,0.0,0.0,0.0,0.0,0.0,0.0,0.0,0.0009791135811881,0.000620259261441,0.0005302226935312
256,戎 瓔花,0.0,0.0,0.0,0.0,0.0,0.0,0.0,0.0,0.0,0.0,0.0,0.0,0.0,0.0,0.0,0.0009229349330872,0.0005163051952777,0.0007115423711119
257,影華扇（断善修悪の怪腕 - 茨木童子の腕）,0.0,0.0,0.0,0.0,0.0,0.0,0.0,0.0,0.0,0.0,0.0,0.0,0.0,0.0,0.0,0.0004975823117513,0.000433141942347,0.0003818702300562
258,オオカミ霊,0.0,0.0,0.0,0.0,0.0,0.0,0.0,0.0,0.0,0.0,0.0,0.0,0.0,0.0,0.0,0.000389237776128,0.0001351402860122,0.0001373633921065
259,オオワシ霊,0.0,0.0,0.0,0.0,0.0,0.0,0.0,0.0,0.0,0.0,0.0,0.0,0.0,0.0,0.0,0.0002648421981902,0.0001628613703225,0.0001098907136852
260,天弓 千亦,0.0,0.0,0.0,0.0,0.0,0.0,0.0,0.0,0.0,0.0,0.0,0.0,0.0,0.0,0.0,0.0,0.0063550585781162,0.0051840944181011
261,菅牧 典,0.0,0.0,0.0,0.0,0.0,0.0,0.0,0.0,0.0,0.0,0.0,0.0,0.0,0.0,0.0,0.0,0.0048823759741362,0.0048846422233089
262,飯綱丸 龍,0.0,0.0,0.0,0.0,0.0,0.0,0.0,0.0,0.0,0.0,0.0,0.0,0.0,0.0,0.0,0.0,0.0047472356881239,0.0044231012258309
263,姫虫 百々世,0.0,0.0,0.0,0.0,0.0,0.0,0.0,0.0,0.0,0.0,0.0,0.0,0.0,0.0,0.0,0.0,0.0043175588813156,0.0028571585558162
264,豪徳寺 ミケ,0.0,0.0,0.0,0.0,0.0,0.0,0.0,0.0,0.0,0.0,0.0,0.0,0.0,0.0,0.0,0.0,0.0026473635516253,0.001700558794279
265,玉造 魅須丸,0.0,0.0,0.0,0.0,0.0,0.0,0.0,0.0,0.0,0.0,0.0,0.0,0.0,0.0,0.0,0.0,0.0019266153595597,0.0009972582266935
266,山城 たかね,0.0,0.0,0.0,0.0,0.0,0.0,0.0,0.0,0.0,0.0,0.0,0.0,0.0,0.0,0.0,0.0,0.0012335882518044,0.0010274781729569
267,駒草 山如,0.0,0.0,0.0,0.0,0.0,0.0,0.0,0.0,0.0,0.0,0.0,0.0,0.0,0.0,0.0,0.0,0.0005925381771307,0.0004780246045307
268,饕餮尤魔,0.0,0.0,0.0,0.0,0.0,0.0,0.0,0.0,0.0,0.0,0.0,0.0,0.0,0.0,0.0,0.0,0.0,0.0050934345793108
269,宮出口瑞霊,0.0,0.0,0.0,0.0,0.0,0.0,0.0,0.0,0.0,0.0,0.0,0.0,0.0,0.0,0.0,0.0,0.0,0.0006016516574266