,名前,1,2,3,4,5,6,7,8,9,11,12,13,14,15,16,17,18
0,亡き王女の為のセプテット,81.0,383.0,839.0,816.0,2262.0,4896.0,6607.0,6770.0,7331.0,5435.0,11644.0,9367.0,7235.0,5757.0,8239.0,9498,12929
1,U.N.オーエンは彼女なのか？,77.0,357.0,972.0,864.0,3141.0,4489.0,5559.0,5777.0,6742.0,5820.0,12088.0,9513.0,7409.0,5529.0,8568.0,11848,18520
2,明治十七年の上海アリス,49.0,161.0,319.0,192.0,364.0,843.0,990.0,1005.0,1207.0,993.0,1979.0,1638.0,1390.0,1236.0,1827.0,2249,3236
3,上海紅茶館 〜 Chinese Tea,47.0,156.0,386.0,,1355.0,2512.0,3269.0,3434.0,3562.0,2873.0,6086.0,5042.0,3946.0,3118.0,4588.0,5431,7030
4,月時計 〜 ルナ・ダイアル,45.0,131.0,385.0,,781.0,1529.0,2053.0,2171.0,2328.0,1708.0,4075.0,3413.0,2579.0,1969.0,2937.0,3757,5602
5,人形裁判 〜 人の形弄びし少女,40.0,132.0,240.0,,640.0,1200.0,1458.0,1380.0,1641.0,1138.0,,,,,,,
6,おてんば恋娘,38.0,89.0,221.0,166.0,612.0,1028.0,1545.0,1404.0,1352.0,,2653.0,2126.0,1859.0,1515.0,2418.0,3485,4617
7,ラクトガール ～ 少女密室,32.0,,,278.0,,,,,,,,,,,,,
8,魔法少女達の百年祭,22.0,67.0,75.0,60.0,123.0,434.0,630.0,767.0,1114.0,1265.0,2594.0,2376.0,1884.0,1501.0,2023.0,2072,3087
9,遠野幻想物語,21.0,62.0,159.0,166.0,375.0,765.0,1205.0,1167.0,1454.0,1087.0,2225.0,1859.0,1496.0,1135.0,1372.0,1278,1470
10,リーインカネーション,16.0,,,,,,,,,,,,,,,,
11,メイドと血の懐中時計,13.0,46.0,128.0,183.0,307.0,595.0,827.0,802.0,846.0,659.0,1577.0,1353.0,1109.0,936.0,1377.0,1709,2464
12,ティアオイエツォン(withered leaf),11.0,68.0,78.0,62.0,156.0,353.0,422.0,368.0,389.0,263.0,495.0,434.0,297.0,235.0,295.0,327,405
13,二色蓮花蝶 〜 Ancients,11.0,48.0,,,,,,,,,,,,,,,
14,東方怪奇談,9.0,24.0,22.0,20.0,16.0,21.0,32.0,24.0,33.0,30.0,57.0,57.0,45.0,42.0,55.0,57,78
15,魔女達の舞踏会,8.0,,,132.0,261.0,405.0,471.0,460.0,488.0,296.0,542.0,450.0,399.0,331.0,456.0,479,602
16,無何有の郷 〜 Deep Mountain,8.0,28.0,86.0,,171.0,404.0,616.0,577.0,665.0,444.0,828.0,717.0,554.0,461.0,612.0,663,672
17,the Grimoire of Alice,7.0,23.0,56.0,87.0,244.0,715.0,1947.0,1499.0,1547.0,670.0,1086.0,870.0,699.0,517.0,618.0,558,611
18,ほおずきみたいに紅い魂,6.0,27.0,57.0,45.0,108.0,224.0,343.0,338.0,362.0,400.0,947.0,813.0,680.0,566.0,849.0,1071,1342
19,エニグマティクドール ～ God Knows,6.0,18.0,,,,,,,,,,,,,,,
20,不思議の国のアリス,6.0,15.0,26.0,39.0,157.0,477.0,805.0,879.0,975.0,667.0,1057.0,1007.0,814.0,693.0,922.0,871,954
21,妖魔夜行,6.0,11.0,36.0,22.0,105.0,368.0,536.0,568.0,718.0,859.0,2188.0,1935.0,1488.0,1192.0,1633.0,1926,2906
22,クリスタライズシルバー,5.0,47.0,84.0,70.0,272.0,476.0,552.0,518.0,539.0,310.0,557.0,479.0,339.0,225.0,386.0,394,459
23,ブクレシュティの人形師,5.0,43.0,107.0,104.0,266.0,748.0,1019.0,980.0,1013.0,560.0,1025.0,992.0,743.0,557.0,642.0,735,855
24,永遠の巫女,5.0,17.0,57.0,54.0,68.0,114.0,249.0,251.0,320.0,260.0,433.0,424.0,385.0,361.0,461.0,467,492
25,空飛ぶ巫女の不思議な毎日,5.0,15.0,22.0,23.0,27.0,41.0,56.0,56.0,87.0,105.0,116.0,120.0,106.0,101.0,159.0,161,190
26,星の器 〜 Casket of Star,5.0,15.0,48.0,,136.0,693.0,659.0,590.0,611.0,347.0,706.0,620.0,480.0,352.0,484.0,481,567
27,魔法少女十字軍,5.0,17.0,71.0,91.0,130.0,274.0,330.0,378.0,441.0,192.0,345.0,286.0,253.0,226.0,253.0,279,323
28,夢消失 〜 Lost Dream ,5.0,,,,,,,,,,,,,,,,
29,Witch of Love Potion,4.0,16.0,43.0,29.0,34.0,71.0,107.0,101.0,111.0,103.0,195.0,183.0,146.0,106.0,144.0,147,217
30,Dream Express,3.0,7.0,17.0,13.0,8.0,39.0,49.0,53.0,50.0,32.0,52.0,53.0,52.0,45.0,45.0,40,32
31,Tabula rasa　～空白少女,3.0,10.0,21.0,19.0,,,,,,,,,,,,,
32,Witching Dream,3.0,2.0,1.0,7.0,6.0,20.0,17.0,30.0,46.0,42.0,72.0,55.0,37.0,51.0,42.0,36,55
33,シルクロードアリス,3.0,5.0,13.0,8.0,13.0,29.0,48.0,43.0,54.0,45.0,78.0,69.0,52.0,60.0,56.0,67,61
34,メイプルワイズ,3.0,4.0,11.0,7.0,21.0,28.0,39.0,46.0,56.0,39.0,84.0,65.0,46.0,49.0,80.0,77,72
35,紅より儚い永遠,3.0,5.0,3.0,3.0,10.0,17.0,27.0,33.0,58.0,70.0,159.0,151.0,131.0,114.0,183.0,268,350
36,神話幻想 〜 Infinite Being,3.0,6.0,14.0,,93.0,179.0,238.0,260.0,303.0,200.0,364.0,291.0,253.0,204.0,285.0,260,287
37,眠れる恐怖 ～Sleeping Terror,3.0,,,,,,,,,,,,,,,,
38,Complete Darkness,2.0,5.0,4.0,7.0,46.0,115.0,160.0,198.0,181.0,96.0,182.0,197.0,150.0,125.0,203.0,222,290
39,Maple Dream ... (夢時空),2.0,,,,,,,,,,,,,,,,
40,Peaceful Romancer,2.0,8.0,4.0,7.0,13.0,23.0,39.0,38.0,34.0,35.0,50.0,55.0,50.0,56.0,79.0,74,67
41,Romantic Children,2.0,8.0,14.0,22.0,98.0,311.0,417.0,393.0,441.0,215.0,312.0,318.0,289.0,223.0,324.0,277,338
42,the Last Judgement,2.0,7.0,16.0,12.0,23.0,48.0,54.0,79.0,86.0,45.0,76.0,84.0,60.0,55.0,84.0,61,73
43,アンティークテラー,2.0,2.0,2.0,2.0,3.0,8.0,9.0,11.0,7.0,5.0,11.0,17.0,8.0,11.0,11.0,4,8
44,オルフェの詩 〜 Pseudoclassic,2.0,4.0,9.0,,2.0,9.0,12.0,14.0,17.0,14.0,34.0,20.0,17.0,12.0,23.0,27,29
45,スプートニク幻夜,2.0,1.0,7.0,8.0,5.0,12.0,94.0,78.0,91.0,53.0,90.0,89.0,77.0,65.0,68.0,56,88
46,フォルスストロベリー,2.0,4.0,7.0,26.0,19.0,57.0,75.0,56.0,57.0,32.0,52.0,61.0,30.0,36.0,38.0,24,41
47,ルーネイトエルフ,2.0,8.0,21.0,17.0,43.0,169.0,321.0,356.0,463.0,459.0,907.0,813.0,643.0,508.0,689.0,833,992
48,ヴアル魔法図書館,2.0,,,,,,,,,,,,,,,,
49,禁断の魔法 〜 Forbidden Magic,2.0,5.0,3.0,,11.0,9.0,26.0,16.0,17.0,18.0,32.0,29.0,21.0,33.0,34.0,23,32
50,紅楼 ～ Eastern Dream...,2.0,,,88.0,,,,,,,,,,,,,
51,昔話わんだーらんど,2.0,3.0,2.0,3.0,1.0,9.0,7.0,15.0,18.0,15.0,35.0,35.0,24.0,23.0,24.0,21,24
52,蓬莱伝説,2.0,23.0,55.0,61.0,121.0,224.0,279.0,271.0,435.0,442.0,768.0,629.0,571.0,534.0,691.0,690,795
53,夢機械 〜 Innocent Power,2.0,1.0,4.0,,1.0,4.0,1.0,2.0,2.0,3.0,7.0,4.0,5.0,2.0,10.0,15,9
54,夢幻遊戯 〜 Dream War,2.0,2.0,,,9.0,15.0,25.0,33.0,27.0,21.0,30.0,36.0,32.0,32.0,43.0,45,59
55,幽夢 〜 Inanimate Dream,2.0,7.0,14.0,,131.0,375.0,496.0,605.0,562.0,343.0,630.0,480.0,369.0,297.0,388.0,382,432
56,裏切りの少女 〜 Judas Kiss,2.0,4.0,6.0,,18.0,71.0,106.0,104.0,94.0,73.0,135.0,128.0,76.0,72.0,88.0,107,118
57,恋色マジック,2.0,11.0,64.0,,,,,,,,,,,,,,
58,Magic Shop of Raspberry,1.0,,,2.0,6.0,9.0,28.0,22.0,27.0,33.0,43.0,40.0,41.0,37.0,45.0,37,40
59,Sacred Battle,1.0,3.0,7.0,3.0,6.0,15.0,18.0,23.0,19.0,13.0,17.0,16.0,12.0,17.0,25.0,16,23
60,ひもろぎ、むらさきにもえ,1.0,3.0,6.0,3.0,15.0,14.0,29.0,28.0,36.0,15.0,32.0,29.0,24.0,27.0,32.0,31,40
61,アリスマエステラ,1.0,5.0,39.0,56.0,104.0,171.0,262.0,261.0,331.0,217.0,370.0,293.0,305.0,253.0,287.0,246,291
62,プラスチックマインド,1.0,7.0,22.0,30.0,68.0,163.0,265.0,258.0,327.0,135.0,203.0,174.0,127.0,111.0,129.0,134,127
63,プリムローズシヴァ,1.0,4.0,4.0,2.0,1.0,4.0,6.0,9.0,8.0,1.0,2.0,10.0,3.0,1.0,12.0,3,12
64,怪綺談 〜 Mystic Square,1.0,,,,1.0,9.0,9.0,16.0,14.0,16.0,17.0,9.0,14.0,9.0,13.0,20,25
65,少女神性 〜 Pandora's Box,1.0,2.0,13.0,,16.0,33.0,55.0,55.0,80.0,48.0,84.0,77.0,64.0,69.0,83.0,88,83
66,少女綺想曲　～　Capriccio,1.0,,,,,,,,,,,,,,,,
67,人形の森,1.0,5.0,4.0,5.0,2.0,8.0,18.0,23.0,27.0,28.0,41.0,51.0,29.0,27.0,47.0,46,68
68,戦車むすめのみるゆめ,1.0,2.0,2.0,5.0,14.0,31.0,33.0,35.0,43.0,36.0,85.0,85.0,55.0,52.0,75.0,52,63
69,東方妖恋談,1.0,5.0,13.0,31.0,40.0,165.0,391.0,378.0,314.0,172.0,307.0,264.0,217.0,175.0,238.0,234,241
70,博麗　～Eastern Wind,1.0,1.0,7.0,5.0,,,,,,,,,,,,,
71,夢幻回廊,1.0,,1.0,1.0,1.0,13.0,9.0,10.0,13.0,29.0,82.0,47.0,45.0,37.0,85.0,82,84
72,夢想時空,1.0,3.0,2.0,3.0,6.0,9.0,18.0,23.0,17.0,10.0,30.0,28.0,16.0,20.0,28.0,38,33
73,妖々夢 〜 Snow or Cherry Petal,1.0,15.0,30.0,,36.0,86.0,123.0,131.0,170.0,133.0,360.0,315.0,243.0,210.0,331.0,533,727
74,幽霊楽団 〜 Phantom Ensemble,,448.0,1080.0,,1654.0,2959.0,3401.0,3154.0,3600.0,2318.0,4775.0,3744.0,2996.0,2336.0,3081.0,5082,5491
75,幽雅に咲かせ、墨染の桜 〜 Border of Life,,334.0,1185.0,,2620.0,4831.0,6071.0,5830.0,6261.0,3862.0,7640.0,5874.0,4710.0,3625.0,5051.0,5403,6023
76,ネクロファンタジア,,311.0,988.0,855.0,2377.0,3919.0,4645.0,4202.0,4430.0,3074.0,6523.0,5311.0,4441.0,3355.0,4390.0,4580,6147
77,ボーダーオブライフ,,164.0,340.0,248.0,581.0,1161.0,1422.0,1277.0,1207.0,812.0,1488.0,1329.0,1077.0,782.0,1146.0,1282,2327
78,ラクトガール 〜 少女密室,,137.0,304.0,,599.0,1274.0,1355.0,1249.0,1285.0,830.0,1799.0,1491.0,1064.0,923.0,1317.0,1544,2002
79,少女幻葬 〜 Necro-Fantasy,,115.0,300.0,,389.0,770.0,939.0,907.0,1053.0,593.0,1222.0,988.0,850.0,626.0,822.0,882,942
80,天空の花の都,,87.0,131.0,126.0,233.0,420.0,551.0,599.0,684.0,545.0,908.0,790.0,691.0,659.0,950.0,876,958
81,さくらさくら 〜 Japanize Dream...,,79.0,132.0,,177.0,300.0,317.0,332.0,365.0,249.0,620.0,578.0,477.0,388.0,513.0,958,1062
82,広有射怪鳥事 〜 Till When?,,78.0,136.0,,212.0,671.0,1007.0,999.0,1195.0,827.0,1735.0,1597.0,1255.0,1003.0,1723.0,2395,2699
83,アルティメットトゥルース,,69.0,130.0,109.0,177.0,462.0,642.0,705.0,783.0,532.0,952.0,847.0,622.0,522.0,602.0,535,625
84,東方妖々夢 〜 Ancient Temple,,54.0,132.0,,374.0,723.0,809.0,809.0,952.0,735.0,1491.0,1361.0,1125.0,869.0,1214.0,1493,1801
85,リーインカーネイション,,50.0,126.0,135.0,586.0,1178.0,1596.0,1276.0,1277.0,587.0,1112.0,815.0,600.0,472.0,649.0,640,742
86,妖々跋扈,,49.0,58.0,41.0,77.0,252.0,357.0,391.0,391.0,269.0,452.0,382.0,275.0,194.0,243.0,226,256
87,魔女達の舞踏会 〜 Magus,,22.0,64.0,,,,,,,,,,,,,,
88,紅楼 〜 Eastern Dream...,,17.0,51.0,,147.0,437.0,654.0,659.0,861.0,673.0,1257.0,1075.0,914.0,881.0,1216.0,1082,2905
89,サーカスレヴァリエ（機械サーカス）,,17.0,18.0,14.0,9.0,31.0,25.0,20.0,38.0,,78.0,68.0,68.0,59.0,90.0,105,120
90,妖々跋扈 〜 Who done it?,,16.0,30.0,,,,,,,,,,,,,,
91,桜花之恋塚 〜 Japanese Flower,,12.0,31.0,,,,,,,,,,,,,,
92,夢消失　～Lost Dream,,12.0,26.0,39.0,,,,,,,,,,,,,
93,ヴワル魔法図書館,,9.0,11.0,73.0,113.0,169.0,410.0,416.0,376.0,298.0,657.0,622.0,488.0,434.0,646.0,761,947
94,ディザストラスジェミニ,,9.0,10.0,11.0,10.0,19.0,22.0,23.0,36.0,16.0,21.0,18.0,10.0,12.0,11.0,14,9
95,赤より紅い夢,,9.0,11.0,14.0,29.0,50.0,67.0,74.0,104.0,203.0,594.0,528.0,433.0,392.0,645.0,1168,1579
96,ツェペシュの幼き末裔,,6.0,7.0,14.0,43.0,99.0,172.0,196.0,201.0,168.0,365.0,407.0,348.0,282.0,473.0,615,878
97,天空アーミー,,6.0,1.0,4.0,6.0,20.0,26.0,36.0,38.0,12.0,36.0,25.0,24.0,7.0,7.0,23,42
98,ハーセルヴス,,5.0,,,,,,,,,,,,,,,
99,眠れる恐怖 〜 Sleeping Terror,,5.0,18.0,,115.0,276.0,312.0,322.0,319.0,119.0,232.0,203.0,165.0,110.0,161.0,189,235
100,Maple Dream...,,4.0,6.0,3.0,7.0,14.0,25.0,19.0,29.0,24.0,52.0,35.0,40.0,29.0,53.0,44,49
101,Strawberry Crisis!!,,4.0,8.0,25.0,80.0,315.0,409.0,574.0,682.0,404.0,682.0,541.0,409.0,334.0,422.0,446,522
102,禁じざるをえない遊戯,,4.0,8.0,11.0,19.0,24.0,39.0,35.0,36.0,49.0,99.0,95.0,80.0,53.0,64.0,65,64
103,天鵞絨少女戦 〜 Velvet Battle,,4.0,6.0,,15.0,21.0,36.0,43.0,46.0,30.0,41.0,42.0,30.0,34.0,38.0,34,35
104,Sailor of Time,,3.0,6.0,4.0,12.0,20.0,33.0,25.0,28.0,31.0,54.0,44.0,45.0,42.0,52.0,40,56
105,幻想帝都,,3.0,,,,1.0,6.0,5.0,6.0,14.0,10.0,6.0,2.0,8.0,6.0,3,3
106,紅響曲 〜 Scarlet Phoneme,,3.0,4.0,,3.0,11.0,12.0,19.0,35.0,27.0,67.0,55.0,34.0,39.0,48.0,39,72
107,時の風,,3.0,1.0,3.0,2.0,6.0,10.0,11.0,11.0,6.0,14.0,10.0,14.0,8.0,17.0,11,25
108,春風の夢,,3.0,2.0,1.0,2.0,8.0,5.0,10.0,11.0,13.0,34.0,19.0,16.0,13.0,21.0,31,50
109,悲しき人形 〜 Doll of Misery,,3.0,6.0,,11.0,30.0,42.0,55.0,73.0,70.0,131.0,112.0,103.0,90.0,108.0,107,118
110,霊戦 〜 Perdition crisis,,3.0,1.0,,7.0,20.0,27.0,38.0,62.0,30.0,58.0,48.0,30.0,26.0,31.0,41,35
111,Dim. Dream,,2.0,6.0,10.0,11.0,21.0,46.0,64.0,75.0,38.0,79.0,73.0,60.0,53.0,63.0,79,89
112,Lotus Love,,2.0,,4.0,30.0,59.0,96.0,97.0,109.0,54.0,94.0,76.0,71.0,51.0,64.0,68,89
113,Magical and Hopeless,,2.0,1.0,,1.0,7.0,8.0,10.0,9.0,5.0,12.0,11.0,11.0,11.0,14.0,10,14
114,少女綺想曲 〜 Capriccio,,2.0,7.0,,,,,,,,,,,,,,
115,破邪の小太刀,,2.0,2.0,4.0,5.0,12.0,9.0,15.0,19.0,3.0,23.0,22.0,18.0,13.0,17.0,14,13
116,Dream Land,,1.0,2.0,1.0,6.0,18.0,25.0,32.0,48.0,29.0,52.0,47.0,48.0,31.0,49.0,36,47
117,Lotus Road,,1.0,,,1.0,3.0,1.0,3.0,2.0,5.0,4.0,5.0,2.0,3.0,3.0,3,4
118,Selection,,1.0,,,,2.0,4.0,4.0,7.0,5.0,12.0,7.0,10.0,5.0,8.0,8,9
119,アイリス,,1.0,3.0,2.0,5.0,3.0,5.0,5.0,6.0,4.0,8.0,8.0,7.0,11.0,17.0,14,13
120,いざ、倒れ逝くその時まで,,1.0,2.0,4.0,12.0,77.0,250.0,429.0,526.0,335.0,633.0,557.0,400.0,340.0,429.0,357,477
121,カナベラルの夢幻少女,,1.0,,4.0,,4.0,11.0,14.0,17.0,10.0,19.0,15.0,8.0,11.0,17.0,18,26
122,永遠の満月,,1.0,2.0,2.0,3.0,6.0,6.0,6.0,12.0,14.0,20.0,19.0,18.0,14.0,41.0,54,34
123,乙女戦士 ～ Heart of Valkyrie,,1.0,,,,,,,,,,,,,,,
124,怪綺談 〜 Mystic Spuare,,1.0,5.0,,,,,,,,,,,,,,
125,勝利デモ,,1.0,,,,1.0,2.0,3.0,5.0,0.0,5.0,1.0,7.0,1.0,5.0,1,5
126,真紅の少女 〜 Crimson Dead!!,,1.0,1.0,,8.0,9.0,11.0,20.0,16.0,10.0,30.0,25.0,22.0,19.0,25.0,39,42
127,装飾戦 〜 Decoration Battle,,1.0,,,3.0,5.0,14.0,23.0,16.0,28.0,31.0,40.0,32.0,36.0,28.0,36,36
128,魔法決戦！～Fight it out!,,1.0,2.0,1.0,,,,,,,,,,,,,
129,夢は時空を越えて,,1.0,1.0,1.0,21.0,56.0,70.0,94.0,82.0,64.0,115.0,87.0,67.0,40.0,75.0,79,76
130,恋色マスタースパーク,,,1112.0,,,,,,,,,,,,,,
131,シンデレラケージ 〜 Kagome-Kagome,,,876.0,,500.0,943.0,1007.0,898.0,917.0,659.0,1288.0,1188.0,946.0,720.0,841.0,948,1047
132,月まで届け、不死の煙,,,724.0,493.0,1283.0,3143.0,3934.0,3639.0,3870.0,3521.0,6974.0,5728.0,4424.0,3416.0,4943.0,5921,8154
133,千年幻想郷 〜 History of the Moon,,,633.0,,1173.0,2434.0,2639.0,2539.0,2659.0,2029.0,3552.0,2883.0,2321.0,1904.0,2398.0,2765,3303
134,プレインエイジア,,,615.0,435.0,725.0,1217.0,1339.0,1229.0,1216.0,809.0,1530.0,1236.0,833.0,618.0,808.0,913,998
135,竹取飛翔 〜 Lunatic Princess,,,473.0,,946.0,1837.0,2361.0,2323.0,2551.0,1846.0,3758.0,2960.0,2491.0,1874.0,2730.0,3212,3381
136,もう歌しか聞こえない,,,324.0,226.0,522.0,956.0,1061.0,922.0,1105.0,738.0,1769.0,1460.0,995.0,783.0,1030.0,1037,1337
137,ヴォヤージュ1969,,,321.0,223.0,314.0,722.0,806.0,797.0,811.0,526.0,1022.0,957.0,809.0,676.0,891.0,907,1016
138,少女綺想曲 〜 Dream Battle,,,262.0,,,,,,,,,,,,,,
139,懐かしき東方の血,,,215.0,,,,,,,,,,,,,,
140,ヴォヤージュ1970,,,213.0,74.0,172.0,390.0,436.0,436.0,465.0,309.0,616.0,570.0,433.0,375.0,448.0,471,520
141,狂気の瞳 〜 Invisible Full Moon,,,184.0,,323.0,824.0,897.0,923.0,957.0,903.0,1974.0,1915.0,1668.0,1195.0,1957.0,2385,3357
142,二色蓮花蝶 〜 Red and White,,,149.0,,,,,,,,,,,,,,
143,東方妖怪小町,,,149.0,,131.0,295.0,381.0,448.0,391.0,310.0,566.0,462.0,324.0,319.0,625.0,616,705
144,永夜の報い 〜 Imperishable Night.,,,118.0,,74.0,163.0,213.0,247.0,271.0,305.0,,,,,,,
145,蠢々秋月 〜 Mooned Insect,,,83.0,,106.0,179.0,220.0,232.0,249.0,210.0,419.0,374.0,271.0,238.0,259.0,376,444
146,夜雀の歌声 〜 Night Bird,,,55.0,,60.0,168.0,258.0,270.0,315.0,213.0,418.0,347.0,287.0,241.0,291.0,299,354
147,エクステンドアッシュ 〜 蓬莱人,,,50.0,,81.0,280.0,438.0,495.0,509.0,416.0,786.0,745.0,675.0,470.0,659.0,772,900
148,少女秘封倶楽部,,,49.0,63.0,93.0,313.0,531.0,610.0,815.0,843.0,1245.0,918.0,704.0,574.0,724.0,674,703
149,エニグマティクドール,,,33.0,16.0,33.0,93.0,124.0,173.0,187.0,166.0,293.0,254.0,223.0,181.0,229.0,269,264
150,月の妖鳥、化猫の幻,,,33.0,31.0,36.0,102.0,108.0,150.0,198.0,201.0,294.0,210.0,177.0,141.0,168.0,146,130
151,Eternal Dream 〜 幽玄の槭樹,,,30.0,,36.0,98.0,125.0,121.0,132.0,101.0,,,,,,,
152,幻視の夜 〜 Ghostly Eyes,,,28.0,,48.0,77.0,103.0,111.0,118.0,148.0,240.0,227.0,199.0,146.0,219.0,222,251
153,夜のデンデラ野を逝く,,,25.0,21.0,13.0,56.0,78.0,105.0,130.0,80.0,172.0,147.0,120.0,76.0,126.0,96,141
154,妖々跋扈 ～ Speed Fox!,,,20.0,,,,,,,,,,,,,,
155,魔術師メリー,,,18.0,9.0,15.0,45.0,77.0,100.0,142.0,153.0,271.0,215.0,174.0,140.0,178.0,174,207
156,永夜抄 〜 Eastern Night.,,,17.0,,19.0,30.0,41.0,50.0,58.0,59.0,168.0,149.0,124.0,119.0,161.0,234,310
157,幻想の永遠祭,,,11.0,4.0,7.0,10.0,20.0,19.0,19.0,16.0,27.0,34.0,29.0,29.0,29.0,24,32
158,過去の花 〜 Fairy of Flower,,,10.0,,10.0,34.0,35.0,36.0,42.0,52.0,65.0,53.0,49.0,53.0,75.0,53,46
159,ハーセルヴズ,,,8.0,29.0,27.0,32.0,65.0,60.0,58.0,41.0,61.0,62.0,53.0,37.0,43.0,31,38
160,月見草,,,6.0,7.0,3.0,8.0,18.0,15.0,12.0,22.0,42.0,58.0,69.0,41.0,56.0,54,69
161,古の冥界寺,,,5.0,3.0,5.0,6.0,22.0,10.0,15.0,21.0,25.0,29.0,34.0,26.0,46.0,32,32
162,宵闇の魔術師,,,5.0,9.0,6.0,14.0,18.0,25.0,21.0,37.0,63.0,51.0,40.0,37.0,32.0,31,30
163,夜の鳩山を飛ぶ,,,5.0,6.0,9.0,42.0,46.0,38.0,45.0,30.0,65.0,44.0,41.0,41.0,40.0,59,59
164,幻想科学 〜 Doll's Phantom,,,4.0,,,,,,,,,,,,,,
165,稀翁玉 〜 Fairy Dance,,,3.0,,1.0,3.0,1.0,2.0,5.0,5.0,6.0,1.0,4.0,2.0,7.0,5,4
166,夢幻遊戯　～Dream War,,,3.0,5.0,,,,,,,,,,,,,
167,Maniacal Princess,,,2.0,2.0,,4.0,7.0,19.0,17.0,26.0,34.0,31.0,26.0,23.0,21.0,23,26
168,蓬莱幻想 〜 far East,,,2.0,,8.0,20.0,14.0,20.0,20.0,33.0,57.0,44.0,48.0,51.0,57.0,73,97
169,A Sacred Lot,,,1.0,,4.0,10.0,9.0,8.0,7.0,8.0,27.0,35.0,31.0,27.0,47.0,57,65
170,Bad Apple!!,,,1.0,2.0,105.0,380.0,816.0,586.0,707.0,437.0,996.0,758.0,541.0,431.0,752.0,1400,1508
171,Dreamy pilot,,,1.0,,6.0,6.0,15.0,19.0,18.0,20.0,46.0,47.0,25.0,25.0,31.0,35,32
172,End of Daylight,,,1.0,2.0,4.0,6.0,33.0,27.0,47.0,29.0,54.0,53.0,32.0,36.0,52.0,43,48
173,Inventive City,,,1.0,,1.0,1.0,7.0,6.0,6.0,4.0,7.0,6.0,6.0,7.0,18.0,14,14
174,Selene's light,,,1.0,2.0,4.0,5.0,5.0,5.0,9.0,10.0,19.0,12.0,9.0,8.0,13.0,9,24
175,エキストララブ,,,1.0,1.0,4.0,2.0,10.0,9.0,11.0,7.0,19.0,16.0,20.0,16.0,23.0,7,16
176,かわいい悪魔 〜 Innocence,,,1.0,,12.0,31.0,77.0,100.0,118.0,126.0,233.0,257.0,206.0,159.0,217.0,212,214
177,メイド幻想 〜 Icemilk Magic,,,1.0,,4.0,6.0,14.0,14.0,30.0,42.0,83.0,77.0,63.0,40.0,60.0,56,69
178,星幽天使,,,1.0,,2.0,19.0,24.0,45.0,56.0,,,,,,,,
179,東方封魔録　～浄土曼荼羅,,,1.0,,,,,,,,,,,,,,
180,東方封魔録　～幽幻乱舞,,,1.0,2.0,,,,,,,,,,,,,
181,博麗神社境内,,,1.0,5.0,3.0,14.0,18.0,26.0,36.0,31.0,50.0,39.0,18.0,17.0,27.0,23,31
182,非統一魔法世界論,,,1.0,3.0,1.0,2.0,8.0,7.0,5.0,17.0,46.0,33.0,22.0,15.0,25.0,19,21
183,風の神社,,,1.0,4.0,1.0,9.0,10.0,18.0,21.0,38.0,53.0,60.0,70.0,41.0,65.0,87,80
184,魔鏡,,,1.0,1.0,3.0,16.0,21.0,26.0,38.0,42.0,48.0,47.0,47.0,48.0,80.0,69,72
185,幽雅に咲かせ、墨染の桜 ～ Border of Life,,,,1210.0,,,,,,,,,,,,,
186,風神少女,,,,951.0,1978.0,2662.0,2469.0,2261.0,2647.0,1580.0,3203.0,2571.0,1717.0,1380.0,1834.0,1783,1997
187,幽霊楽団 ～ Phantom Ensemble,,,,838.0,,,,,,,,,,,,,
188,恋色マスタースパーク(恋色マジック),,,,659.0,1281.0,2162.0,2493.0,2143.0,2459.0,,,,,,,,
189,上海紅茶館 ～ Chinese Tea,,,,527.0,,,,,,,,,,,,,
190,六十年目の東方裁判 ～ Fate of Sixty Years,,,,440.0,,,,,,,,,,,,,
191,千年幻想郷 ～ History of the Moon,,,,438.0,,,,,,,,,,,,,
192,竹取飛翔 ～ Lunatic Princess,,,,403.0,,,,,,,,,,,,,
193,月時計 ～ ルナ・ダイアル,,,,376.0,,,,,,,,,,,,,
194,シンデレラケージ ～ Kagome-Kagome,,,,349.0,,,,,,,,,,,,,
195,彼岸帰航 ～ Riverside View,,,,315.0,,,,,,,,,,,,,
196,夜が降りてくる ～ Evening Star,,,,308.0,,,,,,,,,,,,,
197,少女綺想曲,,,,292.0,604.0,1097.0,1286.0,1418.0,1548.0,1313.0,3142.0,2429.0,1946.0,1586.0,2515.0,3138,4031
198,砕月,,,,273.0,736.0,1928.0,2805.0,3476.0,3471.0,2410.0,5037.0,4108.0,3460.0,2796.0,3820.0,3693,5380
199,東方萃夢想,,,,251.0,466.0,651.0,810.0,729.0,728.0,439.0,781.0,629.0,471.0,373.0,463.0,411,390
200,東方妖々夢 ～ Ancient Temple,,,,249.0,,,,,,,,,,,,,
201,今昔幻想郷 ～ Flower Land,,,,249.0,,,,,,,,,,,,,
202,御伽の国の鬼が島 ～ Missing Power,,,,237.0,,,,,,,,,,,,,
203,人形裁判 ～ 人の形弄びし少女,,,,206.0,,,,,,,,,,,,,
204,Demystify Feast,,,,203.0,701.0,958.0,1349.0,1156.0,1210.0,876.0,1355.0,1116.0,898.0,695.0,835.0,766,935
205,少女幻葬 ～ Necro-Fantasy,,,,198.0,,,,,,,,,,,,,
206,フラワリングナイト,,,,191.0,334.0,1662.0,1808.0,1747.0,1671.0,1359.0,3081.0,2435.0,1831.0,1370.0,2170.0,2712,3247
207,お宇佐さまの素い幡,,,,139.0,169.0,246.0,251.0,239.0,233.0,168.0,340.0,269.0,214.0,147.0,185.0,181,231
208,狂気の瞳 ～ Invisible Full Moon,,,,134.0,,,,,,,,,,,,,
209,懐かしき東方の血 ～ Old World,,,,133.0,,,,,,,,,,,,,
210,二色蓮花蝶,,,,127.0,205.0,640.0,1089.0,1024.0,1087.0,1074.0,1834.0,1616.0,1280.0,995.0,1134.0,1179,1328
211,さくらさくら ～ Japanize Dream... ,,,,122.0,,,,,,,,,,,,,
212,童祭 ～ Innocent Treasures,,,,98.0,,,,,,,,,,,,,
213,星の器 ～ Casket of Star,,,,97.0,,,,,,,,,,,,,
214,広有射怪鳥事 ～ Till When?,,,,96.0,,,,,,,,,,,,,
215,無何有の郷 ～ Deep Mountain,,,,88.0,,,,,,,,,,,,,
216,東方妖怪小町 ,,,,79.0,,,,,,,,,,,,,
217,永夜の報い ～ Imperishable Night.,,,,79.0,,,,,,,,,,,,,
218,神話幻想 ～ Infinite Being,,,,75.0,,,,,,,,,,,,,
219,春色小径 ～ Colorful Path,,,,75.0,,,,,,,,,,,,,
220,萃夢想,,,,72.0,136.0,216.0,496.0,548.0,412.0,274.0,652.0,531.0,410.0,358.0,538.0,413,533
221,ポイズンボディ ～ Forsaken Doll,,,,65.0,,,,,,,,,,,,,
222,蠢々秋月 ～ Mooned Insect,,,,63.0,,,,,,,,,,,,,
223,オリエンタルダークフライト,,,,58.0,109.0,214.0,260.0,272.0,318.0,319.0,521.0,487.0,446.0,355.0,417.0,461,567
224,夜雀の歌声 ～ Night Bird,,,,47.0,,,,,,,,,,,,,
225,エクステンドアッシュ ～ 蓬莱人,,,,47.0,,,,,,,,,,,,,
226,桜花之恋塚,,,,44.0,100.0,288.0,441.0,613.0,755.0,413.0,585.0,505.0,415.0,331.0,449.0,486,458
227,眠れる恐怖 ～ Sleeping Terror,,,,42.0,,,,,,,,,,,,,
228,妖々跋扈 ～ Who done it?,,,,26.0,,,,,,,,,,,,,
229,Eternal Dream ～ 幽玄の槭樹,,,,26.0,,,,,,,,,,,,,
230,花は幻想のままに,,,,25.0,47.0,77.0,103.0,110.0,115.0,117.0,223.0,193.0,182.0,163.0,232.0,231,236
231,幽夢 ～ Inanimate Dream,,,,24.0,,,,,,,,,,,,,
232,妖々夢 ～ Snow or Cherry Petal,,,,23.0,,,,,,,,,,,,,
233,戦迅,,,,22.0,19.0,25.0,49.0,55.0,45.0,25.0,70.0,58.0,29.0,20.0,24.0,17,30
234,幻想機械 ～ Phantom Factory(夢機械 ～ Innocent Power),,,,21.0,,,,,,,,,,,,,
235,幻視の夜 ～ Ghostly Eyes,,,,19.0,,,,,,,,,,,,,
236,科学世紀の少年少女,,,,16.0,14.0,31.0,38.0,54.0,61.0,59.0,109.0,59.0,70.0,53.0,76.0,83,78
237,裏切りの少女 ～ Judas Kiss,,,,15.0,,,,,,,,,,,,,
238,夢と現の境界,,,,15.0,10.0,29.0,49.0,67.0,90.0,82.0,128.0,129.0,98.0,95.0,100.0,87,97
239,少女神性 ～ Pandora's Box,,,,14.0,,,,,,,,,,,,,
240,仰空,,,,14.0,9.0,31.0,59.0,56.0,68.0,109.0,160.0,151.0,87.0,76.0,87.0,71,71
241,魂の花 ～ Another Dream...,,,,13.0,,,,,,,,,,,,,
242,悲しき人形 ～ Doll of Misery,,,,10.0,,,,,,,,,,,,,
243,永夜抄 ～ Eastern Night.,,,,10.0,,,,,,,,,,,,,
244,天鵞絨少女戦 ～ Velvet Battle,,,,8.0,,,,,,,,,,,,,
245,花映塚 ～ Higan Retour,,,,8.0,,,,,,,,,,,,,
246,花の映る塚,,,,8.0,3.0,9.0,21.0,18.0,18.0,19.0,53.0,34.0,26.0,27.0,41.0,53,34
247,華胥の夢,,,,7.0,9.0,17.0,21.0,29.0,35.0,28.0,59.0,50.0,49.0,44.0,60.0,48,67
248,過去の花 ～ Fairy of Flower,,,,6.0,,,,,,,,,,,,,
249,霊戦 ～ Perdition crisis,,,,5.0,,,,,,,,,,,,,
250,蓬莱幻想 ～ far East,,,,5.0,,,,,,,,,,,,,
251,此岸の塚,,,,5.0,3.0,8.0,12.0,14.0,18.0,13.0,19.0,18.0,10.0,16.0,18.0,16,22
252,珍客,,,,4.0,2.0,8.0,9.0,8.0,7.0,10.0,20.0,17.0,13.0,12.0,8.0,13,7
253,紅夜,,,,3.0,1.0,6.0,5.0,4.0,5.0,5.0,16.0,9.0,6.0,5.0,5.0,15,14
254,紅響曲 ～ Scarlet Phoneme,,,,3.0,,,,,,,,,,,,,
255,幻想科学 ～ Doll's Phantom,,,,3.0,,,,,,,,,,,,,
256,怪綺談 ～ Mystic Square,,,,3.0,,,,,,,,,,,,,
257,魔法鐘愛,,,,2.0,,3.0,2.0,4.0,3.0,2.0,5.0,10.0,8.0,8.0,6.0,4,9
258,遍参,,,,2.0,2.0,2.0,5.0,6.0,1.0,7.0,9.0,6.0,7.0,6.0,13.0,9,14
259,森閑,,,,2.0,1.0,4.0,6.0,3.0,1.0,1.0,7.0,5.0,9.0,6.0,6.0,6,7
260,禁断の魔法 ～ Forbidden Magic,,,,2.0,,,,,,,,,,,,,
261,夏明き,,,,2.0,1.0,3.0,2.0,2.0,1.0,3.0,6.0,8.0,4.0,6.0,2.0,10,15
262,遠野の森,,,,2.0,1.0,2.0,4.0,5.0,3.0,1.0,6.0,8.0,5.0,4.0,4.0,5,6
263,やみのちから,,,,2.0,5.0,9.0,16.0,15.0,16.0,11.0,23.0,26.0,13.0,15.0,23.0,24,29
264,スターボウドリーム,,,,2.0,3.0,6.0,10.0,11.0,12.0,10.0,26.0,23.0,13.0,12.0,14.0,18,16
265,かわいい悪魔 ～ Innocence,,,,2.0,,,,,,,,,,,,,
266,あゆのかぜ,,,,2.0,2.0,5.0,11.0,6.0,2.0,6.0,21.0,17.0,15.0,11.0,15.0,17,17
267,the Legend of KAGE,,,,2.0,,1.0,6.0,6.0,13.0,3.0,19.0,14.0,13.0,10.0,17.0,15,13
268,She's in a temper!!,,,,2.0,,9.0,9.0,15.0,15.0,10.0,26.0,25.0,19.0,14.0,19.0,20,32
269,Phantasmagoria,,,,2.0,3.0,5.0,9.0,11.0,12.0,13.0,22.0,25.0,14.0,18.0,9.0,23,12
270,Magic of Life,,,,2.0,,2.0,6.0,5.0,8.0,7.0,14.0,10.0,10.0,15.0,13.0,16,13
271,霊天 ～ Spiritual Heaven,,,,1.0,,,,,,,,,,,,,
272,東方の青い空,,,,1.0,,,,,1.0,1.0,2.0,3.0,1.0,2.0,1.0,4,8
273,真紅の少女 ～ Crimson Dead!!,,,,1.0,,,,,,,,,,,,,
274,死を賭して,,,,1.0,,1.0,4.0,3.0,5.0,2.0,3.0,6.0,4.0,3.0,11.0,6,4
275,幻想郷 ～ Lotus Land Story,,,,1.0,,,,,,,,,,,,,
276,久遠の楽園,,,,1.0,1.0,1.0,3.0,4.0,6.0,7.0,8.0,4.0,8.0,7.0,10.0,5,9
277,華の幻想 紅夢の宙,,,,1.0,,,,,,,,,,,,,
278,禍機,,,,1.0,1.0,2.0,4.0,1.0,1.0,3.0,8.0,9.0,4.0,5.0,10.0,11,11
279,メイド幻想 ～ Icemilk Magic,,,,1.0,,,,,,,,,,,,,
280,My Maid， Sweet Maid,,,,1.0,,,,,,,,,,,,,
281,Incomplete Plot,,,,1.0,1.0,3.0,1.0,2.0,6.0,5.0,5.0,5.0,9.0,3.0,3.0,8,5
282,Highly Responsive to Prayers,,,,1.0,,,5.0,1.0,6.0,5.0,12.0,13.0,17.0,5.0,10.0,18,14
283,Frontal Attack,,,,1.0,,,,2.0,1.0,6.0,2.0,4.0,5.0,8.0,10.0,6,10
284,Break the Sabbath,,,,1.0,1.0,,2.0,3.0,4.0,5.0,10.0,4.0,6.0,6.0,8.0,8,4
285,ネイティブフェイス,,,,,2156.0,3749.0,4144.0,3661.0,3503.0,1838.0,3726.0,3097.0,2442.0,1982.0,3039.0,3353,5096
286,信仰は儚き人間の為に,,,,,1180.0,2562.0,3425.0,3280.0,3139.0,1745.0,3461.0,2724.0,2177.0,1681.0,2446.0,2467,2860
287,神々が恋した幻想郷,,,,,1105.0,2553.0,3313.0,3972.0,5362.0,3366.0,6171.0,5050.0,3862.0,3196.0,4455.0,5425,7015
288,神さびた古戦場 〜 Suwa Foughten Field,,,,,1036.0,2483.0,3143.0,2626.0,2410.0,1010.0,1888.0,1361.0,1158.0,854.0,1120.0,1120,1333
289,厄神様の通り道 〜 Dark Road,,,,,825.0,1304.0,1528.0,1529.0,1523.0,649.0,1373.0,1110.0,886.0,653.0,856.0,1007,1439
290,フォールオブフォール 〜 秋めく滝,,,,,754.0,1607.0,2123.0,2256.0,2633.0,1559.0,2776.0,2355.0,1729.0,1400.0,1775.0,1640,2403
291,妖怪の山 〜 Mysterious Mountain,,,,,651.0,1138.0,1268.0,2193.0,2355.0,1171.0,2009.0,1662.0,1304.0,1074.0,1449.0,1394,1500
292,運命のダークサイド,,,,,614.0,1413.0,1985.0,2069.0,1930.0,901.0,2062.0,1785.0,1222.0,899.0,1199.0,1114,1658
293,芥川龍之介の河童 〜 Candid Friend,,,,,611.0,1297.0,1645.0,1894.0,1783.0,1040.0,2082.0,1654.0,1286.0,1046.0,1389.0,1404,1971
294,六十年目の東方裁判 〜 Fate of Sixty Years,,,,,586.0,1039.0,1380.0,1145.0,1273.0,1073.0,2395.0,1913.0,1660.0,1307.0,1780.0,2016,2419
295,東の国の眠らない夜,,,,,569.0,1055.0,1336.0,1291.0,1446.0,799.0,1392.0,1251.0,984.0,796.0,878.0,882,1046
296,レトロスペクティブ京都,,,,,539.0,792.0,921.0,795.0,844.0,411.0,768.0,711.0,536.0,454.0,530.0,604,618
297,彼岸帰航 〜 Riverside View,,,,,378.0,841.0,848.0,748.0,766.0,459.0,868.0,755.0,551.0,491.0,627.0,593,653
298,稲田姫様に叱られるから,,,,,369.0,696.0,1455.0,1444.0,1473.0,715.0,1293.0,1261.0,921.0,739.0,1003.0,1074,1297
299,今昔幻想郷 〜 Flower Land,,,,,332.0,754.0,997.0,1104.0,1071.0,491.0,772.0,696.0,461.0,361.0,463.0,612,722
300,明日ハレの日、ケの昨日,,,,,326.0,917.0,1490.0,1507.0,1883.0,1082.0,1831.0,1626.0,1286.0,1128.0,1475.0,1436,1698
301,少女が見た日本の原風景,,,,,300.0,750.0,1063.0,1141.0,1354.0,795.0,1598.0,1272.0,1047.0,862.0,1182.0,1104,1228
302,懐かしき東方の血 〜 Old World,,,,,270.0,614.0,784.0,890.0,936.0,584.0,1100.0,923.0,742.0,562.0,713.0,743,1044
303,夜が降りてくる 〜 Evening Star,,,,,270.0,514.0,754.0,754.0,793.0,585.0,,,,,,,
304,童祭 〜 Innocent Treasures,,,,,247.0,375.0,608.0,613.0,958.0,645.0,1114.0,907.0,707.0,647.0,975.0,926,886
305,御伽の国の鬼が島 〜 Missing Power,,,,,214.0,521.0,773.0,782.0,717.0,428.0,674.0,572.0,509.0,386.0,501.0,558,539
306,御柱の墓場 〜 Grave of Being,,,,,205.0,459.0,500.0,452.0,502.0,215.0,370.0,304.0,229.0,178.0,240.0,229,276
307,天空のグリニッジ,,,,,180.0,812.0,1222.0,1370.0,1859.0,1562.0,2485.0,2078.0,1457.0,1061.0,1538.0,1261,1322
308,夢消失 〜 Lost Dream,,,,,168.0,711.0,853.0,873.0,934.0,563.0,1040.0,925.0,715.0,581.0,861.0,781,816
309,ヒロシゲ36号 〜 Neo Super-Express,,,,,122.0,260.0,443.0,632.0,922.0,693.0,1075.0,875.0,732.0,627.0,860.0,780,974
310,春色小径 〜 Colorful Path,,,,,112.0,206.0,327.0,286.0,359.0,296.0,547.0,463.0,388.0,325.0,386.0,325,556
311,車椅子の未来宇宙,,,,,93.0,255.0,308.0,365.0,426.0,336.0,482.0,407.0,317.0,301.0,356.0,311,307
312,妖々跋扈 〜 Who done it!,,,,,76.0,246.0,340.0,328.0,340.0,274.0,422.0,387.0,269.0,237.0,290.0,348,459
313,サニーミルクの紅霧異変,,,,,74.0,155.0,182.0,148.0,213.0,128.0,255.0,245.0,189.0,153.0,190.0,183,214
314,人恋し神様 〜 Romantic Fall,,,,,74.0,218.0,404.0,371.0,433.0,192.0,326.0,278.0,243.0,180.0,247.0,249,301
315,衛星カフェテラス,,,,,65.0,115.0,166.0,251.0,273.0,240.0,391.0,354.0,302.0,309.0,413.0,371,345
316,G Free,,,,,65.0,178.0,227.0,265.0,280.0,223.0,303.0,256.0,199.0,165.0,219.0,172,248
317,ポイズンボディ 〜 Forsaken Doll,,,,,65.0,136.0,198.0,208.0,207.0,139.0,220.0,193.0,160.0,132.0,184.0,194,262
318,月面ツアーへようこそ,,,,,64.0,109.0,108.0,121.0,132.0,149.0,236.0,228.0,187.0,161.0,194.0,153,185
319,スターヴォヤージュ2008,,,,,52.0,105.0,97.0,127.0,149.0,77.0,116.0,83.0,79.0,61.0,84.0,57,78
320,Tabula rasa 〜 空白少女,,,,,51.0,147.0,145.0,157.0,156.0,122.0,192.0,169.0,127.0,123.0,165.0,138,142
321,風の循環 〜 Wind Tour,,,,,51.0,77.0,87.0,95.0,76.0,25.0,85.0,65.0,54.0,43.0,58.0,53,66
322,天狗が見ている 〜 Black Eyes,,,,,47.0,82.0,78.0,76.0,62.0,52.0,96.0,93.0,65.0,61.0,81.0,85,80
323,大空魔術 〜 Magical Astronomy,,,,,38.0,84.0,133.0,157.0,161.0,113.0,205.0,201.0,151.0,116.0,189.0,149,146
324,サニールチルフレクション,,,,,37.0,83.0,138.0,117.0,111.0,60.0,101.0,80.0,50.0,44.0,55.0,43,49
325,最も澄みわたる空と海,,,,,36.0,75.0,98.0,100.0,124.0,94.0,177.0,144.0,124.0,151.0,171.0,182,184
326,呑んべぇのレムリア,,,,,31.0,155.0,162.0,153.0,155.0,77.0,142.0,141.0,116.0,86.0,111.0,93,104
327,テーマ・オブ・イースタンストーリー,,,,,28.0,45.0,40.0,52.0,64.0,81.0,138.0,115.0,98.0,83.0,170.0,137,130
328,幻想機械 〜 Phantom Factory(幻想科学 〜 Doll's Phantom),,,,,27.0,53.0,78.0,80.0,99.0,,,,,,,,
329,神は恵みの雨を降らす 〜 Sylphid Dream,,,,,24.0,47.0,78.0,58.0,55.0,34.0,68.0,50.0,47.0,38.0,60.0,52,64
330,天狗の手帖 〜 Mysterious Note,,,,,24.0,28.0,32.0,30.0,34.0,27.0,88.0,72.0,67.0,57.0,73.0,70,65
331,封印されし神々,,,,,21.0,40.0,61.0,56.0,49.0,49.0,106.0,99.0,110.0,87.0,123.0,144,192
332,花映塚 〜 Higan Retour,,,,,21.0,42.0,43.0,64.0,62.0,,,,,,,,
333,53ミニッツの青い海,,,,,20.0,46.0,57.0,80.0,103.0,112.0,180.0,157.0,142.0,115.0,135.0,203,206
334,夜だから眠れない,,,,,19.0,43.0,61.0,52.0,73.0,53.0,86.0,64.0,45.0,57.0,52.0,75,79
335,ジャパニーズサーガ,,,,,15.0,33.0,46.0,54.0,146.0,107.0,182.0,129.0,117.0,99.0,108.0,77,65
336,向こう側の月,,,,,15.0,27.0,41.0,60.0,65.0,52.0,118.0,105.0,92.0,102.0,150.0,139,115
337,妖精燦々として,,,,,14.0,19.0,26.0,25.0,26.0,36.0,38.0,32.0,33.0,35.0,36.0,44,52
338,雪月桜花の国,,,,,13.0,43.0,49.0,63.0,68.0,36.0,77.0,53.0,55.0,51.0,54.0,59,48
339,青木ヶ原の伝説,,,,,13.0,33.0,47.0,47.0,67.0,35.0,63.0,56.0,45.0,50.0,58.0,58,63
340,麓の神社,,,,,9.0,20.0,18.0,22.0,25.0,17.0,41.0,30.0,22.0,30.0,34.0,36,45
341,魂の花 〜 Another Dream...,,,,,8.0,14.0,20.0,21.0,22.0,25.0,47.0,44.0,26.0,32.0,37.0,41,34
342,阿礼の子供,,,,,8.0,20.0,29.0,30.0,60.0,43.0,65.0,62.0,49.0,35.0,53.0,49,52
343,プレイヤーズスコア,,,,,7.0,26.0,49.0,48.0,53.0,28.0,88.0,73.0,68.0,36.0,80.0,67,69
344,魔法決戦！ 〜 Fight it out!,,,,,6.0,10.0,15.0,9.0,12.0,13.0,19.0,15.0,9.0,11.0,15.0,20,33
345,博麗 〜 Eastern Wind,,,,,6.0,27.0,30.0,30.0,43.0,21.0,49.0,34.0,32.0,32.0,46.0,34,50
346,幻想郷 〜 Lotus Land Story,,,,,5.0,8.0,14.0,14.0,16.0,16.0,31.0,26.0,20.0,6.0,34.0,21,40
347,Castle Explorer -in the Sky-,,,,,3.0,4.0,6.0,9.0,10.0,10.0,20.0,13.0,13.0,14.0,26.0,16,16
348,オルレアンの聖騎士,,,,,3.0,4.0,6.0,6.0,12.0,5.0,13.0,13.0,7.0,19.0,14.0,5,18
349,My Maid，Sweet Maid,,,,,2.0,4.0,4.0,6.0,11.0,,,,,,,,
350,月輪,,,,,2.0,,,1.0,1.0,0.0,9.0,6.0,7.0,1.0,8.0,18,14
351,世界の果て 〜 World's End,,,,,2.0,4.0,4.0,6.0,5.0,4.0,12.0,17.0,11.0,7.0,16.0,23,19
352,霊天 〜 Spiritual Heaven,,,,,2.0,3.0,2.0,4.0,8.0,8.0,9.0,14.0,13.0,9.0,15.0,13,17
353,Plastic Space,,,,,2.0,1.0,2.0,4.0,4.0,1.0,7.0,5.0,7.0,6.0,9.0,8,5
354,東方封魔録 〜 幽幻乱舞,,,,,2.0,1.0,2.0,2.0,4.0,5.0,10.0,8.0,12.0,9.0,12.0,14,8
355,幽境,,,,,2.0,1.0,3.0,3.0,,3.0,8.0,3.0,1.0,3.0,4.0,10,6
356,Arcadian Dream,,,,,1.0,,1.0,6.0,5.0,0.0,6.0,9.0,1.0,4.0,5.0,5,7
357,Mystic Dream,,,,,1.0,4.0,2.0,1.0,4.0,3.0,7.0,4.0,5.0,5.0,4.0,5,8
358,Peaceful,,,,,1.0,,,1.0,1.0,1.0,6.0,1.0,2.0,3.0,3.0,3,4
359,魔法陣 〜 Magic Square,,,,,1.0,,2.0,4.0,4.0,2.0,8.0,9.0,4.0,5.0,8.0,6,7
360,Endless,,,,,1.0,,,1.0,1.0,1.0,2.0,5.0,8.0,2.0,2.0,1,5
361,Intermezzo,,,,,1.0,2.0,2.0,,2.0,2.0,6.0,3.0,2.0,2.0,6.0,7,5
362,The Positive and Negative,,,,,1.0,4.0,10.0,9.0,9.0,21.0,22.0,39.0,20.0,17.0,29.0,22,33
363,乙女戦士 〜 Heart of Valkyrie,,,,,1.0,6.0,8.0,12.0,5.0,5.0,9.0,7.0,9.0,8.0,8.0,11,13
364,魂の休らむ所,,,,,1.0,4.0,,3.0,3.0,1.0,7.0,3.0,7.0,9.0,7.0,4,
365,天使伝説,,,,,1.0,4.0,10.0,17.0,18.0,11.0,23.0,24.0,27.0,20.0,25.0,35,36
366,封魔終演,,,,,1.0,1.0,,2.0,2.0,1.0,8.0,3.0,3.0,4.0,3.0,4,6
367,裏心,,,,,1.0,1.0,,,,0.0,1.0,6.0,,1.0,5.0,4,5
368,少女さとり 〜 3rd eye,,,,,,3869.0,5298.0,4864.0,4615.0,2487.0,4751.0,3634.0,2820.0,2342.0,2894.0,2774,3544
369,霊知の太陽信仰 〜 Nuclear Fusion,,,,,,2580.0,4433.0,4503.0,4061.0,1689.0,3052.0,2246.0,1857.0,1437.0,1784.0,1724,2144
370,ハルトマンの妖怪少女,,,,,,2051.0,3171.0,3503.0,3844.0,4342.0,7430.0,6070.0,4866.0,3686.0,6204.0,6211,9215
371,死体旅行 〜 Be of good cheer!,,,,,,1378.0,1113.0,1021.0,944.0,389.0,784.0,706.0,543.0,405.0,526.0,501,582
372,華のさかづき大江山,,,,,,1315.0,1025.0,940.0,861.0,399.0,819.0,648.0,485.0,340.0,485.0,423,514
373,緑眼のジェラシー,,,,,,1304.0,1521.0,1391.0,1323.0,894.0,1682.0,1376.0,997.0,783.0,1085.0,920,1125
374,廃獄ララバイ,,,,,,1028.0,1361.0,1617.0,1752.0,1043.0,1851.0,1525.0,1324.0,1133.0,1399.0,1287,1389
375,ラストリモート,,,,,,918.0,1640.0,2332.0,3261.0,2611.0,4256.0,3303.0,2551.0,1992.0,2667.0,2693,3041
376,有頂天変 〜 Wonderful Heaven,,,,,,827.0,1047.0,1236.0,1197.0,858.0,1649.0,1339.0,1443.0,1011.0,1229.0,1539,1464
377,黒い海に紅く 〜 Legendary Fish,,,,,,789.0,638.0,532.0,449.0,234.0,423.0,371.0,256.0,228.0,249.0,252,400
378,東方緋想天,,,,,,743.0,932.0,913.0,900.0,584.0,1070.0,799.0,659.0,501.0,715.0,587,592
379,旧地獄街道を行く,,,,,,691.0,590.0,615.0,633.0,290.0,652.0,522.0,418.0,348.0,517.0,660,728
380,幼心地の有頂天,,,,,,668.0,731.0,766.0,752.0,408.0,737.0,628.0,606.0,400.0,473.0,450,447
381,ハートフェルトファンシー,,,,,,416.0,472.0,487.0,504.0,347.0,591.0,535.0,393.0,356.0,436.0,396,409
382,天衣無縫,,,,,,400.0,460.0,563.0,552.0,260.0,373.0,395.0,525.0,347.0,362.0,380,688
383,緋想天,,,,,,338.0,355.0,405.0,377.0,210.0,477.0,381.0,360.0,278.0,417.0,344,332
384,渡る者の途絶えた橋,,,,,,258.0,298.0,293.0,283.0,206.0,344.0,304.0,239.0,217.0,301.0,263,293
385,封じられた妖怪 〜 Lost Place,,,,,,236.0,228.0,254.0,254.0,111.0,239.0,207.0,154.0,117.0,142.0,166,173
386,地の色は黄色,,,,,,235.0,209.0,235.0,276.0,189.0,363.0,303.0,390.0,226.0,241.0,211,526
387,業火マントル,,,,,,229.0,245.0,303.0,308.0,179.0,331.0,289.0,208.0,200.0,207.0,186,229
388,暗闇の風穴,,,,,,136.0,157.0,215.0,189.0,154.0,276.0,252.0,212.0,172.0,233.0,189,234
389,地霊達の起床,,,,,,119.0,78.0,75.0,67.0,52.0,97.0,79.0,71.0,77.0,86.0,64,93
390,妖怪宇宙旅行,,,,,,91.0,97.0,93.0,114.0,83.0,148.0,104.0,86.0,65.0,99.0,60,82
391,雲外蒼天,,,,,,69.0,57.0,63.0,50.0,29.0,46.0,51.0,28.0,29.0,24.0,36,36
392,踊る水飛沫,,,,,,58.0,54.0,47.0,72.0,60.0,98.0,96.0,85.0,59.0,73.0,95,76
393,エネルギー黎明 〜 Future Dream...,,,,,,58.0,83.0,92.0,78.0,,,,,,,,
394,地霊達の帰宅,,,,,,45.0,29.0,41.0,29.0,17.0,43.0,43.0,31.0,31.0,31.0,38,57
395,香る樹葉花,,,,,,45.0,40.0,37.0,35.0,56.0,80.0,83.0,102.0,69.0,90.0,81,79
396,綿月のスペルカード 〜 Lunatic Blue,,,,,,41.0,79.0,56.0,75.0,64.0,95.0,96.0,78.0,61.0,79.0,130,138
397,嘲りの遊戯,,,,,,30.0,19.0,31.0,20.0,14.0,26.0,28.0,21.0,16.0,12.0,16,25
398,暮色蒼然,,,,,,25.0,46.0,66.0,61.0,32.0,56.0,57.0,37.0,39.0,54.0,55,72
399,冷吟閑酔,,,,,,13.0,9.0,19.0,13.0,6.0,19.0,9.0,15.0,17.0,32.0,41,41
400,以魚駆蠅,,,,,,10.0,8.0,9.0,5.0,3.0,13.0,8.0,7.0,2.0,8.0,8,8
401,日常坐臥,,,,,,9.0,9.0,11.0,6.0,6.0,19.0,15.0,9.0,9.0,10.0,12,12
402,甲論乙駁,,,,,,9.0,28.0,25.0,46.0,50.0,111.0,83.0,88.0,71.0,77.0,70,64
403,放縦不羈,,,,,,5.0,10.0,15.0,8.0,7.0,9.0,2.0,5.0,1.0,3.0,6,13
404,東方封魔録 〜 浄土曼荼羅,,,,,,4.0,6.0,11.0,7.0,11.0,14.0,12.0,6.0,8.0,15.0,29,23
405,風光明媚,,,,,,4.0,4.0,5.0,4.0,3.0,7.0,3.0,2.0,1.0,5.0,6,6
406,Civilization of Magic,,,,,,3.0,6.0,22.0,27.0,27.0,55.0,51.0,44.0,50.0,53.0,45,63
407,幻夢界,,,,,,2.0,5.0,8.0,13.0,4.0,17.0,16.0,17.0,17.0,16.0,18,22
408,Oriental Magician,,,,,,2.0,1.0,5.0,6.0,7.0,12.0,6.0,5.0,6.0,9.0,10,13
409,秋霜玉 〜 Clockworks,,,,,,2.0,3.0,2.0,2.0,16.0,9.0,12.0,5.0,6.0,13.0,12,17
410,新幻想 〜 New Fantasy,,,,,,2.0,1.0,8.0,10.0,,12.0,6.0,8.0,5.0,10.0,11,19
411,幻想の住人,,,,,,1.0,1.0,1.0,1.0,0.0,3.0,0.0,9.0,3.0,4.0,6,3
412,Crescent Dream,,,,,,1.0,10.0,7.0,10.0,15.0,26.0,16.0,11.0,19.0,30.0,21,22
413,ゲームオーバー,,,,,,1.0,4.0,2.0,2.0,2.0,13.0,5.0,8.0,1.0,9.0,8,11
414,久遠の夢,,,,,,1.0,,5.0,3.0,4.0,8.0,6.0,2.0,3.0,4.0,10,10
415,華の幻想　紅夢の宙,,,,,,1.0,1.0,2.0,2.0,7.0,12.0,8.0,7.0,6.0,9.0,11,9
416,感情の摩天楼 〜 Cosmic Mind,,,,,,,5591.0,6344.0,6328.0,3213.0,5014.0,3638.0,2996.0,2221.0,2805.0,2756,2956
417,平安のエイリアン,,,,,,,2972.0,2894.0,2488.0,1251.0,2530.0,1949.0,1462.0,1061.0,1296.0,1460,1606
418,ぼくらの非想天則,,,,,,,2412.0,1797.0,1106.0,252.0,492.0,443.0,311.0,264.0,260.0,212,258
419,春の湊に,,,,,,,1913.0,2124.0,2119.0,1248.0,2062.0,1855.0,1445.0,1151.0,1519.0,1130,1490
420,小さな小さな賢将,,,,,,,1599.0,1081.0,828.0,328.0,650.0,560.0,373.0,294.0,407.0,276,375
421,幽霊客船の時空を越えた旅,,,,,,,1565.0,1375.0,968.0,512.0,840.0,673.0,608.0,473.0,745.0,756,794
422,虎柄の毘沙門天,,,,,,,1419.0,1272.0,999.0,505.0,897.0,642.0,428.0,324.0,380.0,336,377
423,キャプテン・ムラサ,,,,,,,1406.0,1025.0,636.0,291.0,485.0,453.0,376.0,274.0,338.0,428,529
424,アンノウンX 〜 Unfound Adventure,,,,,,,1200.0,790.0,579.0,210.0,407.0,,,,,,
425,万年置き傘にご注意を,,,,,,,1026.0,999.0,791.0,544.0,1072.0,1008.0,694.0,530.0,721.0,796,864
426,夜空のユーフォーロマンス,,,,,,,898.0,739.0,595.0,477.0,717.0,610.0,498.0,443.0,519.0,470,543
427,悠久の蒸気機関,,,,,,,784.0,682.0,571.0,225.0,429.0,357.0,492.0,321.0,356.0,263,239
428,法界の火,,,,,,,528.0,664.0,536.0,340.0,570.0,450.0,363.0,315.0,418.0,336,357
429,時代親父とハイカラ少女,,,,,,,508.0,349.0,227.0,208.0,324.0,254.0,202.0,135.0,165.0,141,162
430,君はあの影を見たか,,,,,,,496.0,451.0,364.0,170.0,292.0,292.0,217.0,159.0,193.0,139,162
431,魔界地方都市エソテリア,,,,,,,491.0,576.0,455.0,221.0,376.0,394.0,284.0,241.0,322.0,302,324
432,キュアリアス上海古牌,,,,,,,238.0,229.0,309.0,147.0,217.0,188.0,144.0,104.0,164.0,115,144
433,空の帰り道 〜 Sky Dream,,,,,,,219.0,191.0,133.0,65.0,80.0,83.0,57.0,51.0,70.0,65,70
434,スカイルーイン,,,,,,,173.0,165.0,126.0,69.0,119.0,121.0,81.0,84.0,97.0,66,89
435,魔法使いの憂鬱,,,,,,,131.0,136.0,154.0,152.0,280.0,243.0,228.0,163.0,236.0,186,256
436,人形のある風景,,,,,,,123.0,116.0,91.0,32.0,57.0,39.0,32.0,19.0,24.0,16,20
437,可愛い大戦争のリフレーン,,,,,,,115.0,469.0,269.0,85.0,170.0,141.0,97.0,76.0,109.0,97,107
438,巨大な影と小さな結末,,,,,,,112.0,92.0,64.0,32.0,58.0,42.0,33.0,28.0,20.0,17,23
439,空に浮かぶ物体X,,,,,,,102.0,75.0,55.0,14.0,33.0,25.0,23.0,20.0,28.0,13,24
440,青空の影,,,,,,,92.0,58.0,44.0,28.0,52.0,47.0,38.0,32.0,53.0,39,52
441,AN ORDEAL FROM GOD,,,,,,,68.0,76.0,83.0,47.0,58.0,49.0,48.0,53.0,65.0,45,66
442,閉ざせし雲の通い路,,,,,,,67.0,81.0,55.0,35.0,81.0,47.0,58.0,44.0,50.0,66,70
443,二つの世界,,,,,,,52.0,49.0,61.0,42.0,71.0,44.0,35.0,23.0,27.0,28,18
444,伝説の巨神,,,,,,,41.0,29.0,15.0,7.0,12.0,10.0,11.0,4.0,5.0,8,14
445,フェアリー冒険譚,,,,,,,16.0,13.0,11.0,30.0,48.0,40.0,29.0,15.0,21.0,25,27
446,妖怪寺,,,,,,,11.0,18.0,8.0,5.0,14.0,9.0,7.0,7.0,3.0,6,11
447,陽落ちて,,,,,,,2.0,1.0,,5.0,2.0,5.0,3.0,2.0,1.0,4,1
448,神社,,,,,,,2.0,3.0,3.0,1.0,4.0,3.0,3.0,6.0,4.0,2,10
449,霊人の休日,,,,,,,1.0,1.0,2.0,0.0,2.0,3.0,3.0,5.0,5.0,3,4
450,タイトルドメイド,,,,,,,1.0,1.0,1.0,4.0,7.0,2.0,2.0,2.0,3.0,2,1
451,メイガスナイト,,,,,,,,2484.0,2926.0,1933.0,3261.0,2619.0,2010.0,1424.0,1663.0,1571,1788
452,無間の鐘 〜 Infinite Nightmare,,,,,,,,1987.0,1836.0,802.0,1197.0,959.0,754.0,614.0,716.0,639,574
453,妖精大戦争 〜 Fairy Wars,,,,,,,,801.0,607.0,231.0,526.0,388.0,333.0,256.0,329.0,237,254
454,あなたの町の怪事件,,,,,,,,701.0,413.0,139.0,223.0,185.0,161.0,132.0,121.0,142,116
455,妖怪モダンコロニー,,,,,,,,416.0,278.0,95.0,162.0,135.0,99.0,97.0,107.0,121,122
456,真夜中のフェアリーダンス,,,,,,,,365.0,262.0,223.0,438.0,370.0,306.0,257.0,349.0,293,278
457,いたずらに命をかけて,,,,,,,,363.0,273.0,146.0,278.0,223.0,169.0,129.0,138.0,113,133
458,ルーズレイン,,,,,,,,295.0,244.0,169.0,228.0,187.0,152.0,120.0,128.0,101,114
459,年中夢中の好奇心,,,,,,,,257.0,271.0,102.0,205.0,150.0,125.0,121.0,141.0,109,114
460,ネメシスの要塞,,,,,,,,203.0,87.0,28.0,56.0,42.0,39.0,25.0,26.0,19,31
461,春の氷精,,,,,,,,110.0,49.0,27.0,44.0,32.0,30.0,22.0,32.0,43,42
462,ニュースハウンド,,,,,,,,69.0,37.0,13.0,31.0,29.0,16.0,11.0,14.0,21,19
463,春の氷精　- 静 -,,,,,,,,29.0,13.0,6.0,19.0,7.0,11.0,7.0,10.0,16,12
464,神域のかくれんぼ暮らし,,,,,,,,22.0,19.0,12.0,32.0,23.0,10.0,19.0,16.0,14,12
465,Border Land,,,,,,,,4.0,6.0,0.0,3.0,5.0,1.0,3.0,8.0,6,7
466,魔所,,,,,,,,1.0,,0.0,5.0,1.0,4.0,,1.0,6,10
467,Days,,,,,,,,1.0,1.0,0.0,2.0,1.0,4.0,3.0,2.0,2,4
468,デザイアドライブ,,,,,,,,,3415.0,2205.0,3722.0,2884.0,2383.0,1853.0,2340.0,2375,2898
469,聖徳伝説 〜 True Administrator,,,,,,,,,2701.0,1381.0,2259.0,1657.0,1392.0,933.0,1476.0,1524,1691
470,古きユアンシェン,,,,,,,,,2338.0,1026.0,1883.0,1483.0,1149.0,826.0,1140.0,982,1109
471,佐渡の二ッ岩,,,,,,,,,1472.0,530.0,971.0,731.0,558.0,388.0,492.0,444,532
472,リジッドパラダイス,,,,,,,,,1170.0,229.0,443.0,389.0,276.0,181.0,273.0,248,294
473,死霊の夜桜,,,,,,,,,967.0,598.0,1031.0,838.0,777.0,631.0,840.0,666,668
474,大神神話伝,,,,,,,,,781.0,337.0,534.0,585.0,434.0,328.0,479.0,619,622
475,素敵な墓場で暮しましょ,,,,,,,,,340.0,215.0,312.0,284.0,225.0,182.0,227.0,274,257
476,未知の花 魅知の旅,,,,,,,,,330.0,150.0,238.0,178.0,149.0,252.0,260.0,203,193
477,夢殿大祀廟,,,,,,,,,283.0,176.0,269.0,265.0,260.0,239.0,354.0,353,375
478,妖怪裏参道,,,,,,,,,273.0,159.0,234.0,194.0,176.0,136.0,168.0,157,170
479,ゴーストリード,,,,,,,,,268.0,59.0,137.0,127.0,89.0,73.0,86.0,74,72
480,小さな欲望の星空,,,,,,,,,219.0,108.0,169.0,131.0,105.0,90.0,116.0,118,119
481,デザイアドリーム,,,,,,,,,190.0,79.0,151.0,123.0,106.0,82.0,95.0,114,130
482,妖怪寺へようこそ,,,,,,,,,175.0,42.0,75.0,55.0,46.0,44.0,50.0,58,55
483,門前の妖怪小娘,,,,,,,,,108.0,46.0,99.0,90.0,62.0,47.0,56.0,67,64
484,欲深き霊魂,,,,,,,,,96.0,25.0,61.0,59.0,52.0,42.0,56.0,46,58
485,神社の新しい風,,,,,,,,,3.0,1.0,5.0,2.0,3.0,,3.0,6,10
486,輝く針の小人族 〜 Little Princess,,,,,,,,,,3663.0,5631.0,3939.0,3558.0,2722.0,3490.0,2988,2709
487,恋色マスタースパーク（恋色マジック）,,,,,,,,,,2227.0,5129.0,4114.0,3026.0,2524.0,4110.0,5861,7883
488,始原のビート 〜 Pristine Beat,,,,,,,,,,1280.0,2159.0,1751.0,1491.0,1041.0,1266.0,1147,1132
489,リバースイデオロギー,,,,,,,,,,1245.0,2093.0,1812.0,1290.0,845.0,1055.0,1230,1356
490,おてんば恋娘（おてんば恋娘の冒険）,,,,,,,,,,1111.0,,,,,,,
491,ラストオカルティズム 〜 現し世の秘術師,,,,,,,,,,989.0,1533.0,1214.0,1172.0,755.0,810.0,789,793
492,亡失のエモーション,,,,,,,,,,895.0,1286.0,1177.0,980.0,731.0,786.0,935,1006
493,華狭間のバトルフィールド,,,,,,,,,,758.0,829.0,467.0,353.0,224.0,289.0,322,332
494,不思議なお祓い棒,,,,,,,,,,643.0,917.0,781.0,816.0,728.0,866.0,693,711
495,満月の竹林,,,,,,,,,,624.0,853.0,705.0,555.0,399.0,453.0,352,348
496,幻想浄瑠璃,,,,,,,,,,583.0,821.0,783.0,727.0,580.0,831.0,760,668
497,永遠の三日天下,,,,,,,,,,545.0,728.0,611.0,498.0,372.0,398.0,418,369
498,柳の下のデュラハン,,,,,,,,,,355.0,654.0,484.0,341.0,232.0,255.0,343,312
499,空中に沈む輝針城,,,,,,,,,,287.0,414.0,353.0,290.0,221.0,263.0,246,263
500,孤独なウェアウルフ,,,,,,,,,,218.0,389.0,323.0,251.0,157.0,173.0,158,174
501,ミストレイク,,,,,,,,,,213.0,337.0,322.0,218.0,188.0,229.0,164,167
502,ロマンチック逃飛行,,,,,,,,,,188.0,227.0,178.0,146.0,129.0,133.0,106,103
503,幻想郷の二ッ岩,,,,,,,,,,188.0,270.0,200.0,139.0,82.0,92.0,72,79
504,イザナギオブジェクト,,,,,,,,,,179.0,291.0,247.0,221.0,160.0,195.0,192,186
505,不可能弾幕には反則を,,,,,,,,,,169.0,230.0,171.0,133.0,98.0,129.0,143,144
506,秘境のマーメイド,,,,,,,,,,157.0,303.0,299.0,197.0,171.0,209.0,207,203
507,心綺楼囃子,,,,,,,,,,154.0,226.0,173.0,194.0,130.0,227.0,206,171
508,衛星トリフネ,,,,,,,,,,135.0,182.0,149.0,112.0,88.0,141.0,103,127
509,アガルタの風,,,,,,,,,,123.0,158.0,153.0,164.0,115.0,175.0,169,143
510,緑のサナトリウム,,,,,,,,,,107.0,177.0,136.0,113.0,80.0,98.0,90,90
511,日本中の不思議を集めて,,,,,,,,,,89.0,151.0,143.0,137.0,125.0,194.0,167,154
512,牛に引かれて善光寺参り,,,,,,,,,,89.0,123.0,103.0,93.0,81.0,115.0,99,118
513,マジカルストーム,,,,,,,,,,76.0,81.0,69.0,55.0,55.0,58.0,56,39
514,魔力の雷雲,,,,,,,,,,74.0,82.0,84.0,70.0,56.0,77.0,75,68
515,不思議な不思議な道具達,,,,,,,,,,66.0,121.0,96.0,81.0,78.0,78.0,66,81
516,トロヤ群の密林,,,,,,,,,,61.0,99.0,103.0,70.0,53.0,64.0,57,95
517,竹林インフレイム,,,,,,,,,,58.0,150.0,193.0,76.0,113.0,94.0,90,95
518,花映塚,,,,,,,,,,57.0,108.0,103.0,83.0,88.0,118.0,127,159
519,幻想機械 〜 Phantom Factory（幻想科学 〜 Doll's Phantom）,,,,,,,,,,52.0,,,,,,,
520,ミッドナイトスペルカード,,,,,,,,,,49.0,56.0,43.0,34.0,20.0,37.0,28,32
521,サーカスレヴァリエ（機械サーカス 〜 Reverie）,,,,,,,,,,47.0,,,,,,,
522,外界フォークロア,,,,,,,,,,45.0,91.0,75.0,93.0,49.0,58.0,61,56
523,心揺さぶる都市伝説,,,,,,,,,,44.0,57.0,49.0,38.0,20.0,26.0,21,26
524,運河を行き交う人妖,,,,,,,,,,43.0,60.0,69.0,58.0,35.0,54.0,50,51
525,天鳥船神社,,,,,,,,,,39.0,49.0,52.0,49.0,29.0,51.0,69,56
526,反則の狼煙を上げろ,,,,,,,,,,38.0,90.0,70.0,60.0,34.0,53.0,47,54
527,エネルギー黎明 ～ Future Dream...,,,,,,,,,,37.0,77.0,56.0,47.0,32.0,43.0,36,34
528,星幽天使（星幽剣士）,,,,,,,,,,36.0,,,,,,,
529,対蹠地の鐘,,,,,,,,,,33.0,65.0,61.0,58.0,32.0,31.0,21,29
530,針小棒大の天守閣,,,,,,,,,,31.0,51.0,21.0,27.0,31.0,29.0,44,41
531,オカルトアラカルト,,,,,,,,,,30.0,114.0,118.0,92.0,42.0,48.0,41,48
532,天鳥船神社の結界,,,,,,,,,,29.0,61.0,49.0,45.0,26.0,56.0,61,71
533,塵界不変のペシミズム,,,,,,,,,,24.0,34.0,18.0,15.0,18.0,33.0,53,28
534,宇宙に浮かぶ幻想郷,,,,,,,,,,21.0,41.0,34.0,23.0,23.0,32.0,31,37
535,七玉蒐集ショウダウン,,,,,,,,,,19.0,39.0,32.0,14.0,10.0,11.0,10,7
536,公正なる奪い合い,,,,,,,,,,17.0,36.0,25.0,18.0,8.0,14.0,8,12
537,幻想郷ふしぎ発見,,,,,,,,,,12.0,23.0,14.0,12.0,7.0,7.0,82,37
538,暁雲,,,,,,,,,,10.0,14.0,15.0,9.0,16.0,18.0,11,11
539,官板黄昏新聞,,,,,,,,,,10.0,24.0,15.0,6.0,6.0,17.0,8,12
540,演者選択,,,,,,,,,,10.0,13.0,10.0,,3.0,1.0,4,9
541,明かされる深秘,,,,,,,,,,10.0,41.0,26.0,19.0,13.0,19.0,12,10
542,小槌の魔力,,,,,,,,,,9.0,20.0,16.0,17.0,11.0,13.0,16,18
543,新幻想 〜 Fantasy,,,,,,,,,,8.0,,,,,,,
544,人気のある場所,,,,,,,,,,8.0,15.0,13.0,11.0,8.0,9.0,3,14
545,My Maid Sweet Maid,,,,,,,,,,6.0,11.0,5.0,12.0,9.0,11.0,9,18
546,各々の結末,,,,,,,,,,4.0,9.0,9.0,3.0,3.0,8.0,3,7
547,ボールのある日常,,,,,,,,,,4.0,6.0,5.0,2.0,1.0,6.0,6,8
548,顕現した伝承の形,,,,,,,,,,3.0,5.0,4.0,5.0,5.0,6.0,3,4
549,人気のない場所,,,,,,,,,,2.0,12.0,5.0,,4.0,3.0,4,6
550,時代の風の訪れ,,,,,,,,,,2.0,6.0,2.0,2.0,2.0,4.0,4,4
551,本日の一面記事,,,,,,,,,,2.0,4.0,5.0,2.0,1.0,,5,3
552,真実を知る者,,,,,,,,,,2.0,4.0,1.0,2.0,1.0,4.0,3,3
553,丑三つ時の里,,,,,,,,,,1.0,7.0,8.0,7.0,3.0,8.0,10,9
554,価値がわからない,,,,,,,,,,1.0,4.0,6.0,4.0,8.0,6.0,2,5
555,可能性を信じて,,,,,,,,,,0.0,5.0,3.0,4.0,2.0,3.0,2,8
556,ピュアヒューリーズ 〜 心の在処,,,,,,,,,,,5539.0,5115.0,4962.0,4232.0,5351.0,5098,5675
557,星条旗のピエロ,,,,,,,,,,,3665.0,2582.0,1780.0,1147.0,1495.0,1457,1651
558,人形裁判,,,,,,,,,,,2319.0,2050.0,1529.0,1238.0,1606.0,2007,2485
559,永遠の春夢,,,,,,,,,,,1777.0,1142.0,1270.0,869.0,918.0,934,997
560,パンデモニックプラネット,,,,,,,,,,,1594.0,1539.0,1237.0,937.0,1098.0,1365,1594
561,遥か38万キロのボヤージュ,,,,,,,,,,,1317.0,953.0,723.0,569.0,716.0,707,729
562,故郷の星が映る海,,,,,,,,,,,1229.0,1034.0,883.0,747.0,1070.0,1140,1106
563,夜が降りてくる,,,,,,,,,,,975.0,884.0,1095.0,692.0,880.0,734,963
564,逆転するホイールオブフォーチュン,,,,,,,,,,,947.0,684.0,473.0,346.0,444.0,516,596
565,九月のパンプキン,,,,,,,,,,,828.0,749.0,476.0,331.0,372.0,342,338
566,凍り付いた永遠の都,,,,,,,,,,,758.0,619.0,480.0,380.0,437.0,441,527
567,兎は舞い降りた,,,,,,,,,,,518.0,697.0,422.0,396.0,535.0,471,511
568,見た事も無い悪夢の世界,,,,,,,,,,,493.0,370.0,320.0,214.0,280.0,316,350
569,永夜の報い 〜 Imperishable Night,,,,,,,,,,,483.0,503.0,406.0,315.0,440.0,531,724
570,宇宙を飛ぶ不思議な巫女,,,,,,,,,,,440.0,267.0,217.0,124.0,176.0,203,191
571,忘れがたき、よすがの緑,,,,,,,,,,,341.0,233.0,177.0,166.0,151.0,123,131
572,幽玄の槭樹 〜 Eternal Dream,,,,,,,,,,,136.0,137.0,137.0,116.0,156.0,176,193
573,宇宙巫女現る,,,,,,,,,,,119.0,87.0,70.0,47.0,90.0,85,78
574,湖は浄めの月光を映して,,,,,,,,,,,116.0,104.0,59.0,60.0,61.0,86,90
575,幻想科学（幻想機械）,,,,,,,,,,,108.0,96.0,68.0,60.0,94.0,98,104
576,星幽剣士（星幽天使）,,,,,,,,,,,101.0,95.0,78.0,76.0,99.0,102,112
577,宇宙巫女帰還する,,,,,,,,,,,37.0,25.0,18.0,13.0,24.0,28,37
578,神社から見える月,,,,,,,,,,,16.0,13.0,16.0,10.0,24.0,27,30
579,他愛も無い二人の博物誌,,,,,,,,,,,,655.0,551.0,447.0,567.0,503,525
580,アンノウンX,,,,,,,,,,,,505.0,555.0,330.0,358.0,465,570
581,判読眼のビブロフィリア,,,,,,,,,,,,399.0,297.0,203.0,311.0,298,314
582,シュレディンガーの化猫,,,,,,,,,,,,232.0,146.0,111.0,176.0,187,223
583,バー・オールドアダム,,,,,,,,,,,,192.0,124.0,138.0,155.0,144,193
584,二日酔いの同床異夢,,,,,,,,,,,,169.0,116.0,101.0,124.0,147,143
585,Dr.レイテンシーの眠れなくなる瞳,,,,,,,,,,,,115.0,89.0,68.0,91.0,110,88
586,アウトサイダーカクテル,,,,,,,,,,,,88.0,57.0,37.0,47.0,46,52
587,禁忌の膜壁,,,,,,,,,,,,74.0,61.0,36.0,35.0,45,54
588,旧世界の冒険酒場,,,,,,,,,,,,71.0,35.0,12.0,32.0,28,26
589,燕石博物誌が連れてきた闇,,,,,,,,,,,,67.0,34.0,42.0,56.0,43,44
590,須臾はプランクを超えて,,,,,,,,,,,,46.0,36.0,24.0,27.0,17,32
591,今宵は飄逸なエゴイスト(Live ver) 〜 Egoistic Flowers.,,,,,,,,,,,,,2260.0,2468.0,2679.0,2759,3317
592,秘神マターラ 〜 Hidden Star in All Seasons.,,,,,,,,,,,,,2017.0,1481.0,1649.0,1544,1871
593,秘匿されたフォーシーズンズ,,,,,,,,,,,,,1772.0,1146.0,1174.0,1034,1081
594,クレイジーバックダンサーズ,,,,,,,,,,,,,1716.0,1013.0,1061.0,1260,1109
595,幻想のホワイトトラベラー,,,,,,,,,,,,,912.0,623.0,625.0,524,644
596,希望の星は青霄に昇る,,,,,,,,,,,,,467.0,340.0,418.0,353,362
597,憑坐は夢と現の間に 〜 Necro-Fantasia,,,,,,,,,,,,,447.0,246.0,245.0,304,402
598,一対の神獣,,,,,,,,,,,,,352.0,184.0,142.0,134,141
599,禁断の扉の向こうは、この世かあの世か,,,,,,,,,,,,,205.0,102.0,107.0,163,111
600,魔法の笠地蔵,,,,,,,,,,,,,204.0,125.0,104.0,78,76
601,桜色の海を泳いで,,,,,,,,,,,,,197.0,125.0,115.0,128,112
602,真夏の妖精の夢,,,,,,,,,,,,,191.0,116.0,111.0,134,150
603,もうドアには入れない,,,,,,,,,,,,,179.0,97.0,124.0,114,111
604,スリープシープ・パレード,,,,,,,,,,,,,161.0,76.0,51.0,42,59
605,イントゥ・バックドア,,,,,,,,,,,,,141.0,61.0,56.0,54,66
606,桜舞い散る天空,,,,,,,,,,,,,89.0,52.0,65.0,36,57
607,白い旅人,,,,,,,,,,,,,86.0,55.0,45.0,50,45
608,山奥のエンカウンター,,,,,,,,,,,,,85.0,46.0,40.0,34,42
609,憑依華（OP曲）,,,,,,,,,,,,,75.0,51.0,45.0,61,50
610,ネオ竹林インフレイム,,,,,,,,,,,,,65.0,,,,
611,色無き風は妖怪の山に,,,,,,,,,,,,,61.0,34.0,32.0,32,35
612,不滅のレッドソウル,,,,,,,,,,,,,55.0,24.0,11.0,23,21
613,地底に咲く薔薇,,,,,,,,,,,,,28.0,28.0,23.0,31,30
614,光輝く天球儀,,,,,,,,,,,,,26.0,39.0,14.0,21,17
615,マッシュルーム・ワルツ,,,,,,,,,,,,,22.0,21.0,16.0,21,35
616,千の試練を超えて,,,,,,,,,,,,,22.0,16.0,19.0,23,22
617,落日に生える逆さ城,,,,,,,,,,,,,16.0,7.0,11.0,10,16
618,開演間近,,,,,,,,,,,,,15.0,9.0,5.0,3,12
619,聖輦船空を往く,,,,,,,,,,,,,13.0,7.0,10.0,12,5
620,沢の河童の技術力,,,,,,,,,,,,,13.0,4.0,10.0,12,11
621,法力の下の平等,,,,,,,,,,,,,8.0,4.0,6.0,9,8
622,永遠に続く回廊,,,,,,,,,,,,,8.0,10.0,9.0,9,4
623,不自然な自然,,,,,,,,,,,,,7.0,2.0,3.0,8,9
624,深緑の狸森にて,,,,,,,,,,,,,6.0,4.0,3.0,4,4
625,恒常不変の参廟祀,,,,,,,,,,,,,5.0,2.0,9.0,6,6
626,行雲流水,,,,,,,,,,,,,5.0,3.0,3.0,10,1
627,憑依投合,,,,,,,,,,,,,3.0,1.0,2.0,5,7
628,連帯責人,,,,,,,,,,,,,2.0,,,3,1
629,壮言大語,,,,,,,,,,,,,2.0,2.0,,2,5
630,知略縦横,,,,,,,,,,,,,2.0,3.0,1.0,4,4
631,合縁奇縁,,,,,,,,,,,,,1.0,3.0,,2,3
632,使われなかった場所,,,,,,,,,,,,,1.0,3.0,3.0,3,3
633,ナイトメアダイアリー,,,,,,,,,,,,,,378.0,269.0,275,258
634,ルナティックドリーマー,,,,,,,,,,,,,,175.0,97.0,91,138
635,悪夢日記,,,,,,,,,,,,,,38.0,23.0,37,35
636,ルーシッドドリーマー,,,,,,,,,,,,,,19.0,17.0,14,13
637,異心同体,,,,,,,,,,,,,,2.0,,5,2
638,偶像に世界を委ねて　〜Idoratrize World,,,,,,,,,,,,,,,5655.0,7107,7850
639,アンロケイテッドヘル,,,,,,,,,,,,,,,1229.0,790,726
640,セラミックスの杖刀人,,,,,,,,,,,,,,,757.0,817,542
641,エレクトリックヘリテージ,,,,,,,,,,,,,,,529.0,332,319
642,聖徳太子のペガサス　〜Dark Pegasus,,,,,,,,,,,,,,,529.0,480,520
643,ビーストメトロポリス,,,,,,,,,,,,,,,480.0,397,376
644,セラフィックチキン,,,,,,,,,,,,,,,333.0,194,458
645,ジェリーストーン,,,,,,,,,,,,,,,319.0,164,148
646,トータスドラゴン　〜幸運と不運,,,,,,,,,,,,,,,275.0,183,221
647,地蔵だけが知る哀嘆,,,,,,,,,,,,,,,178.0,104,108
648,輝かしき弱肉強食の掟,,,,,,,,,,,,,,,131.0,93,89
649,物言わぬ獣の霊,,,,,,,,,,,,,,,117.0,87,90
650,石の赤子と水中の牛,,,,,,,,,,,,,,,76.0,48,50
651,ロストリバー,,,,,,,,,,,,,,,57.0,29,21
652,不朽の曼珠沙華,,,,,,,,,,,,,,,52.0,25,47
653,地下からの帰還,,,,,,,,,,,,,,,12.0,10,9
654,畜生達の休息,,,,,,,,,,,,,,,9.0,7,7
655,あの賑やかな市場は今どこに 〜 Immemorial Marketeers,,,,,,,,,,,,,,,,2195,2187
656,龍王殺しのプリンセス,,,,,,,,,,,,,,,,1434,1032
657,星降る天魔の山,,,,,,,,,,,,,,,,877,720
658,待ちわびた逢魔が時,,,,,,,,,,,,,,,,697,666
659,大吉キトゥン,,,,,,,,,,,,,,,,618,461
660,幻想の地下大線路網,,,,,,,,,,,,,,,,572,464
661,駒草咲くパーペチュアルスノー,,,,,,,,,,,,,,,,379,287
662,神代鉱石,,,,,,,,,,,,,,,,347,205
663,廃れゆく産業遺構,,,,,,,,,,,,,,,,312,262
664,スモーキングドラゴン,,,,,,,,,,,,,,,,231,125
665,バンデットリィテクノロジー,,,,,,,,,,,,,,,,229,176
666,ルナレインボー,,,,,,,,,,,,,,,,224,215
667,妖異達の通り雨,,,,,,,,,,,,,,,,117,90
668,虹の架かる幻想郷,,,,,,,,,,,,,,,,95,78
669,深緑に隠された断崖,,,,,,,,,,,,,,,,52,39
670,虹色の世界,,,,,,,,,,,,,,,,46,37
671,嵐の後の日曜日,,,,,,,,,,,,,,,,3,3
672,意気揚々,,,,,,,,,,,,,,,,2,2
673,有機体全てのメメント 〜 Memory of Fossil Energy.,,,,,,,,,,,,,,,,,1039
674,強欲な獣のメメント,,,,,,,,,,,,,,,,,533
675,100回目のブラックマーケット,,,,,,,,,,,,,,,,,254
676,闇市場は場所を選ばない,,,,,,,,,,,,,,,,,229
677,コレクターの憂鬱な午後,,,,,,,,,,,,,,,,,175
678,水没した沈愁地獄,,,,,,,,,,,,,,,,,96
679,妖怪フックオン,,,,,,,,,,,,,,,,,94
680,弾幕を持て、バレットフィリア達よ,,,,,,,,,,,,,,,,,93
681,大地の底、剛欲の海,,,,,,,,,,,,,,,,,91
682,七ツ石の狼、雲を取りに駆ける,,,,,,,,,,,,,,,,,90
683,ワクワクする見慣れた幻想郷,,,,,,,,,,,,,,,,,73
684,東方剛欲異聞,,,,,,,,,,,,,,,,,51
685,天理人欲,,,,,,,,,,,,,,,,,38
