,musicid,Track Name,1,2,3,4,5,6,7,8,9,11,12,13,14,15,16,17,18,order,Number,Notes,作品,年,番号,人気投票
0,0,亡き王女の為のセプテット,0.1194690265486725,0.0871643149749658,0.0485813549507817,0.0435292862477328,0.0425363872278009,0.0381332170228674,0.0344665689409628,0.0339076429930882,0.0328339491658268,0.0337860939296926,0.0361793556445574,0.0350068765509612,0.0319089349428197,0.0322944364040254,0.0329653621628542,0.0342651817699708,0.0379767657037113,13,13,６面ボス・レミリア・スカーレットのテーマ,紅魔郷,2002,6.0,1
1,1,U.N.オーエンは彼女なのか？,0.1135693215339233,0.0812471552116522,0.0562825709322524,0.0460898324975994,0.059065779081575,0.0349632375848962,0.0289994939825658,0.0289341881198036,0.0301959467024969,0.0361794050912255,0.0375589188450197,0.0355525159207103,0.0326763371100692,0.031015448823668,0.0342817360130277,0.0427430905043814,0.0543993890349395,15,15,EXTRAステージボス・フランドール・スカーレットのテーマ,紅魔郷,2002,6.0,1
2,2,明治十七年の上海アリス,0.0722713864306784,0.0366408739189804,0.0184713375796178,0.0102421849994665,0.006844935875738,0.0065658296467069,0.0051645078328368,0.0050335570469798,0.0054058895980293,0.0061728778789668,0.0061489990398985,0.0061216252578706,0.0061303966234304,0.0069334589882535,0.0073100760616014,0.0081135390398678,0.0095052064210077,7,07,３面ボス・紅 美鈴のテーマ,紅魔郷,2002,6.0,1
3,6,おてんば恋娘,0.0560471976401179,0.0202548930359581,0.0127967573827446,0.0088552224474554,0.0115085185603068,0.0080067293912393,0.0080597622239727,0.0070319543223479,0.0060553129548762,0.0,0.008243200835195,0.0079454061649774,0.0081988541891778,0.0084985358957961,0.0096747476283264,0.0125725582720939,0.0135616619424576,5,05,２面ボス・チルノのテーマ,紅魔郷,2002,6.0,1
5,8,魔法少女達の百年祭,0.0324483775811209,0.0152480655439235,0.0043427909669947,0.0032006828123332,0.002312986573395,0.0033802729142002,0.0032865049845325,0.0038415306020234,0.004989362893293,0.0078637366736083,0.0080598804999984,0.0088797201542739,0.0083091131212539,0.0084200015706865,0.0080942987808537,0.0074749901692334,0.0090675439498303,14,14,EXTRAステージテーマ,紅魔郷,2002,6.0,1
6,9,遠野幻想物語,0.0309734513274336,0.0141101502048247,0.0092067168500289,0.0088552224474554,0.0070517883335213,0.005958315159823,0.0062860928672408,0.0058449363918661,0.0065121486955548,0.0067572187859385,0.0069133516239385,0.0069475588244087,0.006597894495433,0.0063668899285337,0.0054895590347658,0.0046105393032241,0.0043178780713477,4,04,２面テーマ,妖々夢,2003,7.0,2
7,11,メイドと血の懐中時計,0.0191740412979351,0.0104688211197086,0.0074116965836711,0.0097620825776165,0.0057730640490428,0.0046342451243068,0.0043141898765213,0.0040168286086346,0.003789049378569,0.0040966027414291,0.0048999350611016,0.0050565073100726,0.0048910862268952,0.0052505805930463,0.0055095647163794,0.0061654238413224,0.0072375861005448,10,10,５面テーマ,紅魔郷,2002,6.0,1
8,12,ティアオイエツォン(withered leaf),0.0162241887905604,0.0154756486117432,0.0045165026056745,0.003307372239411,0.0029335439467448,0.0027493924855131,0.0022014366721789,0.0018431333266553,0.0017422461090583,0.0016349112609952,0.0015380265410559,0.0016219690854187,0.0013098761130639,0.0013182547429122,0.0011803352152011,0.0011796919813413,0.0011896194686366,5,05,２面ボス・橙のテーマ,妖々夢,2003,7.0,2
9,14,東方怪奇談,0.0132743362831858,0.0054619936276741,0.0012738853503184,0.0010668942707777,0.0003008763022302,0.0001635615926225,0.0001669335865159,0.0001202043473905,0.0001477997984548,0.0001864917788207,0.0001771060865458,0.0002130235895596,0.0001984660777369,0.000235602975329,0.0002200624977493,0.0002056343820686,0.0002291118976633,5,05,地獄６～９面テーマ,靈異伝,1995,1.0,1
10,17,the Grimoire of Alice,0.0103244837758112,0.0052344105598543,0.0032426172553561,0.0046409900778832,0.0045883636090112,0.0055688827964359,0.0101568654045791,0.0075077631974356,0.0069286754002911,0.00416498306033,0.003374337017347,0.0032514126827518,0.0030828397408474,0.002900160434407,0.0024727022474382,0.0020130523718302,0.0017947098650295,16,-,vsアリス,非想天則,2009,12.3,6
12,18,ほおずきみたいに紅い魂,0.0088495575221238,0.0061447428311333,0.003300521134916,0.0024005121092499,0.0020309150400541,0.0017446569879743,0.0017893193804677,0.0016928778924171,0.0016213190012316,0.0024865570509433,0.0029424467361212,0.0030383890931922,0.0029990429524695,0.0031750305722908,0.0033969647379855,0.0038637618104483,0.0039418995726181,2,02,１面テーマ,紅魔郷,2002,6.0,1
13,20,不思議の国のアリス,0.0088495575221238,0.0034137460172963,0.0015055008685581,0.0020804438280166,0.0029523487156342,0.0037151847467131,0.0041994230357916,0.0044024842231794,0.0043668122270742,0.004146333882448,0.0032842304119114,0.0037634167488862,0.0035900308283974,0.0038874490929285,0.0036890476895438,0.0031422376628389,0.002802214748344,16,16,エキストラステージテーマ,怪綺談,1998,5.0,1
14,21,妖魔夜行,0.0088495575221238,0.0025034137460172,0.0020845396641574,0.0011735836978555,0.0019745007333859,0.0028662221945292,0.0027961375741419,0.0028448362215766,0.0032157653118351,0.0053398812669008,0.0067983880239,0.0072315902771549,0.0065626116371687,0.0066866368236231,0.0065338556149946,0.0069482775414786,0.0085358868539705,3,03,１面ボス・ルーミアのテーマ,紅魔郷,2002,6.0,1
15,22,クリスタライズシルバー,0.0073746312684365,0.0106964041875284,0.0048639258830341,0.0037341299477221,0.0051148971379141,0.0037073960994454,0.0028796043673999,0.0025944104978463,0.002414063374762,0.001927081714481,0.0017306682492286,0.001790145603492,0.0014951111189517,0.0012621587964053,0.0015444386205682,0.0014214025707905,0.0013482353977881,3,03,１面ボス・レティ・ホワイトロックのテーマ,妖々夢,2003,7.0,2
16,23,ブクレシュティの人形師,0.0073746312684365,0.0097860719162494,0.0061957151129125,0.0055478502080443,0.0050020685245778,0.0058259081562714,0.0053157913956169,0.0049083441851146,0.0045370059343858,0.0034811798713206,0.0031848024334997,0.0037073579095285,0.0032768954613013,0.0031245442204346,0.0025687295191834,0.0026516012424645,0.0025114188782329,6,06,３面テーマ,妖々夢,2003,7.0,2
17,24,永遠の巫女,0.0073746312684365,0.0038689121529358,0.003300521134916,0.0028806145310999,0.0012787242844785,0.0008879057885226,0.0012989519700771,0.0012571371331263,0.0014332101668346,0.0016162620831131,0.0013453848328833,0.0015845965258468,0.0016979875539717,0.0020250636688992,0.0018445238447719,0.0016847588846679,0.0014451673544919,2,02,１～４面、地獄１６～１９面テーマ,靈異伝,1995,1.0,1
18,27,魔法少女十字軍,0.0073746312684365,0.0038689121529358,0.004111175448755,0.0048543689320388,0.0024446199556207,0.0021340893513614,0.0017215026109456,0.0018932184714013,0.0019751427611689,0.0011935473844528,0.0010719578922511,0.0010688552037551,0.00111582039261,0.001267768391056,0.001012287489647,0.0010065261859151,0.0009487582428879,11,11,５面ボス・エーリッヒのテーマ,秋霜玉,0,0.0,1
19,29,Witch of Love Potion,0.0058997050147492,0.003641329085116,0.002489866821077,0.0015469966926277,0.0006393621422392,0.0005529939560097,0.0005581841799126,0.0005058599619352,0.0004971447766207,0.0006402884406179,0.0006058892434462,0.000683917840165,0.0006439121633243,0.0005946170329731,0.000576163630471,0.0005303202484929,0.0006374010486275,1,01,通常面テーマ,トルテルマジック,0,0.0,1
20,30,Dream Express,0.0044247787610619,0.0015930814747382,0.0009843659525188,0.0006934812760055,0.0001504381511151,0.0003037572434419,0.0002556170543525,0.0002654512671541,0.0002239390885679,0.0001989245640754,0.000161570464919,0.0001980745657308,0.0002293385787182,0.000252431759281,0.0001800511345222,0.0001443048295218,9.399462468240098e-05,2,02,１面テーマ,怪綺談,1998,5.0,1
21,32,Witching Dream,0.0044247787610619,0.0004551661356395,5.790387955993052e-05,0.0003734129947722,0.0001128286133363,0.0001557729453548,8.868346783659289e-05,0.0001502554342382,0.0002060239614824,0.000261088490349,0.0002237129514263,0.0002055490776452,0.0001631832194726,0.0002860893271852,0.000168047725554,0.0001298743465696,0.0001615532611728,2,02,靈夢１面のテーマ,幻想郷,1998,4.0,1
22,33,シルクロードアリス,0.0044247787610619,0.0011379153390987,0.000752750434279,0.0004267577083111,0.000244461995562,0.0002258707707645,0.0002504003797739,0.000215366122408,0.0002418542156533,0.0002797376682311,0.0002423556973785,0.0002578706610458,0.0002293385787182,0.0003365756790414,0.000224063634072,0.0002417105894491,0.0001791772533008,16,16,エキストラステージテーマ,秋霜玉,0,0.0,1
23,34,メイプルワイズ,0.0044247787610619,0.000910332271279,0.0006369426751592,0.0003734129947722,0.0003949001466771,0.0002180821234967,0.0002034503085663,0.0002303916658319,0.000250811779196,0.0002424393124669,0.0002609984433307,0.000242921637217,0.00020287643502,0.0002748701378838,0.0003200909058172,0.0002777867968296,0.0002114879055354,8,08,４面テーマ,怪綺談,1998,5.0,1
24,35,紅より儚い永遠,0.0044247787610619,0.0011379153390987,0.0001737116386797,0.0001600341406166,0.0001880476888939,0.0001324070035516,0.0001408502136228,0.000165280977662,0.0002597693427387,0.000435147483915,0.0004940327677331,0.000564325649535,0.0005777568040786,0.0006394937901787,0.0007322079470569,0.0009668423577966,0.0010280662074637,16,16,エンディングテーマ,紅魔郷,2002,6.0,1
25,38,Complete Darkness,0.0029498525073746,0.0011379153390987,0.0002316155182397,0.0003734129947722,0.0008650193689119,0.0008956944357903,0.0008346679325796,0.0009916858659721,0.0008106595006158,0.0005967736922264,0.0005654966272165,0.0007362394235656,0.0006615535924565,0.0007011993313363,0.0008122306735112,0.0008008918038464,0.0008518262861842,11,11,最終面ボス・魅魔のテーマ,封魔録,1997,2.0,1
26,40,Peaceful Romancer,0.0029498525073746,0.001820664542558,0.0002316155182397,0.0003734129947722,0.000244461995562,0.000179138887158,0.0002034503085663,0.000190323550035,0.0001522785802261,0.0002175737419575,0.0001553562162682,0.0002055490776452,0.0002205178641521,0.0003141373004386,0.0003160897694945,0.0002669639346154,0.0001968012454287,22,22,エキストラエンディングテーマ,怪綺談,1998,5.0,1
27,41,Romantic Children,0.0029498525073746,0.001820664542558,0.000810654313839,0.0011735836978555,0.0018428673511602,0.0024222693002679,0.0021753532992858,0.0019683461885204,0.0019751427611689,0.001336524414882,0.000969422789514,0.0011884473943851,0.0012745932547995,0.0012509396071039,0.0012963681685598,0.000999310944439,0.0009928182232078,6,06,３面テーマ,怪綺談,1998,5.0,1
28,42,the Last Judgement,0.0029498525073746,0.0015930814747382,0.0009264620729588,0.0006401365624666,0.0004325096844559,0.0003738550688516,0.0002817004272456,0.0003956726434939,0.0003851752323368,0.0002797376682311,0.0002361414487277,0.0003139295004036,0.0002646214369826,0.0003085277057879,0.0003360954511081,0.0002200648650208,0.0002144252375567,12,12,５面テーマ,怪綺談,1998,5.0,1
29,43,アンティークテラー,0.0029498525073746,0.0004551661356395,0.0001158077591198,0.0001066894270777,5.641430666817105e-05,6.23091781419403e-05,4.6950071207608e-05,5.509365922067515e-05,3.1351472399507335e-05,3.108196313679172e-05,3.417836757902194e-05,6.353335127216193e-05,3.5282858264348e-05,6.170554115759595e-05,4.401249954987216e-05,1.4430482952188202e-05,2.3498656170600244e-05,12,12,最終面テーマ,秋霜玉,0,0.0,1
30,45,スプートニク幻夜,0.0029498525073746,0.0002275830678197,0.0004053271569195,0.0004267577083111,9.402384444695174e-05,9.346376721291048e-05,0.0004903674103905,0.0003906641290193,0.0004075691411935,0.0003294688092499,0.0002796411892829,0.0003326157801895,0.0003395975107943,0.0003646236522948,0.0002720772699446,0.0002020267613306,0.0002584852178766,8,08,４面テーマ,秋霜玉,0,0.0,1
31,46,フォルスストロベリー,0.0029498525073746,0.000910332271279,0.0004053271569195,0.001386962552011,0.0003572906088984,0.0004439528942613,0.0003912505933967,0.0002804768105779,0.0002552905609674,0.0001989245640754,0.000161570464919,0.0002279726133883,0.0001323107184913,0.0002019454074248,0.0001520431802631,8.658289771312921e-05,0.0001204306128743,2,02,１面テーマ,秋霜玉,0,0.0,1
32,47,ルーネイトエルフ,0.0029498525073746,0.001820664542558,0.0012159814707585,0.0009068601301611,0.0008086050622437,0.0013162813882484,0.001674552539738,0.00178303115296,0.0020736759601388,0.0028533242159574,0.0028181617631066,0.0030383890931922,0.0028358597329969,0.0028496740825507,0.002756782926351,0.0030051480747931,0.0029138333651544,4,04,２面テーマ,紅魔郷,2002,6.0,1
33,51,昔話わんだーらんど,0.0029498525073746,0.0006827492034592,0.0001158077591198,0.0001600341406166,1.880476888939035e-05,7.009782540968284e-05,3.6516722050361776e-05,7.512771711910248e-05,8.061807188444743e-05,9.324588941037516e-05,0.0001087493513877,0.0001308039585015,0.000105848574793,0.0001290206769658,9.602727174517564e-05,7.576003549898806e-05,7.049596851180073e-05,15,15,スタッフロールテーマ,封魔録,1997,2.0,1
34,57,恋色マジック,0.0029498525073746,0.0025034137460172,0.0037058482918355,0.0,0.0,0.0,0.0,0.0,0.0,0.0,0.0,0.0,0.0,0.0,0.0,0.0,0.0,15,-,vs魔理沙,非想天則,2009,12.3,6
36,58,Magic Shop of Raspberry,0.0014749262536873,0.0,0.0,0.0001066894270777,0.0001128286133363,7.009782540968284e-05,0.0001460668882014,0.0001101873184413,0.0001209271078266,0.0002051409567028,0.0001336063459907,0.0001494902382874,0.0001808246486047,0.0002075550020755,0.0001800511345222,0.0001334819673077,0.000117493280853,27,27,未使用曲（エキストラステージテーマ）,幻想郷,1998,4.0,1
37,59,Sacred Battle,0.0014749262536873,0.0006827492034592,0.0004053271569195,0.0001600341406166,0.0001128286133363,0.0001168297090161,9.3900142415216e-05,0.0001151958329159,8.509685365580562e-05,8.081310415565848e-05,5.282111353121573e-05,5.979609531497593e-05,5.292428739652199e-05,9.53631090617392e-05,0.0001000284080678,5.772193180875281e-05,6.75586364904757e-05,3,03,コアントローのテーマ,トルテルマジック,0,0.0,1
38,60,ひもろぎ、むらさきにもえ,0.0014749262536873,0.0006827492034592,0.0003474232773595,0.0001600341406166,0.0002820715333408,0.0001090410617483,0.00015128356278,0.0001402384052889,0.0001612361437688,9.324588941037516e-05,9.94279784117002e-05,0.0001083804227583,0.000105848574793,0.0001514590555686,0.0001280363623269,0.0001118362428794,0.000117493280853,8,08,４面テーマ,封魔録,1997,2.0,1
39,61,アリスマエステラ,0.0014749262536873,0.0011379153390987,0.0022582513028372,0.0029873039581777,0.0019556959644965,0.0013318586827839,0.0013667687395992,0.0013072222778723,0.0014824767663195,0.0013489572001367,0.0011496360003852,0.0010950159954554,0.0013451589713282,0.0014192274466247,0.0011483261246193,0.0008874747015595,0.0008547636182055,9,09,４面テーマ,幻想郷,1998,4.0,1
40,62,プラスチックマインド,0.0014749262536873,0.0015930814747382,0.0012738853503184,0.0016003414061666,0.0012787242844785,0.001269549504642,0.0013824187633351,0.0012921967344485,0.0014645616392341,0.0008392130046933,0.0006307462380492,0.0006502825365503,0.0005601153749465,0.0006226650062266,0.0005161465856303,0.0004834211788983,0.0003730411667082,7,07,３面ボス・アリスのテーマ１,怪綺談,1998,5.0,1
41,63,プリムローズシヴァ,0.0014749262536873,0.000910332271279,0.0002316155182397,0.0001066894270777,1.880476888939035e-05,3.115458907097015e-05,3.1300047471738666e-05,4.5076630271461486e-05,3.583025417086552e-05,6.216392627358344e-06,6.214248650731262e-06,3.737255957185996e-05,1.3231071849130496e-05,5.609594650690541e-06,4.8013635872587816e-05,1.0822862214141153e-05,3.5247984255900364e-05,3,03,１面ボス・ミリアのテーマ,秋霜玉,0,0.0,1
42,68,戦車むすめのみるゆめ,0.0014749262536873,0.0004551661356395,0.0001158077591198,0.0002667235676944,0.0002632667644514,0.0002414480653,0.0001721502610945,0.0001752980066112,0.0001925876161684,0.0002237901345849,0.000264105567656,0.0003176667563608,0.0002425696505673,0.0002916989218359,0.0003000852242036,0.0001875962783784,0.0001850519173434,13,13,エキストラボス・里香のテーマ２,封魔録,1997,2.0,1
43,69,東方妖恋談,0.0014749262536873,0.0011379153390987,0.000752750434279,0.0016536861197055,0.0007521907555756,0.0012851267991775,0.0020397197602416,0.0018932184714013,0.0014063374762064,0.0010692195319056,0.0009538871678872,0.0009866355726971,0.0009570475304204,0.0009816790638708,0.0009522704448063,0.000844183252703,0.0007078970171393,18,-,霊夢特殊,非想天則,2009,12.3,6
45,71,夢幻回廊,0.0014749262536873,0.0,5.790387955993052e-05,5.33447135388883e-05,1.880476888939035e-05,0.0001012524144806,4.6950071207608e-05,5.008514474606832e-05,5.822416302765648e-05,0.0001802753861933,0.0002547841946799,0.0001756510299877,0.0001984660777369,0.0002075550020755,0.0003400965874308,0.0002958249005198,0.0002467358897913,6,-,オリジナル,メニュー,0,0.0,1
46,72,夢想時空,0.0014749262536873,0.0006827492034592,0.0001158077591198,0.0001600341406166,0.0001128286133363,7.009782540968284e-05,9.3900142415216e-05,0.0001151958329159,7.613929011308924e-05,6.216392627358344e-05,9.321372976096892e-05,0.0001046431668012,7.0565716528696e-05,0.0001121918930138,0.000112031817036,0.0001370895880457,9.6931956703726e-05,4,04,２面テーマ,怪綺談,1998,5.0,1
47,76,ネクロファンタジア,0.0,0.0707783340919435,0.0572090330052113,0.0456097300757494,0.0446989356500808,0.030523708642283,0.0242314534177043,0.0210457778222979,0.0198410032471167,0.0191091909364995,0.02026777197436,0.0198485663886148,0.0195863966939961,0.0188201900530667,0.0175649884567217,0.0165229029802554,0.0180557799350849,18,18,PHANTASMステージボス・八雲 紫のテーマ,妖々夢,2003,7.0,2
48,77,ボーダーオブライフ,0.0,0.0373236231224396,0.0196873190503763,0.0132294889576442,0.0109255707247357,0.009042619477849,0.007418111250802,0.0063958729840729,0.0054058895980293,0.0050477108134149,0.004623400996144,0.0049668131671001,0.0047499547938378,0.00438670301684,0.0045853022258321,0.0046249697861763,0.0068351716136233,14,14,６面ボス・西行寺 幽々子のテーマ２,妖々夢,2003,7.0,2
49,80,天空の花の都,0.0,0.0197997269003186,0.0075854082223508,0.0067214339058999,0.0043815111512279,0.0032712318524518,0.0028743876928213,0.0030001001702894,0.003063486731609,0.0033879339819102,0.0028212688874319,0.0029524322061769,0.003047556882583,0.003696722874805,0.0038010795065798,0.0031602757665292,0.0028139640764293,8,08,４面テーマ,妖々夢,2003,7.0,2
50,83,アルティメットトゥルース,0.0,0.015703231679563,0.0075275043427909,0.0058145737757388,0.003328444093422,0.003598355037697,0.003349105079476,0.0035310027045978,0.0035068861269734,0.0033071208777546,0.002957982357748,0.0031654557957365,0.002743242230053,0.0029282084076604,0.0024086840662748,0.0019300770948551,0.0018358325133281,12,12,６面テーマ,妖々夢,2003,7.0,2
51,86,妖々跋扈,0.0,0.0111515703231679,0.0033584250144759,0.0021871332550944,0.001447967204483,0.0019627391114711,0.0018623528245684,0.0019583291595712,0.001751203672601,0.0016722096167593,0.0014044201950652,0.001427631775645,0.0012128482528369,0.0010882613622339,0.0009722761264199,0.0008153222867986,0.0007519569974592,15,15,EXTRAステージテーマ,妖々夢,2003,7.0,2
52,93,ヴワル魔法図書館,0.0,0.0020482476103777,0.0006369426751592,0.0038941640883388,0.0021249388845011,0.0013162813882484,0.0021388365772354,0.0020835420214364,0.0016840219460306,0.0018524850029527,0.0020413806817652,0.0023245732053696,0.0021522543541252,0.0024345640783996,0.0025847340644743,0.0027453993816538,0.0027816534241948,8,08,４面テーマ,紅魔郷,2002,6.0,1
54,94,ディザストラスジェミニ,0.0,0.0020482476103777,0.0005790387955993,0.0005867918489277,0.0001880476888939,0.0001479842980871,0.0001147668407297,0.0001151958329159,0.0001612361437688,9.94622820377335e-05,6.524961083267825e-05,6.727060722934792e-05,4.410357283043499e-05,6.73151358082865e-05,4.401249954987216e-05,5.050669033265871e-05,2.6435988191925275e-05,5,05,２面ボス・めい＆まいのテーマ,秋霜玉,0,0.0,1
55,95,赤より紅い夢,0.0,0.0020482476103777,0.0006369426751592,0.0007468259895444,0.0005453382977923,0.0003894323633871,0.0003495171967677,0.0003706300711209,0.0004657933042212,0.0012619277033537,0.0018456318492671,0.0019732711453942,0.0019096847035578,0.0021989611030706,0.0025807329281515,0.0042137010220389,0.0046380472616722,1,01,タイトル画面テーマ,紅魔郷,2002,6.0,1
56,96,ツェペシュの幼き末裔,0.0,0.0013654984069185,0.0004053271569195,0.0007468259895444,0.0008086050622437,0.0007710760795065,0.0008972680275231,0.0009816688370229,0.0009002351360429,0.0010443539613962,0.0011341003787584,0.0015210631745747,0.0015348043344991,0.0015819056914947,0.0018925374806445,0.0022186867538989,0.0025789775147233,12,12,６面テーマ,紅魔郷,2002,6.0,1
57,97,天空アーミー,0.0,0.0013654984069185,5.790387955993052e-05,0.0002133788541555,0.0001128286133363,0.0001557729453548,0.0001356335390442,0.0001803065210858,0.0001701937073116,7.459671152830012e-05,0.0001118564757131,9.343139892964987e-05,0.000105848574793,3.9267162554833786e-05,2.800795425900956e-05,8.297527697508216e-05,0.0001233679448956,7,07,３面ボス・ゲイツのテーマ,秋霜玉,0,0.0,1
58,100,Maple Dream...,0.0,0.000910332271279,0.0003474232773595,0.0001600341406166,0.0001316333822257,0.0001090410617483,0.0001304168644655,9.51617750175298e-05,0.0001298846713693,0.0001491934230566,0.000161570464919,0.0001308039585015,0.0001764142913217,0.00016267824487,0.0002120602251039,0.000158735312474,0.0001439292690449,18,18,スタッフロールテーマ,夢時空,1997,3.0,1
59,101,Strawberry Crisis!!,0.0,0.000910332271279,0.0004632310364794,0.0013336178384722,0.0015043815111512,0.0024534238893388,0.0021336199026568,0.0028748873084243,0.0030545291680662,0.0025114226214527,0.0021190587898993,0.0020218554728376,0.0018038361287647,0.0018736046133306,0.001688479528186,0.0016089988491689,0.0015332873151316,12,12,岡崎 夢美のテーマ,夢時空,1997,3.0,1
60,102,禁じざるをえない遊戯,0.0,0.000910332271279,0.0004632310364794,0.0005867918489277,0.0003572906088984,0.0001869275344258,0.0002034503085663,0.0001752980066112,0.0001612361437688,0.0003046032387405,0.0003076053082111,0.0003550393159326,0.0003528285826434,0.0002973085164865,0.0002560727246538,0.000234495347973,0.0001879892493648,16,16,エキストラステージテーマ,幻想郷,1998,4.0,1
61,104,Sailor of Time,0.0,0.0006827492034592,0.0003474232773595,0.0002133788541555,0.0002256572266726,0.0001557729453548,0.0001721502610945,0.0001252128618651,0.000125405889598,0.0001927081714481,0.0001677847135697,0.0001644392621161,0.0001984660777369,0.000235602975329,0.0002080590887812,0.0001443048295218,0.0001644905931942,11,11,北白河 ちゆりのテーマ,夢時空,1997,3.0,1
62,105,幻想帝都,0.0,0.0006827492034592,0.0,0.0,0.0,7.788647267742538e-06,3.1300047471738666e-05,2.504257237303416e-05,2.6872690628149144e-05,8.702949678301682e-05,3.107124325365631e-05,2.2423535743115976e-05,8.820714566087e-06,4.487675720552433e-05,2.4006817936293908e-05,1.0822862214141153e-05,8.811996063975091e-06,4,04,２面テーマ,秋霜玉,0,0.0,1
63,107,時の風,0.0,0.0006827492034592,5.790387955993052e-05,0.0001600341406166,3.76095377787807e-05,4.6731883606455233e-05,5.216674578623111e-05,5.509365922067515e-05,4.9266599484940095e-05,3.729835576415006e-05,4.349974055511883e-05,3.737255957185996e-05,6.174500196260899e-05,4.487675720552433e-05,6.801931748616607e-05,3.968382811851756e-05,7.343330053312576e-05,22,22,未使用曲,夢時空,1997,3.0,1
64,108,春風の夢,0.0,0.0006827492034592,0.0001158077591198,5.33447135388883e-05,3.76095377787807e-05,6.23091781419403e-05,2.6083372893115556e-05,5.008514474606832e-05,4.9266599484940095e-05,8.081310415565848e-05,0.0001056422270624,7.100786318653392e-05,7.0565716528696e-05,7.292473045897703e-05,8.402386277702867e-05,0.0001118362428794,0.0001468666010662,19,19,エンディングテーマ,妖々夢,2003,7.0,2
65,111,Dim. Dream,0.0,0.0004551661356395,0.0003474232773595,0.0005334471353888,0.0002068524577832,0.0001635615926225,0.0002399670306166,0.0003205449263748,0.0003359086328518,0.0002362229198396,0.0002454628217038,0.0002728196848745,0.0002646214369826,0.0002973085164865,0.000252071588331,0.0002850020383057,0.0002614225498979,5,05,霧雨 魔理沙のテーマ,夢時空,1997,3.0,1
66,112,Lotus Love,0.0,0.0004551661356395,0.0,0.0002133788541555,0.0005641430666817,0.0004595301887968,0.0005008007595478,0.0004858259040368,0.000488187213078,0.0003356852018773,0.0002920696865843,0.0002840314527461,0.000313135367096,0.0002860893271852,0.0002560727246538,0.0002453182101871,0.0002614225498979,12,12,５面テーマ,幻想郷,1998,4.0,1
67,113,Magical and Hopeless,0.0,0.0004551661356395,5.790387955993052e-05,0.0,1.880476888939035e-05,5.452053087419777e-05,4.1733396628984886e-05,5.008514474606832e-05,4.030903594222372e-05,3.108196313679172e-05,3.728549190438757e-05,4.110981552904596e-05,4.851393011347849e-05,6.170554115759595e-05,5.601590851801912e-05,3.607620738047051e-05,4.1122648298550426e-05,2,02,シューのテーマ,トルテルマジック,0,0.0,1
68,115,破邪の小太刀,0.0,0.0004551661356395,0.0001158077591198,0.0002133788541555,9.402384444695174e-05,9.346376721291048e-05,4.6950071207608e-05,7.512771711910248e-05,8.509685365580562e-05,1.864917788207503e-05,7.146385948340951e-05,8.221963105809191e-05,7.938643109478299e-05,7.292473045897703e-05,6.801931748616607e-05,5.050669033265871e-05,3.81853162772254e-05,8,08,地獄１１～１４面テーマ,靈異伝,1995,1.0,1
69,116,Dream Land,0.0,0.0002275830678197,0.0001158077591198,5.33447135388883e-05,0.0001128286133363,0.0001401956508193,0.0001304168644655,0.0001602724631874,0.0002149815250251,0.0001802753861933,0.000161570464919,0.0001756510299877,0.000211697149586,0.0001738974341714,0.000196055679813,0.0001298743465696,0.0001380546050022,14,14,最終面テーマ,幻想郷,1998,4.0,1
70,117,Lotus Road,0.0,0.0002275830678197,0.0,0.0,1.880476888939035e-05,2.3365941803227617e-05,5.216674578623111e-06,1.5025543423820495e-05,8.95756354271638e-06,3.108196313679172e-05,1.2428497301462524e-05,1.868627978592998e-05,8.820714566087e-06,1.6828783952071623e-05,1.2003408968146954e-05,1.0822862214141153e-05,1.1749328085300122e-05,23,23,未使用曲（１面テーマ）,幻想郷,1998,4.0,1
71,118,Selection,0.0,0.0002275830678197,0.0,0.0,0.0,1.5577294535485076e-05,2.0866698314492443e-05,2.003405789842733e-05,3.1351472399507335e-05,3.108196313679172e-05,3.728549190438757e-05,2.616079170030197e-05,4.410357283043499e-05,2.8047973253452704e-05,3.200909058172521e-05,2.8860965904376405e-05,2.6435988191925275e-05,2,02,使用キャラ選択テーマ,夢時空,1997,3.0,1
72,119,アイリス,0.0,0.0002275830678197,0.0001737116386797,0.0001066894270777,9.402384444695174e-05,2.3365941803227617e-05,2.6083372893115556e-05,2.504257237303416e-05,2.6872690628149144e-05,2.4865570509433376e-05,2.4856994602925048e-05,2.989804765748797e-05,3.0872500981304494e-05,6.170554115759595e-05,6.801931748616607e-05,5.050669033265871e-05,3.81853162772254e-05,14,14,エンディングテーマ,靈異伝,1995,1.0,1
73,121,カナベラルの夢幻少女,0.0,0.0002275830678197,0.0,0.0002133788541555,0.0,3.115458907097015e-05,5.738342036485422e-05,7.011920264449564e-05,7.613929011308924e-05,6.216392627358344e-05,5.903536218194698e-05,5.6058839357789935e-05,3.5282858264348e-05,6.170554115759595e-05,6.801931748616607e-05,6.493717328484691e-05,7.63706325544508e-05,10,10,５面テーマ,秋霜玉,0,0.0,1
74,122,永遠の満月,0.0,0.0002275830678197,0.0001158077591198,0.0001066894270777,5.641430666817105e-05,4.6731883606455233e-05,3.1300047471738666e-05,3.005108684764099e-05,5.374538125629829e-05,8.702949678301682e-05,6.214248650731261e-05,7.100786318653392e-05,7.938643109478299e-05,7.853432510966757e-05,0.0001640465892313,0.0001948115198545,9.986928872505104e-05,17,17,夜のエンディングテーマ,夢時空,1997,3.0,1
75,125,勝利デモ,0.0,0.0002275830678197,0.0,0.0,0.0,7.788647267742538e-06,1.0433349157246222e-05,1.5025543423820495e-05,2.2393908856790958e-05,0.0,1.5535621626828154e-05,3.737255957185996e-06,3.0872500981304494e-05,5.609594650690541e-06,2.000568161357825e-05,3.6076207380470506e-06,1.4686660106625151e-05,20,20,勝利デモテーマ,夢時空,1997,3.0,1
76,129,夢は時空を越えて,0.0,0.0002275830678197,5.790387955993052e-05,5.33447135388883e-05,0.0003949001466771,0.0004361642469935,0.0003651672205036,0.000470800360613,0.0003672601052513,0.0003978491281509,0.000357319297417,0.0003251412682751,0.0002954939379639,0.0002243837860276,0.0003000852242036,0.0002850020383057,0.0002232372336207,1,01,タイトル画面テーマ,夢時空,1997,3.0,1
77,130,恋色マスタースパーク,0.0,0.0,0.0643891140706427,0.0,0.0,0.0,0.0,0.0,0.0,0.0,0.0,0.0,0.0,0.0,0.0,0.0,0.0,10,10,４面ボス・霧雨 魔理沙のテーマ,永夜抄,2004,8.0,2
78,132,月まで届け、不死の煙,0.0,0.0,0.0419224088013896,0.0262989437746719,0.0241265184850878,0.0244797183625147,0.0205223977923033,0.0182259841730942,0.0173328854551561,0.0218879184409287,0.0216690850450999,0.0214070021227613,0.0195114206201844,0.0191623753267588,0.0197776168431834,0.0213607223899765,0.0239510053018843,18,18,EXTRAステージボス・藤原 妹紅のテーマ,永夜抄,2004,8.0,2
79,134,プレインエイジア,0.0,0.0,0.0356108859293572,0.0232049503894164,0.013633457444808,0.0094787837248426,0.0069851272607763,0.0061554642892917,0.0054461986339715,0.0050290616355329,0.0047539002178094,0.0046192483630818,0.0036738276167752,0.0034667294941267,0.0032329181487542,0.0032937577338369,0.0029314573572823,7,07,３面ボス・上白沢 慧音のテーマ,永夜抄,2004,8.0,2
80,136,もう歌しか聞こえない,0.0,0.0,0.0187608569774174,0.0120559052597887,0.0098160893602617,0.0074459467879618,0.0055348917279191,0.0046178503455874,0.0049490538573508,0.0045876977589904,0.0054965029315718,0.0054563936974915,0.0043883054966282,0.0043923126114906,0.0041211704123971,0.0037411027053547,0.0039272129125115,5,05,２面ボス・ミスティア・ローレライのテーマ,永夜抄,2004,8.0,2
81,137,ヴォヤージュ1969,0.0,0.0,0.0185871453387376,0.011895871119172,0.0059046974312685,0.0056234033273101,0.0042046397103702,0.0039917860362616,0.0036322920165714,0.0032698225219904,0.0031754810605236,0.0035765539510269,0.0035679790419821,0.0037920859838668,0.0035650124635396,0.0032721120094086,0.0029843293336662,13,13,６面テーマ,永夜抄,2004,8.0,2
82,140,ヴォヤージュ1970,0.0,0.0,0.0123335263462652,0.0039475088018777,0.0032344202489751,0.0030375724344195,0.0022744701162796,0.0021837123109285,0.0020826335236815,0.0019208653218537,0.0019139885844252,0.002130235895596,0.0019096847035578,0.0021035979940089,0.0017925090725766,0.0016991893676201,0.001527412651089,16,16,永琳・輝夜ファイナルスペルのテーマ,永夜抄,2004,8.0,2
83,143,東方妖怪小町,0.0,0.0,0.0086276780544296,0.0,0.0024634247245101,0.002297650943984,0.0019875530144554,0.0022438144846238,0.001751203672601,0.001927081714481,0.0017586323681569,0.0017266122522199,0.001428955759706,0.0017894606935702,0.0025007102016972,0.0022222943746369,0.0020708190750341,21,21,ラストワードのテーマ,永夜抄,2004,8.0,2
84,159,ハーセルヴズ,0.0,0.0,0.0004632310364794,0.0015469966926277,0.0005077287600135,0.0002492367125677,0.0003390838476105,0.0003005108684764,0.0002597693427387,0.0002548720977216,0.0001895345838473,0.0002317098693455,0.0002337489360013,0.0002075550020755,0.0001720488618767,0.0001118362428794,0.0001116186168103,19,19,エンディングテーマ,秋霜玉,0,0.0,1
85,160,月見草,0.0,0.0,0.0003474232773595,0.0003734129947722,5.641430666817105e-05,6.23091781419403e-05,9.3900142415216e-05,7.512771711910248e-05,5.374538125629829e-05,0.0001367606378018,0.0001304992216653,0.0002167608455167,0.00030431465253,0.0002299933806783,0.000224063634072,0.0001948115198545,0.0002026759094714,19,19,エンディングテーマ,永夜抄,2004,8.0,2
86,162,宵闇の魔術師,0.0,0.0,0.0002895193977996,0.0004801024218499,0.0001128286133363,0.0001090410617483,9.3900142415216e-05,0.0001252128618651,9.4054417198522e-05,0.0002300065272122,0.000195748832498,0.0001906000538164,0.0001764142913217,0.0002075550020755,0.0001280363623269,0.0001118362428794,8.811996063975092e-05,1,-,オリジナル,メニュー,0,0.0,1
87,163,夜の鳩山を飛ぶ,0.0,0.0,0.0002895193977996,0.0003200682812333,0.0001692429200045,0.0003271231852451,0.0002399670306166,0.000190323550035,0.0002015451797111,0.0001864917788207,0.0002019630811487,0.0001644392621161,0.0001808246486047,0.0002299933806783,0.0001600454529086,0.0002128496235447,0.0001733025892581,9,-,秋霜玉プロトタイプBGM,メニュー,0,0.0,1
88,167,Maniacal Princess,0.0,0.0,0.0001158077591198,0.0001066894270777,0.0,3.115458907097015e-05,3.6516722050361776e-05,9.51617750175298e-05,7.613929011308924e-05,0.0001616262083113,0.0001056422270624,0.0001158549346727,0.0001146692893591,0.0001290206769658,8.402386277702867e-05,8.297527697508216e-05,7.63706325544508e-05,7,07,小兎姫のテーマ,夢時空,1997,3.0,1
89,169,A Sacred Lot,0.0,0.0,5.790387955993052e-05,0.0,7.52190755575614e-05,7.788647267742539e-05,4.6950071207608e-05,4.006811579685465e-05,3.1351472399507335e-05,4.973114101886675e-05,8.389235678487203e-05,0.0001308039585015,0.0001367210757743,0.0001514590555686,0.0001880534071676,0.0002056343820686,0.0001909265813861,1,01,タイトル画面テーマ,靈異伝,1995,1.0,1
90,170,Bad Apple!!,0.0,0.0,5.790387955993052e-05,0.0001066894270777,0.0019745007333859,0.0029596859617421,0.0042568064561564,0.0029349894821196,0.0031664987123502,0.0027165635781555,0.0030946958280641,0.0028328400155469,0.0023860032901265,0.0024177352944476,0.0030088545146821,0.0050506690332658,0.0044294966881581,7,07,３面テーマ,幻想郷,1998,4.0,1
91,171,Dreamy pilot,0.0,0.0,5.790387955993052e-05,0.0,0.0001128286133363,4.6731883606455233e-05,7.825011867934667e-05,9.51617750175298e-05,8.061807188444743e-05,0.0001243278525471,0.0001429277189668,0.0001756510299877,0.000110258932076,0.0001402398662672,0.0001240352260041,0.0001262667258316,9.399462468240098e-05,24,24,未使用曲（４面テーマ）,幻想郷,1998,4.0,1
92,172,End of Daylight,0.0,0.0,5.790387955993052e-05,0.0001066894270777,7.52190755575614e-05,4.6731883606455233e-05,0.0001721502610945,0.0001352298908143,0.0002105027432538,0.0001802753861933,0.0001677847135697,0.0001980745657308,0.0001411314330573,0.0002019454074248,0.0002080590887812,0.000155127691736,0.0001409919370236,4,04,２面テーマ,封魔録,1997,2.0,1
93,173,Inventive City,0.0,0.0,5.790387955993052e-05,0.0,1.880476888939035e-05,7.788647267742538e-06,3.6516722050361776e-05,3.005108684764099e-05,2.6872690628149144e-05,2.4865570509433376e-05,2.1749870277559417e-05,2.2423535743115976e-05,2.6462143698260995e-05,3.9267162554833786e-05,7.202045380888173e-05,5.050669033265871e-05,4.1122648298550426e-05,5,-,秋霜玉プロトタイプBGM,メニュー,0,0.0,1
94,174,Selene's light,0.0,0.0,5.790387955993052e-05,0.0001066894270777,7.52190755575614e-05,3.8943236338712696e-05,2.6083372893115556e-05,2.504257237303416e-05,4.030903594222372e-05,6.216392627358344e-05,5.903536218194698e-05,4.484707148623195e-05,3.969321554739149e-05,4.487675720552433e-05,5.201477219530347e-05,3.2468586642423456e-05,7.049596851180073e-05,3,03,魔理沙１面のテーマ,幻想郷,1998,4.0,1
95,175,エキストララブ,0.0,0.0,5.790387955993052e-05,5.33447135388883e-05,7.52190755575614e-05,1.5577294535485076e-05,5.216674578623111e-05,4.5076630271461486e-05,4.9266599484940095e-05,4.351474839150841e-05,5.903536218194698e-05,5.979609531497593e-05,8.820714566086998e-05,8.975351441104866e-05,9.202613542245998e-05,2.5253345166329357e-05,4.699731234120049e-05,12,12,エキストラステージ,封魔録,1997,2.0,1
96,181,博麗神社境内,0.0,0.0,5.790387955993052e-05,0.0002667235676944,5.641430666817105e-05,0.0001090410617483,9.3900142415216e-05,0.0001302213763397,0.0001612361437688,0.0001927081714481,0.0001553562162682,0.0001457529823302,7.938643109478299e-05,9.53631090617392e-05,0.0001080306807133,8.297527697508216e-05,9.105729266107596e-05,16,16,未使用曲（１面テーマ）,封魔録,1997,2.0,1
97,182,非統一魔法世界論,0.0,0.0,5.790387955993052e-05,0.0001600341406166,1.880476888939035e-05,1.5577294535485076e-05,4.1733396628984886e-05,3.505960132224782e-05,2.2393908856790958e-05,0.000105678674665,0.0001429277189668,0.0001233294465871,9.7027860226957e-05,8.414391976035811e-05,0.0001000284080678,6.854479402289396e-05,6.168397244782565e-05,13,13,中ボスデモテーマ,夢時空,1997,3.0,1
98,183,風の神社,0.0,0.0,5.790387955993052e-05,0.0002133788541555,1.880476888939035e-05,7.009782540968284e-05,5.216674578623111e-05,9.015326054292296e-05,9.4054417198522e-05,0.0002362229198396,0.0001646775892443,0.0002242353574311,0.000308725009813,0.0002299933806783,0.0002600738609765,0.00031386300421,0.000234986561706,15,15,未使用曲,靈異伝,1995,1.0,1
99,184,魔鏡,0.0,0.0,5.790387955993052e-05,5.33447135388883e-05,5.641430666817105e-05,0.0001246183562838,0.000109550166151,0.0001302213763397,0.0001701937073116,0.000261088490349,0.0001491419676175,0.0001756510299877,0.000207286792303,0.0002692605432331,0.0003200909058172,0.0002489258309252,0.0002114879055354,9,09,１５面テーマ,靈異伝,1995,1.0,1
100,186,風神少女,0.0,0.0,0.0,0.0507308225754827,0.0371958328632141,0.0207333790267306,0.0128799695346204,0.011324251227086,0.0118553353487851,0.0098219003512261,0.0099521192141461,0.0096084850659251,0.0075725834549856,0.0077412406179529,0.0073380840158605,0.0064323877759378,0.005865852046586,6,06,撮影曲５,文花帖,2005,9.5,5
101,204,Demystify Feast,0.0,0.0,0.0,0.0108289768483943,0.0131821429914626,0.0074615240824973,0.0070372940065625,0.0057898427326454,0.0054193259433434,0.0054455599415659,0.0042101534608704,0.0041707776482195,0.003960500840173,0.0038986682822299,0.0033409488294675,0.002763437485344,0.0027464054399389,1,-,宴会直前のテーマ,萃夢想,2004,7.5,3
102,206,フラワリングナイト,0.0,0.0,0.0,0.0101888402859276,0.0062807928090563,0.012944731758988,0.0094317476381505,0.0087498747871381,0.0074840443399395,0.0084480775805799,0.0095730500464515,0.0091002182557479,0.0080753641852526,0.007685144671446,0.0086824658202929,0.0097838674415836,0.0095375170732423,4,04,十六夜 咲夜のテーマ,花映塚,2005,9.0,4
103,207,お宇佐さまの素い幡,0.0,0.0,0.0,0.0074149151819054,0.0031780059423069,0.0019160072278646,0.0013093853192344,0.001197034959431,0.0010435561527264,0.0010443539613962,0.0010564222706243,0.001005321852483,0.0009438164585713,0.0008246104136515,0.0007402102197023,0.0006529793535865,0.000678523696926,10,10,因幡 てゐのテーマ,花映塚,2005,9.0,4
104,220,萃夢想,0.0,0.0,0.0,0.0038408193747999,0.002557448568957,0.0016823478098323,0.002587470590997,0.0027446659320845,0.0018452580897995,0.0017032915798961,0.0020258450601383,0.0019844829132657,0.0018082464860478,0.0020082348849472,0.002152611341621,0.0014899473648134,0.0015655979673662,2,-,キャラクターセレクト,非想天則,2009,12.3,6
105,223,オリエンタルダークフライト,0.0,0.0,0.0,0.0030939933852555,0.0020497198089435,0.0016667705152969,0.001356335390442,0.001362315937093,0.0014242526032919,0.0019830292481273,0.0016188117735154,0.0018200436511495,0.0019670193482374,0.0019914061009951,0.0016684738465724,0.0016631131602396,0.0016654672560912,3,03,霧雨 魔理沙のテーマ,花映塚,2005,9.0,4
106,230,花は幻想のままに,0.0,0.0,0.0,0.0013336178384722,0.0008838241378013,0.0005997258396161,0.0005373174815981,0.0005509365922067,0.0005150599037061,0.0007273179374009,0.0006928887245565,0.0007212903997368,0.0008026850255139,0.0009143639280625,0.00092826362687,0.0008333603904888,0.0006932103570327,18,18,エンディングテーマ,花映塚,2005,9.0,4
107,246,花の映る塚,0.0,0.0,0.0,0.0004267577083111,5.641430666817105e-05,7.009782540968284e-05,0.000109550166151,9.015326054292296e-05,8.061807188444743e-05,0.0001181114599198,0.0001646775892443,0.0001270667025443,0.0001146692893591,0.0001514590555686,0.0001640465892313,0.0001912038991164,9.986928872505104e-05,16,16,会話場面のテーマ,花映塚,2005,9.0,4
108,251,此岸の塚,0.0,0.0,0.0,0.0002667235676944,5.641430666817105e-05,6.23091781419403e-05,6.260009494347733e-05,7.011920264449564e-05,8.061807188444743e-05,8.081310415565848e-05,5.903536218194698e-05,6.727060722934792e-05,4.410357283043499e-05,8.975351441104866e-05,7.202045380888173e-05,5.772193180875281e-05,6.462130446915067e-05,17,17,会話場面のテーマ２,花映塚,2005,9.0,4
109,257,魔法鐘愛,0.0,0.0,0.0,0.0001066894270777,0.0,2.3365941803227617e-05,1.0433349157246222e-05,2.003405789842733e-05,1.3436345314074572e-05,1.2432785254716688e-05,1.5535621626828154e-05,3.737255957185996e-05,3.5282858264348e-05,4.487675720552433e-05,2.4006817936293908e-05,1.4430482952188202e-05,2.6435988191925275e-05,14,14,夢美デモテーマ,夢時空,1997,3.0,1
110,262,遠野の森,0.0,0.0,0.0,0.0001066894270777,1.880476888939035e-05,1.5577294535485076e-05,2.0866698314492443e-05,2.504257237303416e-05,1.3436345314074572e-05,6.216392627358344e-06,1.8642745952193785e-05,2.989804765748797e-05,2.205178641521749e-05,2.243837860276217e-05,1.6004545290862605e-05,1.803810369023525e-05,1.7623992127950182e-05,14,14,エンディングテーマ,封魔録,1997,2.0,1
111,263,やみのちから,0.0,0.0,0.0,0.0001066894270777,9.402384444695174e-05,7.009782540968284e-05,8.346679325796977e-05,7.512771711910248e-05,7.166050834173104e-05,6.838031890094178e-05,7.146385948340951e-05,9.716865488683588e-05,5.733464467956549e-05,8.414391976035811e-05,9.202613542245998e-05,8.658289771312921e-05,8.518262861842588e-05,5,05,２面ボス・明羅のテーマ,封魔録,1997,2.0,1
112,264,スターボウドリーム,0.0,0.0,0.0,0.0001066894270777,5.641430666817105e-05,4.6731883606455233e-05,5.216674578623111e-05,5.509365922067515e-05,5.374538125629829e-05,6.216392627358344e-05,8.07852324595064e-05,8.595688701527791e-05,5.733464467956549e-05,6.73151358082865e-05,5.601590851801912e-05,6.493717328484691e-05,4.699731234120049e-05,23,23,未使用曲,夢時空,1997,3.0,1
113,267,the Legend of KAGE,0.0,0.0,0.0,0.0001066894270777,0.0,7.788647267742538e-06,3.1300047471738666e-05,3.005108684764099e-05,5.822416302765648e-05,1.864917788207503e-05,5.903536218194698e-05,5.232158340060394e-05,5.733464467956549e-05,5.609594650690541e-05,6.801931748616607e-05,5.411431107070576e-05,3.81853162772254e-05,10,10,１６～１９面テーマ,靈異伝,1995,1.0,1
114,268,She's in a temper!!,0.0,0.0,0.0,0.0001066894270777,0.0,7.009782540968284e-05,4.6950071207608e-05,7.512771711910248e-05,6.718172657037286e-05,6.216392627358344e-05,8.07852324595064e-05,9.343139892964987e-05,8.379678837782649e-05,7.853432510966757e-05,7.602159013159738e-05,7.215241476094102e-05,9.399462468240098e-05,3,03,１面ボス・里香のテーマ１,封魔録,1997,2.0,1
115,269,Phantasmagoria,0.0,0.0,0.0,0.0001066894270777,5.641430666817105e-05,3.8943236338712696e-05,4.6950071207608e-05,5.509365922067515e-05,5.374538125629829e-05,8.081310415565848e-05,6.835673515804388e-05,9.343139892964987e-05,6.174500196260899e-05,0.0001009727037124,3.6010226904440863e-05,8.297527697508216e-05,3.5247984255900364e-05,24,24,未使用曲,夢時空,1997,3.0,1
116,270,Magic of Life,0.0,0.0,0.0,0.0001066894270777,0.0,1.5577294535485076e-05,3.1300047471738666e-05,2.504257237303416e-05,3.583025417086552e-05,4.351474839150841e-05,4.349974055511883e-05,3.737255957185996e-05,4.410357283043499e-05,8.414391976035811e-05,5.201477219530347e-05,5.772193180875281e-05,3.81853162772254e-05,2,-,オリジナル,メニュー,0,0.0,1
117,272,東方の青い空,0.0,0.0,0.0,5.33447135388883e-05,0.0,0.0,0.0,0.0,4.47878177135819e-06,6.216392627358344e-06,6.214248650731262e-06,1.1211767871557988e-05,4.4103572830435e-06,1.1219189301381084e-05,4.001136322715651e-06,1.4430482952188202e-05,2.3498656170600244e-05,16,16,昼のエンディングテーマ,夢時空,1997,3.0,1
118,274,死を賭して,0.0,0.0,0.0,5.33447135388883e-05,0.0,7.788647267742538e-06,2.0866698314492443e-05,1.5025543423820495e-05,2.2393908856790958e-05,1.2432785254716688e-05,9.321372976096893e-06,2.2423535743115976e-05,1.7641429132174e-05,1.6828783952071623e-05,4.401249954987216e-05,2.1645724428282305e-05,1.1749328085300122e-05,7,07,３面ボス,封魔録,1997,2.0,1
119,276,久遠の楽園,0.0,0.0,0.0,5.33447135388883e-05,1.880476888939035e-05,7.788647267742538e-06,1.5650023735869333e-05,2.003405789842733e-05,2.6872690628149144e-05,4.351474839150841e-05,2.4856994602925048e-05,1.4949023828743985e-05,3.5282858264348e-05,3.9267162554833786e-05,4.001136322715651e-05,1.803810369023525e-05,2.6435988191925275e-05,20,20,グッドエンドテーマ２,怪綺談,1998,5.0,1
120,281,Incomplete Plot,0.0,0.0,0.0,5.33447135388883e-05,1.880476888939035e-05,2.3365941803227617e-05,5.216674578623111e-06,1.0017028949213665e-05,2.6872690628149144e-05,3.108196313679172e-05,1.5535621626828154e-05,1.868627978592998e-05,3.969321554739149e-05,1.6828783952071623e-05,1.2003408968146954e-05,2.8860965904376405e-05,1.4686660106625151e-05,25,25,未使用曲（５面テーマ）,幻想郷,1998,4.0,1
121,282,Highly Responsive to Prayers,0.0,0.0,0.0,5.33447135388883e-05,0.0,0.0,2.6083372893115556e-05,5.008514474606832e-06,2.6872690628149144e-05,3.108196313679172e-05,3.728549190438757e-05,4.858432744341794e-05,7.497607381173948e-05,2.8047973253452704e-05,4.001136322715651e-05,6.493717328484691e-05,4.1122648298550426e-05,4,04,魔界６～９面テーマ,靈異伝,1995,1.0,1
122,283,Frontal Attack,0.0,0.0,0.0,5.33447135388883e-05,0.0,0.0,0.0,1.0017028949213665e-05,4.47878177135819e-06,3.729835576415006e-05,6.214248650731262e-06,1.4949023828743985e-05,2.205178641521749e-05,4.487675720552433e-05,4.001136322715651e-05,2.1645724428282305e-05,2.9373320213250302e-05,4,-,秋霜玉プロトタイプBGM,メニュー,0,0.0,1
123,284,Break the Sabbath,0.0,0.0,0.0,5.33447135388883e-05,1.880476888939035e-05,0.0,1.0433349157246222e-05,1.5025543423820495e-05,1.791512708543276e-05,3.108196313679172e-05,3.107124325365631e-05,1.4949023828743985e-05,2.6462143698260995e-05,3.365756790414325e-05,3.200909058172521e-05,2.8860965904376405e-05,1.1749328085300122e-05,5,05,２面テーマ,幻想郷,1998,4.0,1
124,285,ネイティブフェイス,0.0,0.0,0.0,0.0,0.0405430817255255,0.0291996386067667,0.0216178994538141,0.0183361714915356,0.0156891725450677,0.0114257296490846,0.0115771452363123,0.011574281699405,0.0107700924851922,0.0111182165976686,0.0121594532847328,0.0120963523346717,0.0149686439806723,15,15,EXTRAステージボス・洩矢 諏訪子のテーマ,風神録,2007,10.0,5
125,286,信仰は儚き人間の為に,0.0,0.0,0.0,0.0,0.0221896272894806,0.0199545142999563,0.0178671104317841,0.0164279274767104,0.0140588959802933,0.0108476051347403,0.0107537572900904,0.0101802852273746,0.0096013478051856,0.0094297286078108,0.0097867794453624,0.008900000360762,0.0084007695809895,11,11,５面ボス・東風谷 早苗のテーマ,風神録,2007,10.0,5
127,287,神々が恋した幻想郷,0.0,0.0,0.0,0.0,0.0207792696227763,0.0198844164745467,0.0172828428789783,0.0198938194931383,0.0240152278580226,0.0209243775836881,0.0191740642118313,0.0188731425837892,0.0170327998271139,0.0179282645036069,0.0178250623176982,0.0195713425039052,0.020605384129595,6,06,３面テーマ,風神録,2007,10.0,5
128,292,運命のダークサイド,0.0,0.0,0.0,0.0,0.0115461280980856,0.0110053585893202,0.0103550990385668,0.0103626164479615,0.0086440488187213,0.0056009697572498,0.0064068903589039,0.006671001883577,0.0053894565998791,0.0050430255909707,0.004797362450936,0.0040188895021844,0.0048700964913569,5,05,２面ボス・鍵山 雛のテーマ,風神録,2007,10.0,5
129,295,東の国の眠らない夜,0.0,0.0,0.0,0.0,0.0106999134980631,0.0082170228674683,0.0069694772370404,0.0064659921867174,0.0064763184413839,0.0049668977092593,0.0043251170609089,0.0046753072024396,0.0043397915665148,0.0044652373419496,0.0035129976913443,0.0031819214909574,0.0030724492943059,4,04,撮影曲３,文花帖,2005,9.5,5
130,296,レトロスペクティブ京都,0.0,0.0,0.0,0.0,0.0101357704313813,0.006168608636052,0.0048045572869118,0.0039817690073124,0.0037800918150263,0.0025549373698442,0.0023862714818808,0.0026571889855592,0.0023639515037113,0.0025467559714135,0.0021206022510392,0.0021790029257804,0.0018152711891788,5,05,撮影曲４,文花帖,2005,9.5,5
131,298,稲田姫様に叱られるから,0.0,0.0,0.0,0.0,0.006938959720185,0.0054208984983488,0.0075902615118966,0.0072322949013322,0.0065972455492106,0.0044447207285612,0.0040175117526977,0.0047126797620115,0.004061939057683,0.0041454904468603,0.0040131397316837,0.0038745846726625,0.0038097196316585,3,03,１面ボス・秋 穣子のテーマ,風神録,2007,10.0,5
132,300,明日ハレの日、ケの昨日,0.0,0.0,0.0,0.0,0.0061303546579412,0.0071421895445199,0.0077728451221484,0.0075478313132324,0.0084335460754674,0.0067261368228017,0.0056891446397444,0.0060767781863844,0.0056717194659939,0.0063276227659789,0.0059016760760055,0.0051805433798355,0.0049875897722099,14,14,EXTRAステージテーマ,風神録,2007,10.0,5
134,301,少女が見た日本の原風景,0.0,0.0,0.0,0.0,0.0056414306668171,0.0058414854508069,0.0055453250770763,0.0057147150155263,0.0060642705184189,0.0049420321387498,0.0049651846719342,0.0047537895775405,0.0046176440753465,0.0048354705888952,0.0047293431334499,0.0039828132948039,0.0036070437221871,10,10,５面テーマ,風神録,2007,10.0,5
135,326,呑んべぇのレムリア,0.0,0.0,0.0,0.0,0.0005829478355711,0.0012072403265,0.0008451012817369,0.0007663027146148,0.0006942111745605,0.0004786622323065,0.0004412116542019,0.0005269530899632,0.000511601444833,0.0004824251399593,0.0004441261318214,0.0003355087286383,0.0003054825302178,1,-,3面ボス・甘粕・バーレイ・天治のテーマ,黄昏酒場,0,0.0,1
136,331,封印されし神々,0.0,0.0,0.0,0.0,0.0003949001466771,0.0003115458907097,0.000318217149296,0.0002804768105779,0.0002194603067965,0.0003046032387405,0.0003293551784887,0.0003699883397614,0.0004851393011347,0.00048803473461,0.000492139767694,0.0005194973862787,0.0005639677480944,1,01,タイトル画面テーマ,風神録,2007,10.0,5
137,340,麓の神社,0.0,0.0,0.0,0.0,0.0001692429200045,0.0001557729453548,9.3900142415216e-05,0.0001101873184413,0.0001119695442839,0.000105678674665,0.0001273920973399,0.0001121176787155,9.7027860226957e-05,0.0001682878395207,0.0001360386349723,0.0001298743465696,0.0001321799409596,16,16,エンディングテーマ,風神録,2007,10.0,5
138,343,プレイヤーズスコア,0.0,0.0,0.0,0.0,0.0001316333822257,0.0002025048289613,0.0002556170543525,0.0002404086947811,0.0002373754338819,0.000174058993566,0.0002734269406321,0.0002728196848745,0.0002999042952469,0.0002019454074248,0.0003200909058172,0.0002417105894491,0.0002026759094714,18,18,ゲームオーバーテーマ,風神録,2007,10.0,5
144,347,Castle Explorer -in the Sky-,0.0,0.0,0.0,0.0,5.641430666817105e-05,3.115458907097015e-05,3.1300047471738666e-05,4.5076630271461486e-05,4.478781771358191e-05,6.216392627358344e-05,6.214248650731261e-05,4.858432744341794e-05,5.733464467956549e-05,7.853432510966757e-05,0.0001040295443906,5.772193180875281e-05,4.699731234120049e-05,3,03,ゲイツのテーマ,稀翁玉,0,0.0,1
145,348,オルレアンの聖騎士,0.0,0.0,0.0,0.0,5.641430666817105e-05,3.115458907097015e-05,3.1300047471738666e-05,3.005108684764099e-05,5.374538125629829e-05,3.108196313679172e-05,4.03926162297532e-05,4.858432744341794e-05,3.0872500981304494e-05,0.0001065822983631,5.601590851801912e-05,1.803810369023525e-05,5.287197638385055e-05,6,06,マリーのテーマ,稀翁玉,0,0.0,1
146,353,Plastic Space,0.0,0.0,0.0,0.0,3.76095377787807e-05,7.788647267742538e-06,1.0433349157246222e-05,2.003405789842733e-05,1.791512708543276e-05,6.216392627358344e-06,2.1749870277559417e-05,1.868627978592998e-05,3.0872500981304494e-05,3.365756790414325e-05,3.6010226904440863e-05,2.8860965904376405e-05,1.4686660106625151e-05,3,-,秋霜玉プロトタイプBGM,メニュー,0,0.0,1
147,356,Arcadian Dream,0.0,0.0,0.0,0.0,1.880476888939035e-05,0.0,5.216674578623111e-06,3.005108684764099e-05,2.2393908856790958e-05,0.0,1.8642745952193785e-05,3.363530361467396e-05,4.4103572830435e-06,2.243837860276217e-05,2.000568161357825e-05,1.803810369023525e-05,2.0561324149275213e-05,21,21,スタッフロールテーマ,幻想郷,1998,4.0,1
148,357,Mystic Dream,0.0,0.0,0.0,0.0,1.880476888939035e-05,3.115458907097015e-05,1.0433349157246222e-05,5.008514474606832e-06,1.791512708543276e-05,1.864917788207503e-05,2.1749870277559417e-05,1.4949023828743985e-05,2.205178641521749e-05,2.8047973253452704e-05,1.6004545290862605e-05,1.803810369023525e-05,2.3498656170600244e-05,21,21,スタッフロールテーマ,怪綺談,1998,5.0,1
149,358,Peaceful,0.0,0.0,0.0,0.0,1.880476888939035e-05,0.0,0.0,5.008514474606832e-06,4.47878177135819e-06,6.216392627358344e-06,1.8642745952193785e-05,3.737255957185996e-06,8.820714566087e-06,1.6828783952071623e-05,1.2003408968146954e-05,1.0822862214141153e-05,1.1749328085300122e-05,20,20,グッドエンドのテーマ,幻想郷,1998,4.0,1
150,360,Endless,0.0,0.0,0.0,0.0,1.880476888939035e-05,0.0,0.0,5.008514474606832e-06,4.47878177135819e-06,6.216392627358344e-06,6.214248650731262e-06,1.868627978592998e-05,3.5282858264348e-05,1.1219189301381084e-05,8.002272645431303e-06,3.6076207380470506e-06,1.4686660106625151e-05,19,19,グッドエンドテーマ１,怪綺談,1998,5.0,1
151,364,魂の休らむ所,0.0,0.0,0.0,0.0,1.880476888939035e-05,3.115458907097015e-05,0.0,1.5025543423820495e-05,1.3436345314074572e-05,6.216392627358344e-06,2.1749870277559417e-05,1.1211767871557988e-05,3.0872500981304494e-05,5.048635185621487e-05,2.800795425900956e-05,1.4430482952188202e-05,0.0,23,23,ネームレジストテーマ,怪綺談,1998,5.0,1
152,365,天使伝説,0.0,0.0,0.0,0.0,1.880476888939035e-05,3.115458907097015e-05,5.216674578623111e-05,8.514474606831613e-05,8.061807188444743e-05,6.838031890094178e-05,7.146385948340951e-05,8.96941429724639e-05,0.0001190796466421,0.0001121918930138,0.0001000284080678,0.0001262667258316,0.0001057439527677,6,06,１０面テーマ,靈異伝,1995,1.0,1
153,366,封魔終演,0.0,0.0,0.0,0.0,1.880476888939035e-05,7.788647267742538e-06,0.0,1.0017028949213665e-05,8.95756354271638e-06,6.216392627358344e-06,2.4856994602925048e-05,1.1211767871557988e-05,1.3231071849130496e-05,2.243837860276217e-05,1.2003408968146954e-05,1.4430482952188202e-05,1.7623992127950182e-05,18,18,未使用曲（スタッフロールテーマ）,封魔録,1997,2.0,1
154,370,ハルトマンの妖怪少女,0.0,0.0,0.0,0.0,0.0,0.0159745155461399,0.0165420750888138,0.0175448262045477,0.0172164371291008,0.0269915767879899,0.0230859337374666,0.0226851436601189,0.0214607985392896,0.0206769658824453,0.0248230497461279,0.0224069324040102,0.0270675145765101,15,15,EXTRAステージボス・古明地 こいしのテーマ,地霊殿,2008,11.0,5
155,372,華のさかづき大江山,0.0,0.0,0.0,0.0,0.0,0.0102420711570814,0.0053470914430886,0.0047080036061304,0.0038562311051394,0.0024803406583159,0.0025447348224744,0.0024217418602565,0.002139023282276,0.0019072621812347,0.001940551116517,0.0015260235721939,0.001509788658961,7,07,３面ボス・星熊 勇儀のテーマ,地霊殿,2008,11.0,5
156,373,緑眼のジェラシー,0.0,0.0,0.0,0.0,0.0,0.0101563960371362,0.0079345620340857,0.0069668436341781,0.0059254282835068,0.0055574550088583,0.0052261831152649,0.0051424641970879,0.0043971262111943,0.0043923126114906,0.0043412329101464,0.0033190110790032,0.0033044985239906,5,05,２面ボス・水橋 パルスィのテーマ,地霊殿,2008,11.0,5
157,374,廃獄ララバイ,0.0,0.0,0.0,0.0,0.0,0.0080067293912393,0.007099894101506,0.0080987679054392,0.0078468256634195,0.0064836975103347,0.0057512871262517,0.0056993153347086,0.0058393130427495,0.0063556707392323,0.0055975897154791,0.0046430078898665,0.0040799541776204,10,10,５面テーマ,地霊殿,2008,11.0,5
158,375,ラストリモート,0.0,0.0,0.0,0.0,0.0,0.0071499781917876,0.0085553463089419,0.0116798557547831,0.014605307356399,0.0162310011500326,0.0132239211287561,0.0123441564265853,0.0112508214290439,0.0111743125441755,0.0106710305726826,0.0097153226475607,0.0089324266768494,14,14,EXTRAステージテーマ,地霊殿,2008,11.0,5
159,379,旧地獄街道を行く,0.0,0.0,0.0,0.0,0.0,0.00538195526201,0.0030778380013876,0.0030802364018832,0.0028350688612697,0.0018027538619339,0.0020258450601383,0.001950847609651,0.0018435293443121,0.0019521389384403,0.0020685874788439,0.002381029687111,0.0021383777115246,6,06,３面テーマ,地霊殿,2008,11.0,5
160,380,幼心地の有頂天,0.0,0.0,0.0,0.0,0.0,0.005202816374852,0.0038133891169734,0.0038365220875488,0.0033680438920613,0.0025362881919622,0.0022899506277944,0.0023469967411128,0.0026726765135243,0.0022438378602762,0.0018925374806445,0.0016234293321211,0.0013129874135322,3,-,ラストスペルのテーマ,緋想天,2008,10.5,5
161,381,ハートフェルトファンシー,0.0,0.0,0.0,0.0,0.0,0.0032400772633808,0.0024622704011101,0.0024391465491335,0.0022573060127645,0.0021570882416933,0.001836310476291,0.0019994319370945,0.001733270412236,0.0019970156956458,0.001744495436704,0.0014286178122666,0.0012013687967219,8,08,４面テーマ,地霊殿,2008,11.0,5
162,384,渡る者の途絶えた橋,0.0,0.0,0.0,0.0,0.0,0.0020094709950775,0.0015545690244296,0.0014674947410598,0.0012674952412943,0.0012805768812358,0.0010688507679257,0.0011361258109845,0.0010540753906473,0.0012172820391998,0.0012043420331374,0.0009488042541063,0.0008606382822482,4,04,２面テーマ,地霊殿,2008,11.0,5
163,387,業火マントル,0.0,0.0,0.0,0.0,0.0,0.001783600224313,0.0012780852717626,0.0015175798858058,0.0013794647855783,0.0011127342802971,0.001028458151696,0.0010800669716267,0.000917354314873,0.0011219189301381,0.0008282352188021,0.0006710174572767,0.0006726490328834,12,12,６面テーマ,地霊殿,2008,11.0,5
164,388,暗闇の風穴,0.0,0.0,0.0,0.0,0.0,0.0010592560284129,0.0008190179088438,0.0010768306120404,0.0008464897547866,0.0009573244646131,0.0008575663138009,0.0009417885012108,0.0009349957440052,0.0009648502799187,0.0009322647631927,0.0006818403194908,0.00068733569299,2,02,１面テーマ,地霊殿,2008,11.0,5
165,389,地霊達の起床,0.0,0.0,0.0,0.0,0.0,0.0009268490248613,0.0004069006171326,0.0003756385855955,0.0003000783786809,0.0003232524166226,0.0003013910595604,0.0002952432206176,0.000313135367096,0.0004319387881031,0.0003440977237535,0.000230887727235,0.0002731718779832,1,01,タイトル画面テーマ,地霊殿,2008,11.0,5
166,394,地霊達の帰宅,0.0,0.0,0.0,0.0,0.0,0.0003504891270484,0.00015128356278,0.0002053490934588,0.0001298846713693,0.000105678674665,0.0001336063459907,0.0001607020061589,0.0001367210757743,0.0001738974341714,0.0001240352260041,0.0001370895880457,0.0001674279252155,16,16,エンディングテーマ,地霊殿,2008,11.0,5
167,407,幻夢界,0.0,0.0,0.0,0.0,0.0,1.5577294535485076e-05,2.6083372893115556e-05,4.006811579685465e-05,5.822416302765648e-05,2.4865570509433376e-05,5.282111353121573e-05,5.979609531497593e-05,7.497607381173948e-05,9.53631090617392e-05,6.401818116345042e-05,6.493717328484691e-05,6.462130446915067e-05,6,06,３面テーマ,封魔録,1997,2.0,1
168,408,Oriental Magician,0.0,0.0,0.0,0.0,0.0,1.5577294535485076e-05,5.216674578623111e-06,2.504257237303416e-05,2.6872690628149144e-05,4.351474839150841e-05,3.728549190438757e-05,2.2423535743115976e-05,2.205178641521749e-05,3.365756790414325e-05,3.6010226904440863e-05,3.607620738047051e-05,3.81853162772254e-05,7,07,魔界１１～１４面テーマ,靈異伝,1995,1.0,1
169,411,幻想の住人,0.0,0.0,0.0,0.0,0.0,7.788647267742538e-06,5.216674578623111e-06,5.008514474606832e-06,4.47878177135819e-06,0.0,9.321372976096893e-06,0.0,3.969321554739149e-05,1.6828783952071623e-05,1.6004545290862605e-05,2.1645724428282305e-05,8.811996063975091e-06,22,22,ネームレジストテーマ,幻想郷,1998,4.0,1
170,412,Crescent Dream,0.0,0.0,0.0,0.0,0.0,7.788647267742538e-06,5.216674578623111e-05,3.505960132224782e-05,4.478781771358191e-05,9.324588941037516e-05,8.07852324595064e-05,5.979609531497593e-05,4.851393011347849e-05,0.0001065822983631,0.0001200340896814,7.576003549898806e-05,6.462130446915067e-05,28,28,未使用曲（スタッフロールテーマ）,幻想郷,1998,4.0,1
171,413,ゲームオーバー,0.0,0.0,0.0,0.0,0.0,7.788647267742538e-06,2.0866698314492443e-05,1.0017028949213665e-05,8.95756354271638e-06,1.2432785254716688e-05,4.03926162297532e-05,1.868627978592998e-05,3.5282858264348e-05,5.609594650690541e-06,3.6010226904440863e-05,2.8860965904376405e-05,3.231065223457534e-05,21,21,ゲームオーバーテーマ,夢時空,1997,3.0,1
172,414,久遠の夢,0.0,0.0,0.0,0.0,0.0,7.788647267742538e-06,0.0,2.504257237303416e-05,1.3436345314074572e-05,2.4865570509433376e-05,2.4856994602925048e-05,2.2423535743115976e-05,8.820714566087e-06,1.6828783952071623e-05,1.6004545290862605e-05,3.607620738047051e-05,2.9373320213250302e-05,15,15,共通エンディングテーマ,夢時空,1997,3.0,1
173,415,華の幻想　紅夢の宙,0.0,0.0,0.0,0.0,0.0,7.788647267742538e-06,5.216674578623111e-06,1.0017028949213665e-05,8.95756354271638e-06,4.351474839150841e-05,3.728549190438757e-05,2.989804765748797e-05,3.0872500981304494e-05,3.365756790414325e-05,3.6010226904440863e-05,3.968382811851756e-05,2.6435988191925275e-05,6,06,３面テーマ,秋霜玉,0,0.0,1
174,417,平安のエイリアン,0.0,0.0,0.0,0.0,0.0,0.0,0.0155039568476678,0.0144946408895121,0.0111432090471391,0.0077767071768252,0.007861024543175,0.0072839118605555,0.0064479423478095,0.0059517799243826,0.0051854726742394,0.0052671262775486,0.0047173552262479,15,15,EXTRAステージボス・封獣 ぬえのテーマ,星蓮船,2009,12.0,6
175,418,ぼくらの非想天則,0.0,0.0,0.0,0.0,0.0,0.0,0.0125826190836389,0.0090003005108684,0.0049535326391221,0.0015665309420943,0.0015287051680798,0.0016556043890333,0.0013716211150265,0.0014809329877823,0.001040295443906,0.0007648155964659,0.0007578316615018,4,-,会話,非想天則,2009,12.3,6
176,419,春の湊に,0.0,0.0,0.0,0.0,0.0,0.0,0.009979498468906,0.0106380847440649,0.009490538573508,0.0077580579989432,0.0064068903589039,0.00693260980058,0.0063729662739978,0.0064566434429448,0.006077726074205,0.0040766114339931,0.0043766247117742,2,02,１面テーマ,星蓮船,2009,12.0,6
177,420,小さな小さな賢将,0.0,0.0,0.0,0.0,0.0,0.0,0.0083414626512183,0.0054142041470499,0.0037084313066845,0.0020389767817735,0.0020196308114876,0.0020928633360241,0.0016450632665752,0.001649220827303,0.0016284624833452,0.0009957033237009,0.0011014995079968,3,03,１面ボス・ナズーリンのテーマ,星蓮船,2009,12.0,6
178,421,幽霊客船の時空を越えた旅,0.0,0.0,0.0,0.0,0.0,0.0,0.0081640957155451,0.0068867074025843,0.0043354607546747,0.0031827930252074,0.0026099844333071,0.0025151732591861,0.0026814972280904,0.0026533382697766,0.0029808465604231,0.0027273612779635,0.002332241624932,8,08,４面テーマ,星蓮船,2009,12.0,6
179,422,虎柄の毘沙門天,0.0,0.0,0.0,0.0,0.0,0.0,0.0074024612270661,0.0063708304116998,0.0044743029895868,0.0031392782768159,0.0027870905198529,0.0023993183245134,0.0018876329171426,0.0018175086668237,0.0015204318026319,0.0012121605679838,0.0011073741720395,11,11,５面ボス・寅丸 星のテーマ,星蓮船,2009,12.0,6
180,423,キャプテン・ムラサ,0.0,0.0,0.0,0.0,0.0,0.0,0.007334644457544,0.005133727336472,0.0028485052065838,0.0018089702545612,0.0015069552978023,0.0016929769486052,0.0016582943384243,0.0015370289342892,0.0013523840770778,0.0015440616758841,0.0015538486392809,9,09,４面ボス・村紗 水蜜のテーマ,星蓮船,2009,12.0,6
181,425,万年置き傘にご注意を,0.0,0.0,0.0,0.0,0.0,0.0,0.0053523081176673,0.0050035059601322,0.0035427163811443,0.0033817175892829,0.0033308372767919,0.0037671540048434,0.0030607879544321,0.0029730851648659,0.0028848192886779,0.0028716661074854,0.0025378548664248,5,05,２面ボス・多々良 小傘のテーマ,星蓮船,2009,12.0,6
182,426,夜空のユーフォーロマンス,0.0,0.0,0.0,0.0,0.0,0.0,0.0046845737716035,0.0037012921967344,0.0026648751539581,0.0029652192832499,0.0022278081412871,0.0022797261338834,0.0021963579269556,0.0024850504302559,0.0020765897514894,0.0016955817468821,0.0015949712875794,14,14,EXTRAステージテーマ,星蓮船,2009,12.0,6
183,427,悠久の蒸気機関,0.0,0.0,0.0,0.0,0.0,0.0,0.0040898728696405,0.0034158068716818,0.0025573843914455,0.0013986883411556,0.0013329563355818,0.0013342003767154,0.0021698957832574,0.0018006798828716,0.0014244045308867,0.0009488042541063,0.0007020223530966,6,-,スタッフロール,非想天則,2009,12.3,6
184,428,法界の火,0.0,0.0,0.0,0.0,0.0,0.0,0.002754404177513,0.0033256536111389,0.0024006270294479,0.0021135734933018,0.0017710608654584,0.0016817651807336,0.0016009596937447,0.0017670223149675,0.0016724749828951,0.0012121605679838,0.001048627531613,12,12,６面テーマ,星蓮船,2009,12.0,6
185,429,時代親父とハイカラ少女,0.0,0.0,0.0,0.0,0.0,0.0,0.0026500706859405,0.0017479715516377,0.0010166834620983,0.0012930096664905,0.0010067082814184,0.0009492630131252,0.0008908921711747,0.0007572952778432,0.000660187493248,0.0005086745240646,0.0004758477874546,7,07,３面ボス・雲居 一輪＆雲山のテーマ,星蓮船,2009,12.0,6
186,430,君はあの影を見たか,0.0,0.0,0.0,0.0,0.0,0.0,0.002587470590997,0.0022588400280476,0.0016302765647743,0.0010567867466509,0.0009072803030067,0.0010912787394983,0.0009570475304204,0.0008919255494597,0.0007722193102841,0.0005014592825885,0.0004758477874546,1,-,タイトル,非想天則,2009,12.3,6
187,431,魔界地方都市エソテリア,0.0,0.0,0.0,0.0,0.0,0.0,0.0025613872181039,0.0028849043373735,0.0020378457059679,0.0013738227706461,0.0011682787463374,0.0014724788471312,0.0012525414683843,0.0013519123108164,0.0012883658959144,0.0010895014628902,0.0009516955749093,10,10,５面テーマ,星蓮船,2009,12.0,6
188,432,キュアリアス上海古牌,0.0,0.0,0.0,0.0,0.0,0.0,0.0012415685497123,0.0011469498146849,0.0013839435673496,0.0009138097162216,0.0006742459786043,0.0007026041199509,0.0006350914487582,0.0005833978436718,0.0006561863569253,0.0004148763848754,0.0004229758110708,1,-,「香霖堂」卓３戦目のテーマ,幻想麻雀,0,0.0,1
189,434,スカイルーイン,0.0,0.0,0.0,0.0,0.0,0.0,0.0009024847021017,0.0008264048883101,0.0005643265031911,0.0004289310912877,0.0003697477947185,0.0004522079708195,0.0003572389399265,0.000471205950658,0.0003881102233034,0.0002381029687111,0.0002614225498979,6,06,３面テーマ,星蓮船,2009,12.0,6
190,436,人形のある風景,0.0,0.0,0.0,0.0,0.0,0.0,0.0006416509731706,0.0005809876790543,0.0004075691411935,0.0001989245640754,0.0001771060865458,0.0001457529823302,0.0001411314330573,0.0001065822983631,9.602727174517564e-05,5.772193180875281e-05,5.874664042650061e-05,5,-,会話,非想天則,2009,12.3,6
191,437,可愛い大戦争のリフレーン,0.0,0.0,0.0,0.0,0.0,0.0,0.0005999175765416,0.0023489932885906,0.0012047922964953,0.0005283933733254,0.0005282111353121,0.0005269530899632,0.0004278046564552,0.0004263291934524,0.000436123859176,0.0003499392115905,0.0003142945262817,2,02,１面のテーマ,妖精大戦争,2010,12.8,7
192,440,青空の影,0.0,0.0,0.0,0.0,0.0,0.0,0.0004799340612333,0.0002904938395271,0.0001970663979397,0.000174058993566,0.000161570464919,0.0001756510299877,0.0001675935767556,0.000179507028822,0.0002120602251039,0.0001406972087838,0.0001527412651089,1,01,タイトル画面テーマ,星蓮船,2009,12.0,6
193,441,AN ORDEAL FROM GOD,0.0,0.0,0.0,0.0,0.0,0.0,0.0003547338713463,0.0003806471000701,0.0003717388870227,0.0002921704534858,0.0001802132108712,0.0001831255419021,0.000211697149586,0.0002973085164865,0.0002600738609765,0.0001623429332121,0.0001938639134074,1,-,５面テーマ,神魔討綺伝 ,0,0.0,1
194,442,閉ざせし雲の通い路,0.0,0.0,0.0,0.0,0.0,0.0,0.0003495171967677,0.0004056896724431,0.0002463329974247,0.0002175737419575,0.0002516770703546,0.0001756510299877,0.0002558007224165,0.0002468221646303,0.0002000568161357,0.0002381029687111,0.0002056132414927,4,04,２面テーマ,星蓮船,2009,12.0,6
195,444,伝説の巨神,0.0,0.0,0.0,0.0,0.0,0.0,0.0002138836577235,0.0001452469197635,6.718172657037286e-05,4.351474839150841e-05,3.728549190438757e-05,3.737255957185996e-05,4.851393011347849e-05,2.243837860276217e-05,2.000568161357825e-05,2.8860965904376405e-05,4.1122648298550426e-05,3,-,会話,非想天則,2009,12.3,6
196,446,妖怪寺,0.0,0.0,0.0,0.0,0.0,0.0,5.738342036485422e-05,9.015326054292296e-05,3.583025417086552e-05,3.108196313679172e-05,4.349974055511883e-05,3.363530361467396e-05,3.0872500981304494e-05,3.9267162554833786e-05,1.2003408968146954e-05,2.1645724428282305e-05,3.231065223457534e-05,16,16,エンディングテーマ,星蓮船,2009,12.0,6
197,447,陽落ちて,0.0,0.0,0.0,0.0,0.0,0.0,1.0433349157246222e-05,5.008514474606832e-06,0.0,3.108196313679172e-05,6.214248650731262e-06,1.868627978592998e-05,1.3231071849130496e-05,1.1219189301381084e-05,4.001136322715651e-06,1.4430482952188202e-05,2.9373320213250305e-06,17,17,未使用曲（２面テーマ）,封魔録,1997,2.0,1
198,448,神社,0.0,0.0,0.0,0.0,0.0,0.0,1.0433349157246222e-05,1.5025543423820495e-05,1.3436345314074572e-05,6.216392627358344e-06,1.2428497301462524e-05,1.1211767871557988e-05,1.3231071849130496e-05,3.365756790414325e-05,1.6004545290862605e-05,7.215241476094101e-06,2.9373320213250302e-05,18,18,バッドエンドテーマ,怪綺談,1998,5.0,1
199,449,霊人の休日,0.0,0.0,0.0,0.0,0.0,0.0,5.216674578623111e-06,5.008514474606832e-06,8.95756354271638e-06,0.0,6.214248650731262e-06,1.1211767871557988e-05,1.3231071849130496e-05,2.8047973253452704e-05,2.000568161357825e-05,1.0822862214141153e-05,1.1749328085300122e-05,19,19,ネームレジストテーマ,夢時空,1997,3.0,1
200,450,タイトルドメイド,0.0,0.0,0.0,0.0,0.0,0.0,5.216674578623111e-06,5.008514474606832e-06,4.47878177135819e-06,2.4865570509433376e-05,2.1749870277559417e-05,7.474511914371991e-06,8.820714566087e-06,1.1219189301381084e-05,1.2003408968146954e-05,7.215241476094101e-06,2.9373320213250305e-06,20,20,ネームレジストテーマ,秋霜玉,0,0.0,1
201,451,メイガスナイト,0.0,0.0,0.0,0.0,0.0,0.0,0.0,0.0124411499549233,0.013104915462994,0.0120162869486836,0.0101323324250173,0.0097878733518701,0.0088648181389174,0.0079880627825833,0.0066538897046761,0.0056675721794719,0.0052519496541291,8,08,EXTRAボス・霧雨 魔理沙のテーマ,妖精大戦争,2010,12.8,7
202,454,あなたの町の怪事件,0.0,0.0,0.0,0.0,0.0,0.0,0.0,0.0035109686466993,0.0018497368715709,0.0008640785752028,0.0006928887245565,0.0006913923520794,0.00071006752257,0.0007404664938911,0.0004841374950485,0.0005122821448026,0.0003407305144737,2,02,取材のテーマ１,ダブルスポイラー,2010,12.5,7
203,455,妖怪モダンコロニー,0.0,0.0,0.0,0.0,0.0,0.0,0.0,0.0020835420214364,0.0012451013324375,0.000590557299599,0.0005033541407092,0.0005045295542201,0.0004366253710213,0.0005441306811169,0.0004281215865305,0.0004365221093036,0.0003583545066016,3,03,取材のテーマ２,ダブルスポイラー,2010,12.5,7
204,456,真夜中のフェアリーダンス,0.0,0.0,0.0,0.0,0.0,0.0,0.0,0.0018281077832314,0.0011734408240958,0.0013862555559009,0.0013609204545101,0.0013827847041588,0.0013495693286113,0.0014416658252274,0.0013963965766277,0.0010570328762477,0.0008165783019283,5,05,３面のテーマ,妖精大戦争,2010,12.8,7
205,457,いたずらに命をかけて,0.0,0.0,0.0,0.0,0.0,0.0,0.0,0.0018180907542822,0.0012227074235807,0.0009075933235943,0.0008637805624516,0.0008334080784524,0.0007453503808343,0.000723637709939,0.0005521568125347,0.0004076611433993,0.0003906651588362,3,03,１、２面ボスのテーマ,妖精大戦争,2010,12.8,7
206,458,ルーズレイン,0.0,0.0,0.0,0.0,0.0,0.0,0.0,0.001477511770009,0.0010928227522113,0.0010505703540235,0.0007084243461833,0.0006988668639937,0.0006703743070226,0.0006731513580828,0.0005121454493076,0.0003643696945427,0.000334855850431,7,07,EXTRAのテーマ,妖精大戦争,2010,12.8,7
207,459,年中夢中の好奇心,0.0,0.0,0.0,0.0,0.0,0.0,0.0,0.0012871882199739,0.001213749860038,0.0006340720479905,0.0006369604866999,0.0005605883935778,0.0005512946603804,0.0006787609527335,0.0005641602215029,0.0003932306604471,0.000334855850431,4,04,２面のテーマ,妖精大戦争,2010,12.8,7
208,460,ネメシスの要塞,0.0,0.0,0.0,0.0,0.0,0.0,0.0,0.0010167284383451,0.0003896540141081,0.000174058993566,0.0001739989622204,0.0001569647502018,0.0001720039340386,0.0001402398662672,0.0001040295443906,6.854479402289396e-05,9.105729266107596e-05,4,04,取材のテーマ３,ダブルスポイラー,2010,12.5,7
209,461,春の氷精,0.0,0.0,0.0,0.0,0.0,0.0,0.0,0.0005509365922067,0.0002194603067965,0.0001678426009386,0.000136713470316,0.0001195921906299,0.0001323107184913,0.0001234110823151,0.0001280363623269,0.000155127691736,0.0001233679448956,1,01,タイトル画面テーマ,妖精大戦争,2010,12.8,7
210,462,ニュースハウンド,0.0,0.0,0.0,0.0,0.0,0.0,0.0,0.0003455874987478,0.0001657149255402,8.081310415565848e-05,9.632085408633456e-05,0.0001083804227583,7.0565716528696e-05,6.170554115759595e-05,5.601590851801912e-05,7.576003549898806e-05,5.580930840517558e-05,1,01,タイトル画面テーマ,ダブルスポイラー,2010,12.5,7
211,463,春の氷精　- 静 -,0.0,0.0,0.0,0.0,0.0,0.0,0.0,0.0001452469197635,5.822416302765648e-05,3.729835576415006e-05,5.903536218194698e-05,2.616079170030197e-05,4.851393011347849e-05,3.9267162554833786e-05,4.001136322715651e-05,5.772193180875281e-05,3.5247984255900364e-05,9,09,エンディングテーマ,妖精大戦争,2010,12.8,7
212,465,Border Land,0.0,0.0,0.0,0.0,0.0,0.0,0.0,2.003405789842733e-05,2.6872690628149144e-05,0.0,9.321372976096893e-06,1.868627978592998e-05,4.4103572830435e-06,1.6828783952071623e-05,3.200909058172521e-05,2.1645724428282305e-05,2.0561324149275213e-05,26,26,未使用曲（６面テーマ）,幻想郷,1998,4.0,1
213,467,Days,0.0,0.0,0.0,0.0,0.0,0.0,0.0,5.008514474606832e-06,4.47878177135819e-06,0.0,6.214248650731262e-06,3.737255957185996e-06,1.7641429132174e-05,1.6828783952071623e-05,8.002272645431303e-06,7.215241476094101e-06,1.1749328085300122e-05,19,19,バッドエンドのテーマ,幻想郷,1998,4.0,1
214,468,デザイアドライブ,0.0,0.0,0.0,0.0,0.0,0.0,0.0,0.0,0.0152950397491882,0.0137071457433251,0.0115647167390108,0.0107782461805244,0.0105098814054926,0.0103945788877295,0.0093626589951546,0.0085680992528617,0.0085123881977999,8,08,４面テーマ,神霊廟,2011,13.0,8
215,470,古きユアンシェン,0.0,0.0,0.0,0.0,0.0,0.0,0.0,0.0,0.0104713917814354,0.0063780188356696,0.0058507151046634,0.0055423505845068,0.0050675005182169,0.0046335251814703,0.0045612954078958,0.0035426835647622,0.0032575012116494,9,09,４面ボス・霍 青娥のテーマ,神霊廟,2011,13.0,8
216,471,佐渡の二ッ岩,0.0,0.0,0.0,0.0,0.0,0.0,0.0,0.0,0.0065927667674392,0.0032946880924999,0.00301701771993,0.0027319341047029,0.0024609793639382,0.0021765227244679,0.0019685590707761,0.0016017836076928,0.0015626606353449,15,15,EXTRAボス・二ッ岩 マミゾウのテーマ,神霊廟,2011,13.0,8
217,472,リジッドパラダイス,0.0,0.0,0.0,0.0,0.0,0.0,0.0,0.0,0.005240174672489,0.001423553911665,0.0013764560761369,0.0014537925673453,0.00121725861012,0.0010153366317749,0.0010923102161013,0.0008946899430356,0.0008635756142695,7,07,３面ボス・宮古 芳香のテーマ,神霊廟,2011,13.0,8
218,473,死霊の夜桜,0.0,0.0,0.0,0.0,0.0,0.0,0.0,0.0,0.0043309819729033,0.0037174027911602,0.0032034451794519,0.0031318204921218,0.0034268476089247,0.0035396542245857,0.0033609545110811,0.0024026754115393,0.0019621377902451,2,02,１面テーマ,神霊廟,2011,13.0,8
219,474,大神神話伝,0.0,0.0,0.0,0.0,0.0,0.0,0.0,0.0,0.0034979285634307,0.0020949243154197,0.0016592043897452,0.0021862947349538,0.0019140950608408,0.0018399470454264,0.0019165442985807,0.0022331172368511,0.0018270205172641,11,11,５面ボス・物部 布都のテーマ,神霊廟,2011,13.0,8
220,475,素敵な墓場で暮しましょ,0.0,0.0,0.0,0.0,0.0,0.0,0.0,0.0,0.0015227858022617,0.001336524414882,0.000969422789514,0.0010613806918408,0.0009923303886847,0.0010209462264256,0.0009082579452564,0.0009884880822248,0.0007548943294805,6,06,３面テーマ,神霊廟,2011,13.0,8
221,477,夢殿大祀廟,0.0,0.0,0.0,0.0,0.0,0.0,0.0,0.0,0.0012674952412943,0.001094085102415,0.0008358164435233,0.0009903728286542,0.0011466928935913,0.001340693121515,0.0014164022582413,0.0012734901205306,0.0011014995079968,10,10,５面テーマ,神霊廟,2011,13.0,8
222,478,妖怪裏参道,0.0,0.0,0.0,0.0,0.0,0.0,0.0,0.0,0.0012227074235807,0.0009884064277499,0.0007270670921355,0.000725027655694,0.0007762228818156,0.0007629048724939,0.0006721909022162,0.0005663964558733,0.0004993464436252,14,14,EXTRAステージテーマ,神霊廟,2011,13.0,8
223,479,ゴーストリード,0.0,0.0,0.0,0.0,0.0,0.0,0.0,0.0,0.0012003135147239,0.0003667671650141,0.000425676032575,0.0004746315065626,0.0003925217981908,0.0004095004095004,0.0003440977237535,0.0002669639346154,0.0002114879055354,3,03,１面ボス・西行寺 幽々子のテーマ,神霊廟,2011,13.0,8
224,480,小さな欲望の星空,0.0,0.0,0.0,0.0,0.0,0.0,0.0,0.0,0.0009808532079274,0.0006713704037547,0.0005251040109867,0.0004895805303913,0.0004630875147195,0.0005048635185621,0.000464131813435,0.0004256992470895,0.0003495425105376,12,12,６面テーマ,神霊廟,2011,13.0,8
225,481,デザイアドリーム,0.0,0.0,0.0,0.0,0.0,0.0,0.0,0.0,0.000850968536558,0.0004910950175613,0.0004691757731302,0.0004596824827338,0.0004674978720026,0.0004599867613566,0.0003801079506579,0.0004112687641373,0.0003818531627722,17,17,スタッフロールテーマ,神霊廟,2011,13.0,8
226,482,妖怪寺へようこそ,0.0,0.0,0.0,0.0,0.0,0.0,0.0,0.0,0.0007837868099876,0.000261088490349,0.0002330343244024,0.0002055490776452,0.00020287643502,0.0002468221646303,0.0002000568161357,0.0002092420028067,0.0001615532611728,4,04,２面テーマ,神霊廟,2011,13.0,8
227,483,門前の妖怪小娘,0.0,0.0,0.0,0.0,0.0,0.0,0.0,0.0,0.0004837084313066,0.0002859540608584,0.0003076053082111,0.0003363530361467,0.0002734421515486,0.0002636509485824,0.000224063634072,0.0002417105894491,0.0001879892493648,5,05,２面ボス・幽谷 響子のテーマ,神霊廟,2011,13.0,8
228,484,欲深き霊魂,0.0,0.0,0.0,0.0,0.0,0.0,0.0,0.0,0.0004299630500503,0.0001554098156839,0.0001895345838473,0.0002204981014739,0.0002293385787182,0.000235602975329,0.000224063634072,0.0001659505539501,0.0001703652572368,1,01,タイトル画面テーマ,神霊廟,2011,13.0,8
229,485,神社の新しい風,0.0,0.0,0.0,0.0,0.0,0.0,0.0,0.0,1.3436345314074572e-05,6.216392627358344e-06,1.5535621626828154e-05,7.474511914371991e-06,1.3231071849130496e-05,0.0,1.2003408968146954e-05,2.1645724428282305e-05,2.9373320213250302e-05,16,16,エンディングテーマ,神霊廟,2011,13.0,8
230,489,リバースイデオロギー,0.0,0.0,0.0,0.0,0.0,0.0,0.0,0.0,0.0,0.0077394088210611,0.0065032112129902,0.006771907794421,0.0056893608951261,0.0047401074798335,0.004221198820465,0.0044373735077978,0.0039830222209167,11,11,５面ボス・鬼人正邪のテーマ,輝針城,2013,14.0,9
232,492,亡失のエモーション,0.0,0.0,0.0,0.0,0.0,0.0,0.0,0.0,0.0,0.0055636714014857,0.0039957618824202,0.0043987502616079,0.0043221501373826,0.0041006136896547,0.0031448931496545,0.0033731253900739,0.0029549560134529,2,-,秦 こころのテーマ,心綺楼,2013,13.5,9
233,493,華狭間のバトルフィールド,0.0,0.0,0.0,0.0,0.0,0.0,0.0,0.0,0.0,0.0047120256115376,0.0025758060657281,0.0017452985320058,0.0015568561209143,0.0012565492017546,0.0011563283972648,0.0011616538776511,0.0009751942310799,1,-,茨木 華扇のテーマ,深秘録,2015,14.5,11
234,494,不思議なお祓い棒,0.0,0.0,0.0,0.0,0.0,0.0,0.0,0.0,0.0,0.0039971404593914,0.0028492330063602,0.0029187969025622,0.0035988515429634,0.0040837849057027,0.0034649840554717,0.0025000811714666,0.002088443067162,1,01,タイトル画面テーマ,輝針城,2013,14.0,9
235,495,満月の竹林,0.0,0.0,0.0,0.0,0.0,0.0,0.0,0.0,0.0,0.0038790289994716,0.0026503770495368,0.0026347654498161,0.0024477482920891,0.0022382282656255,0.0018125147541901,0.0012698824997925,0.0010221915434211,6,06,３面テーマ,輝針城,2013,14.0,9
236,496,幻想浄瑠璃,0.0,0.0,0.0,0.0,0.0,0.0,0.0,0.0,0.0,0.0036241569017499,0.0025509490711251,0.0029262714144766,0.0032063297447726,0.0032535648974005,0.0033249442841767,0.0027417917609157,0.0019621377902451,9,09,九十九弁々・九十九八橋のテーマ,輝針城,2013,14.0,9
238,497,永遠の三日天下,0.0,0.0,0.0,0.0,0.0,0.0,0.0,0.0,0.0,0.0033879339819102,0.0022619865088661,0.0022834633898406,0.0021963579269556,0.0020867692100568,0.0015924522564408,0.0015079854685036,0.0010838755158689,5,05,終盤のテーマ,弾幕アマノジャク,2014,14.3,10
239,498,柳の下のデュラハン,0.0,0.0,0.0,0.0,0.0,0.0,0.0,0.0,0.0,0.0022068193827122,0.0020320593087891,0.001808831883278,0.0015039318335178,0.0013014259589602,0.0010202897622924,0.0012374139131501,0.0009164475906534,5,05,２面ボス・赤蛮奇のテーマ,輝針城,2013,14.0,9
240,499,空中に沈む輝針城,0.0,0.0,0.0,0.0,0.0,0.0,0.0,0.0,0.0,0.0017841046840518,0.0012863494707013,0.0013192513528866,0.0012790036120826,0.0012397204178026,0.0010522988528742,0.0008874747015595,0.0007725183216084,10,10,５面テーマ,輝針城,2013,14.0,9
241,500,孤独なウェアウルフ,0.0,0.0,0.0,0.0,0.0,0.0,0.0,0.0,0.0,0.0013551735927641,0.0012086713625672,0.001207133674171,0.0011069996780439,0.0008807063601584,0.0006921965838298,0.0005700040766114,0.0005110957717105,7,07,３面ボス・今泉 影狼のテーマ,輝針城,2013,14.0,9
242,501,ミストレイク,0.0,0.0,0.0,0.0,0.0,0.0,0.0,0.0,0.0,0.0013240916296273,0.0010471008976482,0.0012033964182138,0.0009614578877034,0.0010546037943298,0.0009162602179018,0.0005916498010397,0.0004905344475612,2,02,１面テーマ,輝針城,2013,14.0,9
243,503,幻想郷の二ッ岩,0.0,0.0,0.0,0.0,0.0,0.0,0.0,0.0,0.0,0.0011686818139433,0.0008389235678487,0.0007474511914371,0.000613039662343,0.0004599867613566,0.0003681045416898,0.0002597486931393,0.0002320492296846,1,-,二ッ岩 マミゾウのテーマ,心綺楼,2013,13.5,9
244,505,不可能弾幕には反則を,0.0,0.0,0.0,0.0,0.0,0.0,0.0,0.0,0.0,0.0010505703540235,0.000714638594834,0.0006390707686788,0.0005865775186447,0.0005497402757676,0.0005161465856303,0.0005158897655407,0.0004229758110708,2,02,最序盤のテーマ,弾幕アマノジャク,2014,14.3,10
245,506,秘境のマーメイド,0.0,0.0,0.0,0.0,0.0,0.0,0.0,0.0,0.0,0.0009759736424952,0.0009414586705857,0.0011174395311986,0.0008688403847595,0.000959240685268,0.0008362374914475,0.0007467774927757,0.0005962784003289,3,03,１面ボス・わかさぎ姫のテーマ,輝針城,2013,14.0,9
247,513,マジカルストーム,0.0,0.0,0.0,0.0,0.0,0.0,0.0,0.0,0.0,0.0004724458396792,0.0002516770703546,0.0002578706610458,0.0002425696505673,0.0003085277057879,0.0002320659067175,0.0002020267613306,0.0001145559488316,8,08,４面テーマ,輝針城,2013,14.0,9
248,514,魔力の雷雲,0.0,0.0,0.0,0.0,0.0,0.0,0.0,0.0,0.0,0.0004600130544245,0.0002547841946799,0.0003139295004036,0.000308725009813,0.0003141373004386,0.0003080874968491,0.0002705715553535,0.0001997385774501,14,14,EXTRAステージテーマ,輝針城,2013,14.0,9
249,515,不思議な不思議な道具達,0.0,0.0,0.0,0.0,0.0,0.0,0.0,0.0,0.0,0.0004102819134056,0.0003759620433692,0.0003587765718898,0.0003572389399265,0.0004375483827538,0.0003120886331718,0.0002381029687111,0.0002379238937273,17,17,スタッフロールテーマ,輝針城,2013,14.0,9
250,520,ミッドナイトスペルカード,0.0,0.0,0.0,0.0,0.0,0.0,0.0,0.0,0.0,0.0003046032387405,0.0001739989622204,0.0001607020061589,0.0001499521476234,0.0001121918930138,0.0001480420439404,0.0001010133806653,9.399462468240098e-05,3,03,序盤のテーマ,弾幕アマノジャク,2014,14.3,10
251,524,運河を行き交う人妖,0.0,0.0,0.0,0.0,0.0,0.0,0.0,0.0,0.0,0.0002673048829764,0.0001864274595219,0.0002578706610458,0.0002558007224165,0.0001963358127741,0.0002160613614266,0.0001803810369023,0.0001498039330875,4,04,２面テーマ,輝針城,2013,14.0,9
252,526,反則の狼煙を上げろ,0.0,0.0,0.0,0.0,0.0,0.0,0.0,0.0,0.0,0.0002362229198396,0.0002796411892829,0.000261607917003,0.0002646214369826,0.0001907262181234,0.0002120602251039,0.0001695581746882,0.0001586159291515,1,01,タイトル画面のテーマ,弾幕アマノジャク,2014,14.3,10
253,527,エネルギー黎明 ～ Future Dream...,0.0,0.0,0.0,0.0,0.0,0.0,0.0,0.0,0.0,0.0002300065272122,0.0002392485730531,0.0002092863336024,0.000207286792303,0.000179507028822,0.0001720488618767,0.0001298743465696,9.986928872505104e-05,17,17,スタッフロールテーマ,地霊殿,2008,11.0,5
254,530,針小棒大の天守閣,0.0,0.0,0.0,0.0,0.0,0.0,0.0,0.0,0.0,0.0001927081714481,0.0001584633405936,7.848237510090591e-05,0.0001190796466421,0.0001738974341714,0.0001160329533587,0.000158735312474,0.0001204306128743,12,12,６面テーマ,輝針城,2013,14.0,9
255,542,小槌の魔力,0.0,0.0,0.0,0.0,0.0,0.0,0.0,0.0,0.0,5.594753364622509e-05,6.214248650731261e-05,5.979609531497593e-05,7.497607381173948e-05,6.170554115759595e-05,5.201477219530347e-05,5.772193180875281e-05,5.287197638385055e-05,16,16,エンディングテーマ,輝針城,2013,14.0,9
256,557,星条旗のピエロ,0.0,0.0,0.0,0.0,0.0,0.0,0.0,0.0,0.0,0.0,0.011387610652465,0.0096495948814542,0.0078504359638174,0.006434205064342,0.0059816988024598,0.0052563034153345,0.0048495351672076,11,11,５面ボス・クラウンピースのテーマ,紺珠伝,2015,15.0,11
257,559,永遠の春夢,0.0,0.0,0.0,0.0,0.0,0.0,0.0,0.0,0.0,0.0,0.0055213599261747,0.0042679463031064,0.0056011537494652,0.00487473775145,0.0036730431442529,0.0033695177693359,0.002928520025261,7,07,３面ボス・ドレミー・スイートのテーマ,紺珠伝,2015,15.0,11
259,560,パンデモニックプラネット,0.0,0.0,0.0,0.0,0.0,0.0,0.0,0.0,0.0,0.0,0.0049527561746328,0.0057516369181092,0.0054556119591248,0.005256190187697,0.0043932476823417,0.0049244023074342,0.004682107241992,15,15,EXTRAステージボス・ヘカーティア・ラピスラズリのテーマ,紺珠伝,2015,15.0,11
260,561,遥か38万キロのボヤージュ,0.0,0.0,0.0,0.0,0.0,0.0,0.0,0.0,0.0,0.0,0.0040920827365065,0.0035616049271982,0.0031886883156404,0.0031918593562429,0.0028648136070644,0.0025505878617992,0.0021413150435459,10,10,５面テーマ,紺珠伝,2015,15.0,11
261,562,故郷の星が映る海,0.0,0.0,0.0,0.0,0.0,0.0,0.0,0.0,0.0,0.0,0.0038186557958743,0.0038643226597303,0.0038943454809274,0.0041903672040658,0.0042812158653057,0.0041126876413736,0.0032486892155854,12,12,６面テーマ,紺珠伝,2015,15.0,11
262,564,逆転するホイールオブフォーチュン,0.0,0.0,0.0,0.0,0.0,0.0,0.0,0.0,0.0,0.0,0.0029424467361212,0.0025562830747152,0.0020860989948795,0.0019409197491389,0.0017765045272857,0.0018615323008322,0.0017506498847097,9,09,４面ボス・稀神 サグメのテーマ,紺珠伝,2015,15.0,11
263,565,九月のパンプキン,0.0,0.0,0.0,0.0,0.0,0.0,0.0,0.0,0.0,0.0,0.0025726989414027,0.0027992047119323,0.0020993300667287,0.0018567758293785,0.0014884227120502,0.001233806292412,0.0009928182232078,5,05,２面ボス・鈴瑚のテーマ,紺珠伝,2015,15.0,11
264,566,凍り付いた永遠の都,0.0,0.0,0.0,0.0,0.0,0.0,0.0,0.0,0.0,0.0,0.0023552002386271,0.0023133614374981,0.0021169714958608,0.0021316459672624,0.0017484965730267,0.0015909607454787,0.0015479739752382,8,08,４面テーマ,紺珠伝,2015,15.0,11
265,567,兎は舞い降りた,0.0,0.0,0.0,0.0,0.0,0.0,0.0,0.0,0.0,0.0,0.0016094904005393,0.0026048674021586,0.0018611707734443,0.0022213994816734,0.0021406079326528,0.0016991893676201,0.001500976662897,3,03,１面ボス・清蘭のテーマ,紺珠伝,2015,15.0,11
266,568,見た事も無い悪夢の世界,0.0,0.0,0.0,0.0,0.0,0.0,0.0,0.0,0.0,0.0,0.0015318122924052,0.0013827847041588,0.0014113143305739,0.0012004532552477,0.0011203181703603,0.0011400081532228,0.0010280662074637,14,14,EXTRAステージテーマ,紺珠伝,2015,15.0,11
267,570,宇宙を飛ぶ不思議な巫女,0.0,0.0,0.0,0.0,0.0,0.0,0.0,0.0,0.0,0.0,0.0013671347031608,0.0009978473405686,0.0009570475304204,0.0006955897366856,0.0007041999927979,0.0007323470098235,0.000561030416073,6,06,３面テーマ,紺珠伝,2015,15.0,11
268,571,忘れがたき、よすがの緑,0.0,0.0,0.0,0.0,0.0,0.0,0.0,0.0,0.0,0.0,0.0010595293949496,0.0008707806380243,0.0007806332390986,0.0009311927120146,0.00060417158473,0.0004437373507797,0.0003847904947935,2,02,１面テーマ,紺珠伝,2015,15.0,11
269,573,宇宙巫女現る,0.0,0.0,0.0,0.0,0.0,0.0,0.0,0.0,0.0,0.0,0.0003697477947185,0.0003251412682751,0.000308725009813,0.0002636509485824,0.0003601022690444,0.0003066477627339,0.0002291118976633,1,01,タイトル画面テーマ,紺珠伝,2015,15.0,11
270,574,湖は浄めの月光を映して,0.0,0.0,0.0,0.0,0.0,0.0,0.0,0.0,0.0,0.0,0.0003604264217424,0.0003886746195473,0.0002602110796995,0.0003365756790414,0.0002440693156856,0.000310255383472,0.0002643598819192,4,04,２面テーマ,紺珠伝,2015,15.0,11
271,577,宇宙巫女帰還する,0.0,0.0,0.0,0.0,0.0,0.0,0.0,0.0,0.0,0.0,0.0001149636000385,9.343139892964987e-05,7.938643109478299e-05,7.292473045897703e-05,9.602727174517564e-05,0.0001010133806653,0.000108681284789,17,17,スタッフロールテーマ,紺珠伝,2015,15.0,11
272,578,神社から見える月,0.0,0.0,0.0,0.0,0.0,0.0,0.0,0.0,0.0,0.0,4.9713989205850096e-05,4.858432744341794e-05,7.0565716528696e-05,5.609594650690541e-05,9.602727174517564e-05,9.740575992727036e-05,8.811996063975092e-05,16,16,エンディングテーマ,紺珠伝,2015,15.0,11
273,583,バー・オールドアダム,0.0,0.0,0.0,0.0,0.0,0.0,0.0,0.0,0.0,0.0,0.0,0.0007175531437797,0.0005468843030973,0.0007741240617952,0.0006201761300209,0.0005194973862787,0.0005669050801157,5,05,ストーリー1のテーマ(旧約酒場より再録),秘封ナイトメアダイアリー,2018,16.5,14
274,589,燕石博物誌が連れてきた闇,0.0,0.0,0.0,0.0,0.0,0.0,0.0,0.0,0.0,0.0,0.0,0.0002503961491314,0.0001499521476234,0.000235602975329,0.000224063634072,0.000155127691736,0.0001292426089383,6,06,ストーリー2のテーマ(旧約酒場より再録),秘封ナイトメアダイアリー,2018,16.5,14
275,593,秘匿されたフォーシーズンズ,0.0,0.0,0.0,0.0,0.0,0.0,0.0,0.0,0.0,0.0,0.0,0.0,0.007815153105553,0.0064285954696913,0.0046973340428681,0.0037302798431406,0.0031752559150523,13,13,６面ボス・摩多羅 隠岐奈のテーマ,天空璋,2017,16.0,13
277,594,クレイジーバックダンサーズ,0.0,0.0,0.0,0.0,0.0,0.0,0.0,0.0,0.0,0.0,0.0,0.0,0.0075681730977026,0.0056825193811495,0.0042452056384013,0.0045456021299392,0.0032575012116494,11,11,５面ボス・爾子田 里乃・丁礼田 舞のテーマ,天空璋,2017,16.0,13
278,595,幻想のホワイトトラベラー,0.0,0.0,0.0,0.0,0.0,0.0,0.0,0.0,0.0,0.0,0.0,0.0,0.0040222458421356,0.0034947774673802,0.0025007102016972,0.0018903932667366,0.0018916418217333,8,08,４面テーマ,天空璋,2017,16.0,13
279,596,希望の星は青霄に昇る,0.0,0.0,0.0,0.0,0.0,0.0,0.0,0.0,0.0,0.0,0.0,0.0,0.0020596368511813,0.0019072621812347,0.0016724749828951,0.0012734901205306,0.0010633141917196,2,02,１面テーマ,天空璋,2017,16.0,13
280,598,一対の神獣,0.0,0.0,0.0,0.0,0.0,0.0,0.0,0.0,0.0,0.0,0.0,0.0,0.0015524457636313,0.001032165415727,0.0005681613578256,0.0004834211788983,0.0004141638150068,7,07,３面ボス・高麗野 あうんのテーマ,天空璋,2017,16.0,13
281,599,禁断の扉の向こうは、この世かあの世か,0.0,0.0,0.0,0.0,0.0,0.0,0.0,0.0,0.0,0.0,0.0,0.0,0.0009041232430239,0.0005721786543704,0.0004281215865305,0.0005880421803016,0.000326043854367,10,10,５面テーマ,天空璋,2017,16.0,13
282,600,魔法の笠地蔵,0.0,0.0,0.0,0.0,0.0,0.0,0.0,0.0,0.0,0.0,0.0,0.0,0.0008997128857408,0.0007011993313363,0.0004161181775624,0.0002813944175676,0.0002232372336207,9,09,４面ボス・矢田寺 成美のテーマ,天空璋,2017,16.0,13
283,601,桜色の海を泳いで,0.0,0.0,0.0,0.0,0.0,0.0,0.0,0.0,0.0,0.0,0.0,0.0,0.0008688403847595,0.0007011993313363,0.0004601306771122,0.00046177545447,0.0003289811863884,6,06,３面テーマ,天空璋,2017,16.0,13
284,602,真夏の妖精の夢,0.0,0.0,0.0,0.0,0.0,0.0,0.0,0.0,0.0,0.0,0.0,0.0,0.0008423782410613,0.0006507129794801,0.0004441261318214,0.0004834211788983,0.0004405998031987,3,03,１面ボス・エタニティラルバのテーマ,天空璋,2017,16.0,13
285,603,もうドアには入れない,0.0,0.0,0.0,0.0,0.0,0.0,0.0,0.0,0.0,0.0,0.0,0.0,0.0007894539536647,0.0005441306811169,0.0004961409040167,0.0004112687641373,0.000326043854367,14,14,EXTRAステージテーマ,天空璋,2017,16.0,13
286,605,イントゥ・バックドア,0.0,0.0,0.0,0.0,0.0,0.0,0.0,0.0,0.0,0.0,0.0,0.0,0.0006218603769091,0.0003421852736921,0.000224063634072,0.0001948115198545,0.0001938639134074,12,12,６面テーマ,天空璋,2017,16.0,13
287,606,桜舞い散る天空,0.0,0.0,0.0,0.0,0.0,0.0,0.0,0.0,0.0,0.0,0.0,0.0,0.0003925217981908,0.0002916989218359,0.0002600738609765,0.0001298743465696,0.0001674279252155,1,01,タイトル画面テーマ,天空璋,2017,16.0,13
288,607,白い旅人,0.0,0.0,0.0,0.0,0.0,0.0,0.0,0.0,0.0,0.0,0.0,0.0,0.0003792907263417,0.0003085277057879,0.0001800511345222,0.0001803810369023,0.0001321799409596,17,17,スタッフロールテーマ,天空璋,2017,16.0,13
289,608,山奥のエンカウンター,0.0,0.0,0.0,0.0,0.0,0.0,0.0,0.0,0.0,0.0,0.0,0.0,0.0003748803690586,0.0002580413539317,0.0001600454529086,0.0001226591050935,0.0001233679448956,5,05,２面ボス・坂田 ネムノのテーマ,天空璋,2017,16.0,13
290,611,色無き風は妖怪の山に,0.0,0.0,0.0,0.0,0.0,0.0,0.0,0.0,0.0,0.0,0.0,0.0,0.0002690317942656,0.0001907262181234,0.0001280363623269,0.0001154438636175,0.0001028066207463,4,04,２面テーマ,天空璋,2017,16.0,13
291,623,不自然な自然,0.0,0.0,0.0,0.0,0.0,0.0,0.0,0.0,0.0,0.0,0.0,0.0,3.0872500981304494e-05,1.1219189301381084e-05,1.2003408968146954e-05,2.8860965904376405e-05,2.6435988191925275e-05,16,16,エンディングテーマ,天空璋,2017,16.0,13
292,633,ナイトメアダイアリー,0.0,0.0,0.0,0.0,0.0,0.0,0.0,0.0,0.0,0.0,0.0,0.0,0.0,0.002120426777961,0.0010763056708105,0.0009920957029629,0.0007578316615018,4,04,三週目(悪夢1週間)テーマ,秘封ナイトメアダイアリー,2018,16.5,14
293,634,ルナティックドリーマー,0.0,0.0,0.0,0.0,0.0,0.0,0.0,0.0,0.0,0.0,0.0,0.0,0.0,0.0009816790638708,0.0003881102233034,0.0003282934871622,0.0004053518189428,3,03,二週目(裏1週間)のテーマ,秘封ナイトメアダイアリー,2018,16.5,14
294,635,悪夢日記,0.0,0.0,0.0,0.0,0.0,0.0,0.0,0.0,0.0,0.0,0.0,0.0,0.0,0.0002131645967262,9.202613542245998e-05,0.0001334819673077,0.0001028066207463,1,01,タイトル画面テーマ,秘封ナイトメアダイアリー,2018,16.5,14
295,636,ルーシッドドリーマー,0.0,0.0,0.0,0.0,0.0,0.0,0.0,0.0,0.0,0.0,0.0,0.0,0.0,0.0001065822983631,6.801931748616607e-05,5.050669033265871e-05,3.81853162772254e-05,2,02,一週目(夢1週間)のテーマ,秘封ナイトメアダイアリー,2018,16.5,14
296,639,アンロケイテッドヘル,0.0,0.0,0.0,0.0,0.0,0.0,0.0,0.0,0.0,0.0,0.0,0.0,0.0,0.0,0.0049173965406175,0.0028500203830571,0.0021325030474819,8,08,４面テーマ,鬼形獣,2019,17.0,15
297,640,セラミックスの杖刀人,0.0,0.0,0.0,0.0,0.0,0.0,0.0,0.0,0.0,0.0,0.0,0.0,0.0,0.0,0.0030288601962957,0.0029474261429844,0.0015920339555581,11,11,５面ボス・杖刀偶 磨弓テーマ,鬼形獣,2019,17.0,15
298,641,エレクトリックヘリテージ,0.0,0.0,0.0,0.0,0.0,0.0,0.0,0.0,0.0,0.0,0.0,0.0,0.0,0.0,0.0021166011147165,0.0011977300850316,0.0009370089148026,12,12,６面テーマ,鬼形獣,2019,17.0,15
299,643,ビーストメトロポリス,0.0,0.0,0.0,0.0,0.0,0.0,0.0,0.0,0.0,0.0,0.0,0.0,0.0,0.0,0.0019205454349035,0.0014322254330046,0.0011044368400182,10,10,５面テーマ,鬼形獣,2019,17.0,15
300,644,セラフィックチキン,0.0,0.0,0.0,0.0,0.0,0.0,0.0,0.0,0.0,0.0,0.0,0.0,0.0,0.0,0.0013323783954643,0.0006998784231811,0.0013452980657668,7,07,３面ボス・庭渡久 侘歌のテーマ,鬼形獣,2019,17.0,15
301,645,ジェリーストーン,0.0,0.0,0.0,0.0,0.0,0.0,0.0,0.0,0.0,0.0,0.0,0.0,0.0,0.0,0.0012763624869462,0.0005916498010397,0.0004347251391561,3,03,１面ボス・戎 瓔花のテーマ,鬼形獣,2019,17.0,15
302,647,地蔵だけが知る哀嘆,0.0,0.0,0.0,0.0,0.0,0.0,0.0,0.0,0.0,0.0,0.0,0.0,0.0,0.0,0.0007122022654433,0.0003751925567568,0.0003172318583031,2,02,１面テーマ,鬼形獣,2019,17.0,15
303,648,輝かしき弱肉強食の掟,0.0,0.0,0.0,0.0,0.0,0.0,0.0,0.0,0.0,0.0,0.0,0.0,0.0,0.0,0.0005241488582757,0.0003355087286383,0.0002614225498979,14,14,EXTRAステージテーマ,鬼形獣,2019,17.0,15
304,649,物言わぬ獣の霊,0.0,0.0,0.0,0.0,0.0,0.0,0.0,0.0,0.0,0.0,0.0,0.0,0.0,0.0,0.0004681329497577,0.00031386300421,0.0002643598819192,1,01,タイトル画面テーマ,鬼形獣,2019,17.0,15
305,650,石の赤子と水中の牛,0.0,0.0,0.0,0.0,0.0,0.0,0.0,0.0,0.0,0.0,0.0,0.0,0.0,0.0,0.0003040863605263,0.0001731657954262,0.0001468666010662,5,05,２面ボス・牛崎 潤美のテーマ,鬼形獣,2019,17.0,15
306,651,ロストリバー,0.0,0.0,0.0,0.0,0.0,0.0,0.0,0.0,0.0,0.0,0.0,0.0,0.0,0.0,0.0002280647703947,0.0001046210014033,6.168397244782565e-05,4,04,２面テーマ,鬼形獣,2019,17.0,15
307,652,不朽の曼珠沙華,0.0,0.0,0.0,0.0,0.0,0.0,0.0,0.0,0.0,0.0,0.0,0.0,0.0,0.0,0.0002080590887812,9.019051845117628e-05,0.0001380546050022,6,06,３面テーマ,鬼形獣,2019,17.0,15
308,653,地下からの帰還,0.0,0.0,0.0,0.0,0.0,0.0,0.0,0.0,0.0,0.0,0.0,0.0,0.0,0.0,4.8013635872587816e-05,3.607620738047051e-05,2.6435988191925275e-05,17,17,スタッフロールテーマ,鬼形獣,2019,17.0,15
309,654,畜生達の休息,0.0,0.0,0.0,0.0,0.0,0.0,0.0,0.0,0.0,0.0,0.0,0.0,0.0,0.0,3.6010226904440863e-05,2.5253345166329357e-05,2.0561324149275213e-05,16,16,エンディングテーマ,鬼形獣,2019,17.0,15
310,656,龍王殺しのプリンセス,0.0,0.0,0.0,0.0,0.0,0.0,0.0,0.0,0.0,0.0,0.0,0.0,0.0,0.0,0.0,0.0051733281383594,0.0030313266460074,15,15,EXTRAステージボス・姫虫 百々世のテーマ,虹龍洞,2021,18.0,16
311,657,星降る天魔の山,0.0,0.0,0.0,0.0,0.0,0.0,0.0,0.0,0.0,0.0,0.0,0.0,0.0,0.0,0.0,0.0031638833872672,0.002114879055354,11,11,５面ボス・飯綱丸 龍テーマ,虹龍洞,2021,18.0,16
312,658,待ちわびた逢魔が時,0.0,0.0,0.0,0.0,0.0,0.0,0.0,0.0,0.0,0.0,0.0,0.0,0.0,0.0,0.0,0.0025145116544187,0.0019562631262024,10,10,５面テーマ,虹龍洞,2021,18.0,16
313,659,大吉キトゥン,0.0,0.0,0.0,0.0,0.0,0.0,0.0,0.0,0.0,0.0,0.0,0.0,0.0,0.0,0.0,0.002229509616113,0.0013541100618308,3,03,１面ボス・豪徳寺 ミケのテーマ,虹龍洞,2021,18.0,16
314,660,幻想の地下大線路網,0.0,0.0,0.0,0.0,0.0,0.0,0.0,0.0,0.0,0.0,0.0,0.0,0.0,0.0,0.0,0.0020635590621629,0.0013629220578948,14,14,EXTRAステージテーマ,虹龍洞,2021,18.0,16
315,661,駒草咲くパーペチュアルスノー,0.0,0.0,0.0,0.0,0.0,0.0,0.0,0.0,0.0,0.0,0.0,0.0,0.0,0.0,0.0,0.0013672882597198,0.0008430142901202,6,06,３面テーマ,虹龍洞,2021,18.0,16
316,662,神代鉱石,0.0,0.0,0.0,0.0,0.0,0.0,0.0,0.0,0.0,0.0,0.0,0.0,0.0,0.0,0.0,0.0012518443961023,0.0006021530643716,9,09,４面ボス・玉造 魅須丸のテーマ,虹龍洞,2021,18.0,16
317,663,廃れゆく産業遺構,0.0,0.0,0.0,0.0,0.0,0.0,0.0,0.0,0.0,0.0,0.0,0.0,0.0,0.0,0.0,0.0011255776702706,0.0007695809895871,8,08,４面テーマ,虹龍洞,2021,18.0,16
318,664,スモーキングドラゴン,0.0,0.0,0.0,0.0,0.0,0.0,0.0,0.0,0.0,0.0,0.0,0.0,0.0,0.0,0.0,0.0008333603904888,0.0003671665026656,7,07,３面ボス・駒草 太夫のテーマ,虹龍洞,2021,18.0,16
319,665,バンデットリィテクノロジー,0.0,0.0,0.0,0.0,0.0,0.0,0.0,0.0,0.0,0.0,0.0,0.0,0.0,0.0,0.0,0.0008261451490127,0.0005169704357532,5,05,２面ボス・山城 たかねのテーマ,虹龍洞,2021,18.0,16
320,666,ルナレインボー,0.0,0.0,0.0,0.0,0.0,0.0,0.0,0.0,0.0,0.0,0.0,0.0,0.0,0.0,0.0,0.0008081070453225,0.0006315263845848,12,12,６面テーマ,虹龍洞,2021,18.0,16
321,667,妖異達の通り雨,0.0,0.0,0.0,0.0,0.0,0.0,0.0,0.0,0.0,0.0,0.0,0.0,0.0,0.0,0.0,0.0004220916263515,0.0002643598819192,2,02,１面テーマ,虹龍洞,2021,18.0,16
322,668,虹の架かる幻想郷,0.0,0.0,0.0,0.0,0.0,0.0,0.0,0.0,0.0,0.0,0.0,0.0,0.0,0.0,0.0,0.0003427239701144,0.0002291118976633,1,01,タイトル画面テーマ,虹龍洞,2021,18.0,16
323,669,深緑に隠された断崖,0.0,0.0,0.0,0.0,0.0,0.0,0.0,0.0,0.0,0.0,0.0,0.0,0.0,0.0,0.0,0.0001875962783784,0.0001145559488316,4,04,２面テーマ,虹龍洞,2021,18.0,16
324,670,虹色の世界,0.0,0.0,0.0,0.0,0.0,0.0,0.0,0.0,0.0,0.0,0.0,0.0,0.0,0.0,0.0,0.0001659505539501,0.000108681284789,17,17,スタッフロールテーマ,虹龍洞,2021,18.0,16
325,671,嵐の後の日曜日,0.0,0.0,0.0,0.0,0.0,0.0,0.0,0.0,0.0,0.0,0.0,0.0,0.0,0.0,0.0,1.0822862214141153e-05,8.811996063975091e-06,16,16,エンディングテーマ,虹龍洞,2021,18.0,16
326,674,強欲な獣のメメント,0.0,0.0,0.0,0.0,0.0,0.0,0.0,0.0,0.0,0.0,0.0,0.0,0.0,0.0,0.0,0.0,0.0015655979673662,1,-,饕餮 尤魔のテーマ１,剛欲異聞,2021,17.5,16
327,675,100回目のブラックマーケット,0.0,0.0,0.0,0.0,0.0,0.0,0.0,0.0,0.0,0.0,0.0,0.0,0.0,0.0,0.0,0.0,0.0007460823334165,6,6,終盤ステージ,バレットフィリア達の闇市場,2022,18.5,18
328,676,闇市場は場所を選ばない,0.0,0.0,0.0,0.0,0.0,0.0,0.0,0.0,0.0,0.0,0.0,0.0,0.0,0.0,0.0,0.0,0.0006726490328834,4,4,中盤ステージ,バレットフィリア達の闇市場,2022,18.5,18
329,677,コレクターの憂鬱な午後,0.0,0.0,0.0,0.0,0.0,0.0,0.0,0.0,0.0,0.0,0.0,0.0,0.0,0.0,0.0,0.0,0.0005140331037318,1,1,タイトル,バレットフィリア達の闇市場,2022,18.5,18
330,678,水没した沈愁地獄,0.0,0.0,0.0,0.0,0.0,0.0,0.0,0.0,0.0,0.0,0.0,0.0,0.0,0.0,0.0,0.0,0.0002819838740472,3,3,オリジナル,剛欲異聞,2021,17.5,16
331,679,妖怪フックオン,0.0,0.0,0.0,0.0,0.0,0.0,0.0,0.0,0.0,0.0,0.0,0.0,0.0,0.0,0.0,0.0,0.0002761092100045,3,3,序盤ボス,バレットフィリア達の闇市場,2022,18.5,18
332,680,弾幕を持て、バレットフィリア達よ,0.0,0.0,0.0,0.0,0.0,0.0,0.0,0.0,0.0,0.0,0.0,0.0,0.0,0.0,0.0,0.0,0.0002731718779832,5,5,中盤、終盤ボス,バレットフィリア達の闇市場,2022,18.5,18
333,681,大地の底、剛欲の海,0.0,0.0,0.0,0.0,0.0,0.0,0.0,0.0,0.0,0.0,0.0,0.0,0.0,0.0,0.0,0.0,0.0002672972139405,4,4,石油の海,剛欲異聞,2021,17.5,16
334,682,七ツ石の狼、雲を取りに駆ける,0.0,0.0,0.0,0.0,0.0,0.0,0.0,0.0,0.0,0.0,0.0,0.0,0.0,0.0,0.0,0.0,0.0002643598819192,1,1,オリジナル,虹色のセプテントリオン,0,0.0,18
335,683,ワクワクする見慣れた幻想郷,0.0,0.0,0.0,0.0,0.0,0.0,0.0,0.0,0.0,0.0,0.0,0.0,0.0,0.0,0.0,0.0,0.0002144252375567,2,2,序盤ステージ,バレットフィリア達の闇市場,2022,18.5,18
336,684,東方剛欲異聞,0.0,0.0,0.0,0.0,0.0,0.0,0.0,0.0,0.0,0.0,0.0,0.0,0.0,0.0,0.0,0.0,0.0001498039330875,5,5,スタッフロール,剛欲異聞,2021,17.5,16
337,685,天理人欲,0.0,0.0,0.0,0.0,0.0,0.0,0.0,0.0,0.0,0.0,0.0,0.0,0.0,0.0,0.0,0.0,0.0001116186168103,6,6,エンディング,剛欲異聞,2021,17.5,16
