,mean,sd,hdi_3%,hdi_97%,mcse_mean,mcse_sd,ess_bulk,ess_tail,r_hat
"maincharpower[0, 0]",0.22,0.169,0.005,0.51,0.013,0.009,130.0,208.0,1.04
"maincharpower[0, 1]",0.219,0.17,0.004,0.513,0.013,0.009,128.0,267.0,1.04
"maincharpower[0, 2]",0.22,0.168,0.006,0.525,0.013,0.009,128.0,240.0,1.04
"maincharpower[0, 3]",0.219,0.167,0.008,0.516,0.013,0.009,126.0,220.0,1.04
"maincharpower[0, 4]",0.221,0.167,0.008,0.519,0.013,0.009,125.0,224.0,1.04
"maincharpower[1, 0]",0.224,0.171,0.006,0.531,0.013,0.009,124.0,184.0,1.04
"maincharpower[1, 1]",0.22,0.168,0.004,0.511,0.013,0.009,128.0,235.0,1.04
"maincharpower[1, 2]",0.219,0.169,0.003,0.513,0.013,0.009,131.0,258.0,1.04
"maincharpower[1, 3]",0.219,0.165,0.002,0.511,0.013,0.009,118.0,210.0,1.04
"maincharpower[1, 4]",0.22,0.167,0.005,0.526,0.013,0.009,126.0,224.0,1.04
"maincharpower[2, 0]",0.221,0.17,0.008,0.516,0.013,0.009,125.0,228.0,1.04
"maincharpower[2, 1]",0.234,0.188,0.003,0.55,0.014,0.01,123.0,195.0,1.04
"maincharpower[2, 2]",0.227,0.178,0.003,0.531,0.014,0.01,126.0,232.0,1.04
"maincharpower[2, 3]",0.22,0.168,0.003,0.518,0.013,0.009,127.0,246.0,1.04
"maincharpower[2, 4]",0.22,0.168,0.007,0.517,0.013,0.009,127.0,228.0,1.04
"maincharpower[3, 0]",0.221,0.17,0.01,0.523,0.013,0.009,131.0,231.0,1.04
"maincharpower[3, 1]",0.221,0.169,0.004,0.528,0.013,0.009,126.0,231.0,1.04
"maincharpower[3, 2]",0.22,0.172,0.002,0.511,0.013,0.009,137.0,247.0,1.03
"maincharpower[3, 3]",0.219,0.168,0.0,0.508,0.013,0.009,131.0,241.0,1.04
"maincharpower[3, 4]",0.221,0.172,0.005,0.52,0.013,0.009,128.0,250.0,1.04
"maincharpower[4, 0]",0.221,0.167,0.008,0.519,0.013,0.009,125.0,230.0,1.04
"maincharpower[4, 1]",0.222,0.169,0.004,0.52,0.013,0.009,127.0,232.0,1.04
"maincharpower[4, 2]",0.22,0.165,0.008,0.505,0.013,0.009,126.0,236.0,1.04
"maincharpower[4, 3]",0.215,0.16,0.006,0.5,0.012,0.009,127.0,218.0,1.04
"maincharpower[4, 4]",0.219,0.166,0.008,0.513,0.013,0.009,126.0,207.0,1.04
"maincharpower[5, 0]",0.222,0.169,0.002,0.52,0.013,0.009,128.0,255.0,1.04
"maincharpower[5, 1]",0.217,0.164,0.006,0.502,0.012,0.009,133.0,253.0,1.03
"maincharpower[5, 2]",0.22,0.167,0.008,0.518,0.013,0.009,126.0,235.0,1.04
"maincharpower[5, 3]",0.219,0.167,0.005,0.507,0.013,0.009,126.0,217.0,1.04
"maincharpower[5, 4]",0.214,0.162,0.003,0.493,0.012,0.009,131.0,275.0,1.04
"maincharpower[6, 0]",0.222,0.171,0.005,0.518,0.013,0.009,119.0,194.0,1.04
"maincharpower[6, 1]",0.219,0.171,0.0,0.515,0.013,0.009,132.0,257.0,1.04
"maincharpower[6, 2]",0.217,0.163,0.005,0.509,0.012,0.009,129.0,222.0,1.04
"maincharpower[6, 3]",0.219,0.166,0.008,0.511,0.013,0.009,127.0,259.0,1.04
"maincharpower[6, 4]",0.222,0.172,0.008,0.524,0.013,0.009,129.0,217.0,1.04
"maincharpower[7, 0]",0.217,0.166,0.004,0.509,0.013,0.009,129.0,253.0,1.03
"maincharpower[7, 1]",0.219,0.17,0.002,0.525,0.013,0.009,132.0,245.0,1.03
"maincharpower[7, 2]",0.218,0.164,0.005,0.506,0.013,0.009,127.0,245.0,1.04
"maincharpower[7, 3]",0.215,0.16,0.003,0.5,0.012,0.009,127.0,244.0,1.04
"maincharpower[7, 4]",0.218,0.168,0.003,0.509,0.013,0.009,130.0,255.0,1.03
"maincharpower[8, 0]",0.218,0.164,0.005,0.505,0.013,0.009,128.0,220.0,1.04
"maincharpower[8, 1]",0.218,0.163,0.005,0.498,0.013,0.009,124.0,239.0,1.04
"maincharpower[8, 2]",0.221,0.169,0.003,0.513,0.013,0.009,127.0,203.0,1.03
"maincharpower[8, 3]",0.219,0.165,0.004,0.511,0.013,0.009,130.0,266.0,1.03
"maincharpower[8, 4]",0.214,0.159,0.0,0.497,0.012,0.009,129.0,242.0,1.03
"maincharpower[9, 0]",0.221,0.169,0.006,0.522,0.013,0.009,127.0,232.0,1.04
"maincharpower[9, 1]",0.219,0.165,0.009,0.514,0.013,0.009,124.0,209.0,1.04
"maincharpower[9, 2]",0.218,0.167,0.003,0.508,0.013,0.009,125.0,200.0,1.04
"maincharpower[9, 3]",0.221,0.17,0.005,0.519,0.013,0.009,123.0,226.0,1.04
"maincharpower[9, 4]",0.219,0.167,0.006,0.516,0.013,0.009,125.0,235.0,1.04
"maincharpower[10, 0]",0.22,0.168,0.005,0.52,0.013,0.009,128.0,266.0,1.03
"maincharpower[10, 1]",0.222,0.169,0.0,0.526,0.013,0.009,124.0,199.0,1.04
"maincharpower[10, 2]",0.218,0.165,0.006,0.509,0.013,0.009,126.0,246.0,1.04
"maincharpower[10, 3]",0.221,0.17,0.006,0.522,0.013,0.009,124.0,203.0,1.04
"maincharpower[10, 4]",0.22,0.17,0.007,0.522,0.013,0.009,127.0,239.0,1.04
"maincharpower[11, 0]",0.22,0.17,0.006,0.516,0.013,0.009,128.0,229.0,1.03
"maincharpower[11, 1]",0.22,0.169,0.005,0.516,0.013,0.009,129.0,226.0,1.04
"maincharpower[11, 2]",0.22,0.168,0.005,0.516,0.013,0.009,127.0,258.0,1.04
"maincharpower[11, 3]",0.221,0.17,0.005,0.532,0.013,0.009,130.0,213.0,1.03
"maincharpower[11, 4]",0.219,0.168,0.003,0.518,0.013,0.009,127.0,213.0,1.03
"maincharpower[12, 0]",0.22,0.169,0.008,0.523,0.013,0.009,127.0,245.0,1.04
"maincharpower[12, 1]",0.221,0.17,0.008,0.53,0.013,0.009,129.0,258.0,1.04
"maincharpower[12, 2]",0.22,0.168,0.004,0.512,0.013,0.009,123.0,259.0,1.04
"maincharpower[12, 3]",0.22,0.168,0.002,0.513,0.013,0.009,128.0,244.0,1.04
"maincharpower[12, 4]",0.22,0.169,0.005,0.522,0.013,0.009,124.0,209.0,1.04
"maincharpower[13, 0]",0.22,0.168,0.009,0.511,0.013,0.009,125.0,222.0,1.04
"maincharpower[13, 1]",0.221,0.169,0.008,0.522,0.013,0.009,132.0,204.0,1.03
"maincharpower[13, 2]",0.219,0.166,0.003,0.508,0.013,0.009,129.0,262.0,1.04
"maincharpower[13, 3]",0.218,0.165,0.004,0.51,0.013,0.009,127.0,240.0,1.04
"maincharpower[13, 4]",0.22,0.169,0.006,0.516,0.013,0.009,128.0,248.0,1.04
"maincharpower[14, 0]",0.22,0.168,0.005,0.513,0.013,0.009,127.0,215.0,1.04
"maincharpower[14, 1]",0.221,0.169,0.005,0.517,0.013,0.009,125.0,219.0,1.04
"maincharpower[14, 2]",0.22,0.17,0.001,0.513,0.013,0.009,129.0,228.0,1.04
"maincharpower[14, 3]",0.219,0.166,0.005,0.518,0.013,0.009,127.0,206.0,1.04
"maincharpower[14, 4]",0.22,0.17,0.004,0.516,0.013,0.009,123.0,228.0,1.04
"maincharpower[15, 0]",0.221,0.167,0.005,0.512,0.013,0.009,125.0,250.0,1.04
"maincharpower[15, 1]",0.222,0.175,0.008,0.526,0.013,0.009,122.0,220.0,1.04
"maincharpower[15, 2]",0.221,0.17,0.003,0.517,0.013,0.009,123.0,244.0,1.04
"maincharpower[15, 3]",0.221,0.17,0.007,0.516,0.013,0.009,126.0,242.0,1.04
"maincharpower[15, 4]",0.22,0.168,0.0,0.513,0.013,0.009,123.0,214.0,1.04
"maincharpower[16, 0]",0.22,0.166,0.007,0.514,0.013,0.009,125.0,255.0,1.04
"maincharpower[16, 1]",0.224,0.172,0.008,0.53,0.013,0.009,124.0,230.0,1.04
"maincharpower[16, 2]",0.225,0.173,0.002,0.529,0.013,0.009,125.0,246.0,1.04
"maincharpower[16, 3]",0.22,0.169,0.004,0.519,0.013,0.009,124.0,214.0,1.04
"maincharpower[16, 4]",0.225,0.174,0.006,0.536,0.013,0.009,127.0,216.0,1.04
"maincharpower[17, 0]",0.22,0.167,0.006,0.517,0.013,0.009,126.0,228.0,1.04
"maincharpower[17, 1]",0.22,0.167,0.006,0.516,0.013,0.009,128.0,232.0,1.04
"maincharpower[17, 2]",0.224,0.173,0.005,0.522,0.013,0.009,123.0,231.0,1.04
"maincharpower[17, 3]",0.226,0.178,0.006,0.538,0.014,0.01,125.0,214.0,1.03
"maincharpower[17, 4]",0.222,0.17,0.004,0.517,0.013,0.009,128.0,235.0,1.04
"bosspower[0, 0]",0.123,0.063,0.014,0.24,0.003,0.002,360.0,1013.0,1.02
"bosspower[0, 1]",0.153,0.078,0.023,0.305,0.005,0.004,227.0,655.0,1.03
"bosspower[0, 2]",0.153,0.078,0.032,0.309,0.005,0.003,243.0,467.0,1.03
"bosspower[0, 3]",0.15,0.08,0.016,0.3,0.005,0.004,228.0,727.0,1.03
"bosspower[0, 4]",0.155,0.078,0.028,0.301,0.005,0.004,217.0,494.0,1.03
"bosspower[1, 0]",0.154,0.075,0.025,0.296,0.006,0.004,130.0,481.0,1.03
"bosspower[1, 1]",0.104,0.056,0.007,0.203,0.003,0.002,279.0,1301.0,1.02
"bosspower[1, 2]",0.151,0.078,0.024,0.294,0.005,0.004,216.0,593.0,1.03
"bosspower[1, 3]",0.151,0.078,0.008,0.285,0.005,0.003,232.0,691.0,1.03
"bosspower[1, 4]",0.153,0.077,0.022,0.29,0.005,0.003,266.0,553.0,1.02
"bosspower[2, 0]",0.152,0.079,0.024,0.3,0.005,0.004,213.0,708.0,1.03
"bosspower[2, 1]",0.107,0.054,0.009,0.206,0.003,0.002,301.0,1227.0,1.02
"bosspower[2, 2]",0.086,0.049,0.0,0.169,0.002,0.001,561.0,1502.0,1.02
"bosspower[2, 3]",0.15,0.079,0.022,0.297,0.007,0.005,137.0,549.0,1.03
"bosspower[2, 4]",0.154,0.078,0.022,0.294,0.005,0.003,248.0,575.0,1.02
"bosspower[3, 0]",0.14,0.07,0.017,0.271,0.004,0.003,265.0,603.0,1.02
"bosspower[3, 1]",0.151,0.078,0.017,0.295,0.005,0.003,235.0,532.0,1.02
"bosspower[3, 2]",0.175,0.085,0.039,0.339,0.006,0.004,182.0,336.0,1.03
"bosspower[3, 3]",0.132,0.066,0.012,0.249,0.003,0.002,364.0,1132.0,1.01
"bosspower[3, 4]",0.152,0.078,0.009,0.288,0.005,0.004,223.0,542.0,1.03
"bosspower[4, 0]",0.148,0.075,0.013,0.279,0.005,0.003,262.0,514.0,1.02
"bosspower[4, 1]",0.16,0.081,0.023,0.309,0.005,0.004,214.0,531.0,1.03
"bosspower[4, 2]",0.151,0.078,0.023,0.296,0.005,0.004,182.0,529.0,1.03
"bosspower[4, 3]",0.186,0.093,0.03,0.358,0.007,0.005,172.0,355.0,1.03
"bosspower[4, 4]",0.148,0.076,0.018,0.281,0.007,0.005,113.0,630.0,1.03
"bosspower[5, 0]",0.151,0.079,0.012,0.295,0.005,0.003,246.0,607.0,1.03
"bosspower[5, 1]",0.147,0.07,0.029,0.28,0.004,0.003,236.0,593.0,1.03
"bosspower[5, 2]",0.156,0.077,0.031,0.307,0.006,0.004,153.0,547.0,1.03
"bosspower[5, 3]",0.154,0.079,0.021,0.303,0.005,0.004,222.0,518.0,1.03
"bosspower[5, 4]",0.162,0.08,0.031,0.319,0.006,0.004,191.0,315.0,1.03
"bosspower[6, 0]",0.151,0.076,0.02,0.288,0.005,0.003,243.0,571.0,1.03
"bosspower[6, 1]",0.175,0.087,0.035,0.337,0.006,0.004,181.0,400.0,1.03
"bosspower[6, 2]",0.163,0.081,0.019,0.31,0.006,0.004,132.0,398.0,1.03
"bosspower[6, 3]",0.148,0.071,0.029,0.28,0.004,0.003,249.0,597.0,1.03
"bosspower[6, 4]",0.154,0.078,0.018,0.293,0.005,0.004,218.0,543.0,1.02
"bosspower[7, 0]",0.148,0.08,0.011,0.292,0.007,0.005,87.0,214.0,1.05
"bosspower[7, 1]",0.15,0.079,0.023,0.301,0.005,0.004,223.0,612.0,1.03
"bosspower[7, 2]",0.172,0.089,0.023,0.337,0.006,0.004,185.0,325.0,1.03
"bosspower[7, 3]",0.17,0.085,0.031,0.325,0.006,0.004,177.0,366.0,1.03
"bosspower[7, 4]",0.146,0.073,0.024,0.288,0.004,0.003,262.0,713.0,1.03
"bosspower[8, 0]",0.156,0.079,0.024,0.302,0.005,0.004,229.0,519.0,1.02
"bosspower[8, 1]",0.163,0.081,0.036,0.32,0.006,0.004,196.0,505.0,1.03
"bosspower[8, 2]",0.153,0.079,0.025,0.3,0.005,0.004,221.0,505.0,1.03
"bosspower[8, 3]",0.15,0.075,0.022,0.301,0.005,0.003,231.0,497.0,1.03
"bosspower[8, 4]",0.16,0.08,0.023,0.307,0.005,0.004,205.0,562.0,1.03
"bosspower[9, 0]",0.152,0.078,0.023,0.296,0.005,0.003,249.0,570.0,1.03
"bosspower[9, 1]",0.149,0.072,0.024,0.283,0.005,0.003,214.0,653.0,1.03
"bosspower[9, 2]",0.148,0.073,0.028,0.295,0.005,0.003,228.0,538.0,1.03
"bosspower[9, 3]",0.151,0.077,0.026,0.295,0.005,0.003,234.0,540.0,1.03
"bosspower[9, 4]",0.153,0.076,0.031,0.298,0.005,0.004,219.0,483.0,1.03
"bosspower[10, 0]",0.152,0.079,0.015,0.294,0.005,0.003,255.0,490.0,1.02
"bosspower[10, 1]",0.15,0.08,0.012,0.297,0.005,0.004,224.0,595.0,1.03
"bosspower[10, 2]",0.152,0.074,0.029,0.288,0.005,0.004,200.0,538.0,1.02
"bosspower[10, 3]",0.145,0.073,0.016,0.282,0.006,0.005,122.0,582.0,1.04
"bosspower[10, 4]",0.153,0.078,0.022,0.298,0.005,0.003,221.0,552.0,1.03
"bosspower[11, 0]",0.149,0.081,0.026,0.304,0.007,0.005,98.0,133.0,1.04
"bosspower[11, 1]",0.16,0.082,0.023,0.318,0.006,0.004,185.0,463.0,1.04
"bosspower[11, 2]",0.152,0.078,0.02,0.294,0.006,0.004,159.0,606.0,1.03
"bosspower[11, 3]",0.149,0.072,0.033,0.292,0.005,0.003,218.0,366.0,1.02
"bosspower[11, 4]",0.145,0.068,0.026,0.274,0.004,0.003,263.0,691.0,1.02
"bosspower[12, 0]",0.152,0.077,0.019,0.287,0.005,0.003,221.0,516.0,1.03
"bosspower[12, 1]",0.151,0.077,0.02,0.293,0.006,0.004,151.0,481.0,1.03
"bosspower[12, 2]",0.16,0.083,0.025,0.314,0.007,0.005,121.0,474.0,1.03
"bosspower[12, 3]",0.152,0.078,0.02,0.3,0.005,0.004,199.0,510.0,1.03
"bosspower[12, 4]",0.149,0.072,0.025,0.285,0.006,0.004,157.0,612.0,1.03
"bosspower[13, 0]",0.151,0.079,0.02,0.303,0.005,0.003,253.0,608.0,1.02
"bosspower[13, 1]",0.173,0.091,0.025,0.34,0.01,0.007,62.0,58.0,1.05
"bosspower[13, 2]",0.149,0.079,0.021,0.296,0.005,0.004,135.0,61.0,1.03
"bosspower[13, 3]",0.155,0.076,0.028,0.305,0.005,0.004,210.0,521.0,1.02
"bosspower[13, 4]",0.152,0.077,0.024,0.297,0.005,0.004,216.0,507.0,1.03
"bosspower[14, 0]",0.153,0.079,0.017,0.303,0.005,0.003,248.0,525.0,1.02
"bosspower[14, 1]",0.15,0.079,0.017,0.289,0.008,0.006,72.0,62.0,1.05
"bosspower[14, 2]",0.159,0.081,0.034,0.312,0.006,0.004,145.0,116.0,1.04
"bosspower[14, 3]",0.15,0.078,0.023,0.296,0.007,0.005,111.0,127.0,1.04
"bosspower[14, 4]",0.153,0.076,0.023,0.291,0.005,0.003,230.0,567.0,1.03
"bosspower[15, 0]",0.152,0.077,0.021,0.292,0.005,0.003,231.0,575.0,1.03
"bosspower[15, 1]",0.175,0.09,0.035,0.349,0.007,0.005,156.0,387.0,1.04
"bosspower[15, 2]",0.154,0.077,0.028,0.301,0.005,0.004,219.0,644.0,1.03
"bosspower[15, 3]",0.139,0.067,0.027,0.27,0.005,0.003,222.0,554.0,1.03
"bosspower[15, 4]",0.152,0.078,0.028,0.304,0.005,0.004,196.0,651.0,1.02
"bosspower[16, 0]",0.15,0.079,0.022,0.292,0.005,0.004,155.0,228.0,1.04
"bosspower[16, 1]",0.164,0.081,0.034,0.314,0.006,0.004,195.0,450.0,1.03
"bosspower[16, 2]",0.151,0.073,0.021,0.283,0.005,0.003,226.0,537.0,1.02
"bosspower[16, 3]",0.153,0.079,0.021,0.295,0.005,0.003,246.0,573.0,1.02
"bosspower[16, 4]",0.134,0.067,0.025,0.263,0.005,0.004,134.0,582.0,1.03
"bosspower[17, 0]",0.154,0.078,0.019,0.296,0.005,0.004,208.0,425.0,1.02
"bosspower[17, 1]",0.152,0.077,0.018,0.293,0.005,0.003,228.0,613.0,1.02
"bosspower[17, 2]",0.138,0.068,0.02,0.266,0.004,0.003,275.0,609.0,1.02
"bosspower[17, 3]",0.135,0.068,0.019,0.262,0.004,0.003,265.0,703.0,1.03
"bosspower[17, 4]",0.152,0.077,0.02,0.29,0.005,0.003,231.0,551.0,1.02
"subpower[0, 0]",0.759,0.421,0.001,1.538,0.022,0.018,580.0,110.0,1.01
"subpower[0, 1]",0.755,0.406,0.05,1.474,0.012,0.008,1127.0,1689.0,1.0
"subpower[0, 2]",0.734,0.41,0.019,1.458,0.012,0.009,1002.0,1858.0,1.0
"subpower[0, 3]",0.769,0.416,0.0,1.469,0.021,0.018,520.0,244.0,1.01
"subpower[0, 4]",0.76,0.423,0.001,1.473,0.016,0.011,807.0,1530.0,1.01
"subpower[1, 0]",0.729,0.415,0.007,1.442,0.014,0.01,666.0,1177.0,1.01
"subpower[1, 1]",0.757,0.404,0.074,1.507,0.013,0.009,953.0,2349.0,1.0
"subpower[1, 2]",0.726,0.406,0.037,1.461,0.012,0.009,954.0,1701.0,1.01
"subpower[1, 3]",0.756,0.415,0.042,1.487,0.013,0.01,964.0,1683.0,1.01
"subpower[1, 4]",0.742,0.405,0.034,1.439,0.011,0.008,1193.0,1093.0,1.0
"subpower[2, 0]",0.802,0.413,0.074,1.536,0.011,0.008,1454.0,2728.0,1.0
"subpower[2, 1]",0.744,0.4,0.016,1.444,0.011,0.007,1370.0,2072.0,1.0
"subpower[2, 2]",0.729,0.412,0.001,1.435,0.011,0.008,1245.0,602.0,1.01
"subpower[2, 3]",0.733,0.4,0.002,1.414,0.01,0.007,1513.0,2098.0,1.0
"subpower[2, 4]",0.743,0.41,0.032,1.484,0.011,0.008,1392.0,2167.0,1.0
"subpower[3, 0]",0.756,0.413,0.036,1.476,0.013,0.009,968.0,1879.0,1.0
"subpower[3, 1]",0.968,0.486,0.145,1.896,0.024,0.019,484.0,208.0,1.01
"subpower[3, 2]",0.757,0.402,0.027,1.46,0.01,0.007,1483.0,1676.0,1.0
"subpower[3, 3]",0.74,0.41,0.011,1.437,0.016,0.011,506.0,129.0,1.01
"subpower[3, 4]",0.777,0.433,0.041,1.568,0.024,0.022,509.0,91.0,1.01
"subpower[4, 0]",1.062,0.461,0.242,1.93,0.017,0.012,728.0,1359.0,1.01
"subpower[4, 1]",0.743,0.41,0.03,1.476,0.011,0.007,1435.0,1974.0,1.0
"subpower[4, 2]",0.771,0.403,0.061,1.499,0.01,0.007,1438.0,2111.0,1.0
"subpower[4, 3]",0.739,0.402,0.02,1.443,0.01,0.007,1383.0,2675.0,1.0
"subpower[4, 4]",0.749,0.398,0.004,1.433,0.01,0.007,1625.0,2140.0,1.0
"subpower[5, 0]",0.854,0.397,0.137,1.581,0.012,0.008,1104.0,1424.0,1.0
"subpower[5, 1]",0.964,0.441,0.169,1.808,0.014,0.01,883.0,1421.0,1.0
"subpower[5, 2]",0.739,0.411,0.015,1.431,0.011,0.008,1276.0,1929.0,1.0
"subpower[5, 3]",0.76,0.407,0.0,1.448,0.011,0.007,1274.0,1413.0,1.0
"subpower[5, 4]",0.734,0.413,0.002,1.434,0.015,0.01,586.0,91.0,1.01
"subpower[6, 0]",0.652,0.351,0.025,1.26,0.009,0.006,1405.0,1763.0,1.0
"subpower[6, 1]",1.148,0.474,0.258,1.995,0.017,0.012,694.0,1076.0,1.0
"subpower[6, 2]",0.849,0.408,0.208,1.688,0.019,0.018,573.0,136.0,1.01
"subpower[6, 3]",0.749,0.396,0.025,1.414,0.01,0.007,1578.0,2265.0,1.0
"subpower[6, 4]",0.715,0.393,0.041,1.389,0.014,0.01,800.0,1745.0,1.0
"subpower[7, 0]",0.752,0.401,0.058,1.465,0.011,0.007,1384.0,2481.0,1.0
"subpower[7, 1]",0.852,0.384,0.139,1.55,0.011,0.008,1251.0,2069.0,1.0
"subpower[7, 2]",1.224,0.498,0.37,2.173,0.019,0.014,627.0,905.0,1.01
"subpower[7, 3]",0.793,0.385,0.105,1.488,0.011,0.008,1119.0,1941.0,1.0
"subpower[7, 4]",0.76,0.418,0.058,1.516,0.015,0.011,897.0,2341.0,1.0
"subpower[8, 0]",0.763,0.414,0.011,1.483,0.012,0.009,1159.0,2403.0,1.0
"subpower[8, 1]",0.755,0.404,0.048,1.462,0.01,0.007,1570.0,2447.0,1.0
"subpower[8, 2]",0.794,0.38,0.09,1.473,0.013,0.009,870.0,1791.0,1.0
"subpower[8, 3]",0.97,0.432,0.188,1.74,0.017,0.012,649.0,1590.0,1.01
"subpower[8, 4]",0.78,0.382,0.089,1.478,0.014,0.01,792.0,1363.0,1.01
"subpower[9, 0]",0.79,0.331,0.189,1.392,0.011,0.008,894.0,1924.0,1.0
"subpower[9, 1]",0.763,0.402,0.043,1.453,0.015,0.01,743.0,1566.0,1.0
"subpower[9, 2]",0.744,0.408,0.005,1.442,0.01,0.007,1528.0,2326.0,1.0
"subpower[9, 3]",0.74,0.357,0.074,1.383,0.008,0.006,1867.0,2410.0,1.0
"subpower[9, 4]",0.901,0.386,0.25,1.673,0.011,0.008,1125.0,1753.0,1.0
"subpower[10, 0]",0.761,0.401,0.017,1.443,0.009,0.007,1724.0,2428.0,1.0
"subpower[10, 1]",0.777,0.324,0.205,1.399,0.009,0.007,1129.0,1344.0,1.0
"subpower[10, 2]",0.762,0.403,0.004,1.429,0.013,0.009,966.0,2378.0,1.01
"subpower[10, 3]",0.744,0.399,0.027,1.443,0.009,0.006,1807.0,2578.0,1.0
"subpower[10, 4]",0.629,0.328,0.004,1.19,0.007,0.005,1719.0,1373.0,1.0
"subpower[11, 0]",0.759,0.406,0.034,1.463,0.011,0.008,1342.0,1886.0,1.0
"subpower[11, 1]",0.746,0.393,0.041,1.444,0.01,0.007,1420.0,2209.0,1.0
"subpower[11, 2]",0.538,0.273,0.047,1.04,0.007,0.005,1596.0,2720.0,1.0
"subpower[11, 3]",0.752,0.406,0.015,1.434,0.01,0.007,1555.0,2611.0,1.0
"subpower[11, 4]",0.729,0.407,0.01,1.421,0.009,0.006,1773.0,2538.0,1.01
"subpower[12, 0]",0.631,0.339,0.045,1.245,0.007,0.005,2113.0,2288.0,1.0
"subpower[12, 1]",0.748,0.4,0.027,1.439,0.011,0.008,1242.0,1562.0,1.0
"subpower[12, 2]",0.748,0.409,0.048,1.482,0.011,0.008,1370.0,3064.0,1.0
"subpower[12, 3]",0.526,0.271,0.034,0.997,0.012,0.01,656.0,393.0,1.01
"subpower[12, 4]",0.729,0.407,0.011,1.432,0.013,0.009,711.0,450.0,1.0
"subpower[13, 0]",0.943,0.383,0.287,1.735,0.02,0.017,436.0,79.0,1.01
"subpower[13, 1]",1.175,0.452,0.366,2.025,0.016,0.011,772.0,1023.0,1.0
"subpower[13, 2]",0.746,0.401,0.064,1.486,0.011,0.008,1234.0,1652.0,1.0
"subpower[13, 3]",0.76,0.419,0.028,1.49,0.017,0.013,720.0,1829.0,1.01
"subpower[13, 4]",0.491,0.263,0.0,0.924,0.007,0.005,1578.0,1838.0,1.0
"subpower[14, 0]",0.756,0.41,0.023,1.45,0.013,0.009,1064.0,1489.0,1.0
"subpower[14, 1]",0.818,0.347,0.17,1.453,0.011,0.008,940.0,1149.0,1.0
"subpower[14, 2]",0.048,0.04,0.0,0.12,0.001,0.0,4266.0,2692.0,1.0
"subpower[14, 3]",0.744,0.404,0.037,1.482,0.009,0.007,1784.0,2347.0,1.0
"subpower[14, 4]",0.729,0.422,0.009,1.455,0.015,0.011,603.0,1366.0,1.01
"subpower[15, 0]",0.681,0.359,0.0,1.283,0.009,0.006,1563.0,1684.0,1.0
"subpower[15, 1]",0.751,0.397,0.072,1.476,0.01,0.007,1419.0,2348.0,1.0
"subpower[15, 2]",0.573,0.283,0.071,1.102,0.006,0.005,1810.0,1950.0,1.0
"subpower[15, 3]",0.045,0.041,0.0,0.121,0.001,0.001,616.0,80.0,1.01
"subpower[15, 4]",0.754,0.41,0.024,1.462,0.01,0.007,1557.0,2333.0,1.0
"subpower[16, 0]",0.742,0.419,0.061,1.512,0.016,0.011,550.0,1015.0,1.0
"subpower[16, 1]",0.673,0.366,0.024,1.313,0.012,0.008,844.0,1202.0,1.0
"subpower[16, 2]",0.749,0.415,0.001,1.423,0.015,0.01,712.0,788.0,1.0
"subpower[16, 3]",0.49,0.268,0.007,0.949,0.006,0.004,2007.0,2236.0,1.0
"subpower[16, 4]",0.047,0.042,0.0,0.127,0.002,0.001,751.0,253.0,1.01
"subpower[17, 0]",0.374,0.231,0.0,0.769,0.004,0.003,3248.0,2278.0,1.0
"subpower[17, 1]",0.756,0.405,0.028,1.453,0.011,0.008,1173.0,1333.0,1.0
"subpower[17, 2]",0.712,0.373,0.088,1.41,0.013,0.009,960.0,2695.0,1.0
"subpower[17, 3]",0.74,0.411,0.026,1.454,0.012,0.008,1048.0,613.0,1.0
"subpower[17, 4]",0.463,0.271,0.001,0.926,0.012,0.009,638.0,1096.0,1.01
titlepow[0],0.419,0.363,0.001,1.08,0.048,0.034,45.0,61.0,1.09
titlepow[1],0.465,0.381,0.001,1.189,0.051,0.036,48.0,133.0,1.08
titlepow[2],0.384,0.315,0.0,0.927,0.043,0.031,43.0,141.0,1.08
titlepow[3],0.401,0.328,0.0,0.974,0.044,0.031,43.0,132.0,1.08
titlepow[4],0.398,0.318,0.001,0.959,0.049,0.035,38.0,191.0,1.1
titlepow[5],0.411,0.328,0.0,1.019,0.047,0.033,39.0,91.0,1.08
titlepow[6],0.383,0.308,0.0,0.929,0.042,0.03,43.0,157.0,1.08
titlepow[7],0.409,0.348,0.0,1.01,0.045,0.032,45.0,142.0,1.08
titlepow[8],0.372,0.284,0.0,0.863,0.036,0.025,48.0,118.0,1.08
titlepow[9],0.376,0.308,0.0,0.929,0.039,0.028,46.0,135.0,1.08
titlepow[10],0.389,0.31,0.0,0.939,0.043,0.031,45.0,158.0,1.08
titlepow[11],0.385,0.32,0.0,0.962,0.044,0.031,39.0,149.0,1.08
titlepow[12],0.299,0.238,0.001,0.731,0.029,0.021,49.0,129.0,1.07
titlepow[13],0.37,0.311,0.0,0.924,0.042,0.03,48.0,177.0,1.08
titlepow[14],0.356,0.285,0.001,0.847,0.038,0.027,44.0,147.0,1.08
titlepow[15],0.359,0.277,0.0,0.849,0.035,0.025,44.0,138.0,1.07
titlepow[16],0.376,0.311,0.0,0.927,0.043,0.03,43.0,156.0,1.08
titlepow[17],0.383,0.313,0.001,0.924,0.043,0.03,45.0,160.0,1.08
noninttitlepow[0],0.382,0.312,0.0,0.933,0.042,0.03,43.0,141.0,1.08
noninttitlepow[1],0.382,0.314,0.0,0.936,0.043,0.031,42.0,137.0,1.08
noninttitlepow[2],0.371,0.316,0.001,0.923,0.042,0.03,42.0,158.0,1.09
noninttitlepow[3],0.38,0.315,0.001,0.936,0.042,0.03,42.0,161.0,1.08
noninttitlepow[4],0.407,0.34,0.001,1.022,0.048,0.034,41.0,128.0,1.09
noninttitlepow[5],0.385,0.304,0.0,0.948,0.042,0.03,45.0,157.0,1.08
noninttitlepow[6],0.404,0.336,0.0,0.995,0.05,0.036,45.0,152.0,1.09
noninttitlepow[7],0.366,0.314,0.0,0.92,0.04,0.029,48.0,158.0,1.08
noninttitlepow[8],0.376,0.311,0.0,0.943,0.043,0.031,43.0,168.0,1.08
noninttitlepow[9],0.398,0.313,0.0,0.959,0.042,0.03,39.0,118.0,1.08
noninttitlepow[10],0.379,0.312,0.0,0.916,0.038,0.027,56.0,166.0,1.07
noninttitlepow[11],0.383,0.316,0.0,0.928,0.043,0.03,43.0,158.0,1.08
noninttitlepow[12],0.016,0.013,0.0,0.04,0.0,0.0,1631.0,3237.0,1.0
noninttitlepow[13],0.491,0.393,0.0,1.218,0.06,0.042,35.0,116.0,1.09
noninttitlepow[14],0.393,0.334,0.0,0.999,0.046,0.033,36.0,109.0,1.09
noninttitlepow[15],0.413,0.337,0.0,1.011,0.05,0.035,39.0,129.0,1.09
noninttitlepow[16],0.383,0.314,0.0,0.928,0.042,0.03,41.0,174.0,1.08
noninttitlepow[17],0.31,0.227,0.0,0.69,0.031,0.022,41.0,123.0,1.08
indivisual[0],44.914,2.208,40.749,48.796,0.138,0.098,251.0,299.0,1.02
indivisual[1],48.363,2.348,44.26,53.076,0.121,0.086,371.0,1767.0,1.01
indivisual[2],47.905,2.299,43.884,52.287,0.114,0.081,404.0,747.0,1.01
indivisual[3],14.862,1.215,12.524,17.197,0.11,0.078,137.0,77.0,1.03
indivisual[4],20.464,1.357,17.996,23.038,0.121,0.086,126.0,1093.0,1.03
indivisual[5],8.08,0.965,6.282,9.918,0.111,0.079,76.0,957.0,1.04
indivisual[6],30.893,1.72,27.42,33.799,0.143,0.101,145.0,110.0,1.02
indivisual[7],33.411,1.849,29.632,36.636,0.149,0.106,156.0,94.0,1.02
indivisual[8],29.099,1.645,25.969,32.218,0.098,0.069,279.0,1764.0,1.02
indivisual[9],4.573,0.492,3.655,5.529,0.007,0.005,4579.0,4337.0,1.01
indivisual[10],16.05,1.221,13.769,18.351,0.121,0.086,102.0,670.0,1.03
indivisual[11],0.941,0.172,0.631,1.264,0.003,0.002,3973.0,4193.0,1.0
indivisual[12],0.025,0.008,0.009,0.039,0.0,0.0,539.0,946.0,1.0
indivisual[13],11.203,1.044,9.205,13.142,0.089,0.063,137.0,666.0,1.03
indivisual[14],0.027,0.009,0.01,0.044,0.0,0.0,536.0,815.0,1.0
indivisual[15],0.023,0.008,0.009,0.039,0.0,0.0,399.0,657.0,1.01
indivisual[16],0.023,0.008,0.009,0.038,0.0,0.0,379.0,1116.0,1.0
indivisual[17],0.711,0.136,0.473,0.978,0.002,0.001,6711.0,5095.0,1.0
indivisual[18],0.023,0.008,0.008,0.037,0.0,0.0,341.0,460.0,1.01
indivisual[19],2.981,0.766,1.547,4.395,0.102,0.074,55.0,536.0,1.06
indivisual[20],0.303,0.066,0.181,0.426,0.001,0.001,5347.0,4186.0,1.0
indivisual[21],0.2,0.046,0.118,0.285,0.001,0.001,2114.0,5164.0,1.0
indivisual[22],0.224,0.052,0.131,0.321,0.001,0.001,4682.0,4844.0,1.0
indivisual[23],0.309,0.068,0.186,0.439,0.001,0.001,5606.0,2952.0,1.0
indivisual[24],0.488,0.102,0.306,0.682,0.002,0.001,3513.0,4585.0,1.0
indivisual[25],0.023,0.008,0.009,0.039,0.0,0.0,723.0,1404.0,1.01
indivisual[26],37.723,1.947,34.213,41.469,0.065,0.046,879.0,2164.0,1.01
indivisual[27],14.712,1.293,12.203,17.285,0.126,0.089,113.0,75.0,1.03
indivisual[28],6.342,0.743,4.929,7.654,0.055,0.039,188.0,441.0,1.02
indivisual[29],26.637,1.699,23.304,29.976,0.15,0.106,142.0,66.0,1.02
indivisual[30],23.147,1.561,20.224,25.908,0.122,0.086,169.0,266.0,1.02
indivisual[31],2.349,0.755,0.858,3.587,0.099,0.07,58.0,161.0,1.05
indivisual[32],1.958,0.511,1.018,2.911,0.046,0.032,132.0,835.0,1.03
indivisual[33],1.898,0.505,0.877,2.735,0.047,0.033,122.0,278.0,1.03
indivisual[34],0.023,0.008,0.009,0.039,0.0,0.0,651.0,1029.0,1.0
indivisual[35],1.344,0.229,0.931,1.785,0.003,0.002,4089.0,4255.0,1.01
indivisual[36],0.025,0.008,0.008,0.04,0.0,0.0,546.0,1236.0,1.0
indivisual[37],5.147,0.663,3.898,6.395,0.039,0.027,296.0,1733.0,1.02
indivisual[38],0.023,0.008,0.008,0.039,0.0,0.0,630.0,798.0,1.01
indivisual[39],0.023,0.008,0.008,0.038,0.0,0.0,410.0,853.0,1.01
indivisual[40],0.023,0.008,0.007,0.037,0.0,0.0,615.0,1205.0,1.01
indivisual[41],0.025,0.009,0.009,0.04,0.0,0.0,446.0,1051.0,1.01
indivisual[42],0.865,0.17,0.555,1.187,0.002,0.002,5150.0,4247.0,1.0
indivisual[43],0.023,0.008,0.008,0.038,0.0,0.0,582.0,923.0,1.01
indivisual[44],0.434,0.098,0.26,0.615,0.002,0.002,1816.0,4782.0,1.0
indivisual[45],3.421,0.414,2.642,4.197,0.006,0.004,4628.0,5100.0,1.0
indivisual[46],0.288,0.068,0.166,0.416,0.002,0.001,1204.0,2328.0,1.01
indivisual[47],0.023,0.008,0.008,0.039,0.0,0.0,328.0,439.0,1.01
indivisual[48],20.866,1.344,18.434,23.444,0.049,0.035,771.0,3539.0,1.01
indivisual[49],11.367,1.139,9.068,13.328,0.104,0.074,122.0,128.0,1.03
indivisual[50],26.857,1.709,23.265,29.651,0.14,0.099,152.0,72.0,1.02
indivisual[51],7.824,1.09,5.768,9.935,0.118,0.083,97.0,77.0,1.04
indivisual[52],11.08,1.258,8.844,13.535,0.141,0.1,97.0,55.0,1.03
indivisual[53],5.33,0.902,3.72,7.025,0.098,0.07,85.0,836.0,1.04
indivisual[54],8.033,0.857,6.179,9.456,0.071,0.05,160.0,84.0,1.02
indivisual[55],3.494,0.798,1.923,4.896,0.108,0.077,55.0,510.0,1.05
indivisual[56],5.952,0.623,4.793,7.094,0.016,0.012,1495.0,4439.0,1.0
indivisual[57],0.023,0.008,0.007,0.038,0.0,0.0,789.0,1247.0,1.0
indivisual[58],1.986,0.303,1.427,2.567,0.004,0.003,6567.0,4673.0,1.0
indivisual[59],4.478,0.814,2.915,5.938,0.103,0.073,62.0,768.0,1.05
indivisual[60],0.351,0.081,0.207,0.51,0.001,0.001,6730.0,5108.0,1.0
indivisual[61],0.021,0.008,0.006,0.036,0.0,0.0,547.0,971.0,1.0
indivisual[62],0.023,0.008,0.008,0.039,0.0,0.0,591.0,974.0,1.0
indivisual[63],1.018,0.196,0.66,1.38,0.004,0.003,2245.0,4310.0,1.0
indivisual[64],0.37,0.088,0.213,0.54,0.002,0.001,2850.0,1048.0,1.0
indivisual[65],0.026,0.009,0.009,0.041,0.0,0.0,383.0,1298.0,1.01
indivisual[66],1.034,0.194,0.688,1.402,0.003,0.002,5581.0,5571.0,1.01
indivisual[67],0.948,0.19,0.6,1.308,0.003,0.002,5319.0,4413.0,1.0
indivisual[68],0.763,0.164,0.468,1.076,0.002,0.001,7024.0,4871.0,1.0
indivisual[69],0.022,0.009,0.006,0.038,0.001,0.001,259.0,114.0,1.02
indivisual[70],0.256,0.063,0.144,0.377,0.001,0.001,3908.0,3748.0,1.01
indivisual[71],1.3,0.238,0.851,1.736,0.003,0.002,5884.0,4478.0,1.0
indivisual[72],0.022,0.008,0.006,0.036,0.0,0.0,563.0,924.0,1.01
indivisual[73],30.03,1.778,26.662,33.28,0.09,0.064,389.0,2112.0,1.02
indivisual[74],12.498,1.08,10.352,14.402,0.052,0.037,428.0,85.0,1.01
indivisual[75],21.748,1.341,19.302,24.296,0.032,0.023,1820.0,2817.0,1.0
indivisual[76],7.188,0.885,5.587,8.866,0.047,0.034,350.0,2258.0,1.01
indivisual[77],14.524,1.309,11.774,16.791,0.114,0.081,138.0,65.0,1.02
indivisual[78],3.45,0.81,1.913,4.874,0.093,0.066,75.0,383.0,1.04
indivisual[79],0.02,0.012,0.0,0.039,0.0,0.0,1520.0,2210.0,1.0
indivisual[80],5.664,0.595,4.554,6.803,0.01,0.007,3845.0,3524.0,1.01
indivisual[81],1.172,0.221,0.77,1.594,0.003,0.002,5017.0,4369.0,1.0
indivisual[82],0.094,0.026,0.049,0.141,0.001,0.001,707.0,102.0,1.0
indivisual[83],1.666,0.481,0.747,2.566,0.047,0.034,106.0,452.0,1.03
indivisual[84],2.347,0.55,1.341,3.405,0.052,0.037,114.0,406.0,1.03
indivisual[85],0.026,0.009,0.009,0.043,0.0,0.0,423.0,797.0,1.01
indivisual[86],1.671,0.518,0.77,2.672,0.057,0.04,86.0,494.0,1.04
indivisual[87],1.074,0.208,0.699,1.476,0.004,0.003,2947.0,4475.0,1.0
indivisual[88],0.026,0.009,0.009,0.042,0.0,0.0,699.0,1729.0,1.01
indivisual[89],0.673,0.144,0.413,0.948,0.002,0.001,6399.0,5118.0,1.0
indivisual[90],0.049,0.014,0.023,0.076,0.0,0.0,1994.0,3576.0,1.0
indivisual[91],0.598,0.132,0.354,0.847,0.002,0.001,6043.0,5106.0,1.0
indivisual[92],28.181,1.828,24.258,31.336,0.105,0.075,315.0,93.0,1.01
indivisual[93],16.171,1.346,13.625,18.673,0.116,0.082,134.0,665.0,1.02
indivisual[94],10.896,1.081,8.9,12.878,0.089,0.063,147.0,1168.0,1.02
indivisual[95],13.519,1.173,11.395,15.763,0.075,0.053,249.0,3257.0,1.02
indivisual[96],15.352,1.31,12.701,17.569,0.108,0.077,149.0,85.0,1.02
indivisual[97],5.941,0.929,4.241,7.668,0.087,0.062,115.0,1096.0,1.03
indivisual[98],5.843,0.649,4.59,7.059,0.009,0.007,4544.0,3855.0,1.0
indivisual[99],4.259,0.796,2.765,5.718,0.101,0.072,62.0,821.0,1.05
indivisual[100],4.02,0.733,2.593,5.359,0.083,0.059,77.0,749.0,1.04
indivisual[101],1.968,0.369,1.372,2.77,0.017,0.013,543.0,87.0,1.01
indivisual[102],1.295,0.279,0.772,1.826,0.004,0.003,4931.0,3710.0,1.0
indivisual[103],0.694,0.154,0.416,0.987,0.002,0.001,5262.0,5116.0,1.0
indivisual[104],0.024,0.009,0.008,0.041,0.0,0.0,396.0,962.0,1.01
indivisual[105],3.082,0.467,2.239,3.932,0.016,0.011,823.0,1095.0,1.01
indivisual[106],0.024,0.009,0.008,0.04,0.0,0.0,544.0,1224.0,1.01
indivisual[107],0.048,0.014,0.022,0.074,0.001,0.0,747.0,1876.0,1.01
indivisual[108],0.023,0.009,0.007,0.04,0.0,0.0,571.0,1233.0,1.0
indivisual[109],0.378,0.091,0.222,0.551,0.002,0.001,2715.0,1065.0,1.0
indivisual[110],0.843,0.176,0.519,1.179,0.002,0.002,5112.0,2956.0,1.0
indivisual[111],0.55,0.127,0.316,0.78,0.002,0.001,4316.0,3228.0,1.0
indivisual[112],0.024,0.009,0.007,0.04,0.0,0.0,362.0,1263.0,1.01
indivisual[113],31.851,1.981,28.241,35.479,0.14,0.099,203.0,1498.0,1.02
indivisual[114],9.796,1.009,7.985,11.79,0.044,0.031,517.0,778.0,1.01
indivisual[115],22.266,1.524,19.439,25.103,0.051,0.036,897.0,2895.0,1.0
indivisual[116],14.817,1.298,12.174,17.083,0.075,0.053,305.0,2273.0,1.02
indivisual[117],9.677,0.974,7.875,11.476,0.042,0.03,522.0,4027.0,1.01
indivisual[118],34.873,2.062,30.834,38.568,0.086,0.061,581.0,2089.0,1.01
indivisual[119],12.786,1.16,10.474,14.843,0.082,0.058,202.0,2434.0,1.02
indivisual[120],5.397,0.901,3.625,6.981,0.09,0.064,102.0,1158.0,1.03
indivisual[121],0.07,0.02,0.035,0.111,0.0,0.0,1947.0,3904.0,1.0
indivisual[122],2.993,0.785,1.491,4.426,0.101,0.072,61.0,827.0,1.05
indivisual[123],1.045,0.57,0.0,1.95,0.085,0.06,46.0,569.0,1.06
indivisual[124],0.065,0.019,0.03,0.1,0.0,0.0,3158.0,3046.0,1.0
indivisual[125],0.044,0.014,0.019,0.071,0.0,0.0,1116.0,2114.0,1.0
indivisual[126],0.698,0.165,0.407,1.006,0.003,0.002,2246.0,5346.0,1.0
indivisual[127],0.062,0.019,0.029,0.099,0.001,0.0,1204.0,2790.0,1.01
indivisual[128],0.534,0.131,0.313,0.797,0.002,0.002,4336.0,3843.0,1.0
indivisual[129],0.51,0.125,0.289,0.75,0.002,0.001,5701.0,4657.0,1.0
indivisual[130],0.822,0.184,0.496,1.182,0.003,0.002,4157.0,4791.0,1.0
indivisual[131],0.043,0.014,0.019,0.07,0.0,0.0,850.0,1773.0,1.0
indivisual[132],0.386,0.096,0.213,0.566,0.002,0.001,2895.0,4378.0,1.0
indivisual[133],0.566,0.143,0.339,0.873,0.006,0.005,645.0,235.0,1.01
indivisual[134],11.77,1.261,9.522,14.184,0.105,0.075,143.0,759.0,1.02
indivisual[135],16.542,1.378,14.134,19.382,0.087,0.061,247.0,2390.0,1.02
indivisual[136],9.253,1.108,6.894,11.125,0.106,0.075,114.0,61.0,1.03
indivisual[137],5.433,0.908,3.556,7.021,0.085,0.06,118.0,63.0,1.03
indivisual[138],10.331,1.252,8.042,12.89,0.109,0.077,145.0,74.0,1.02
indivisual[139],5.658,1.015,3.755,7.622,0.109,0.078,98.0,64.0,1.03
indivisual[140],13.357,1.105,11.248,15.405,0.023,0.016,2361.0,4074.0,1.0
indivisual[141],3.002,0.638,1.816,4.182,0.042,0.031,231.0,2214.0,1.02
indivisual[142],0.843,0.401,0.009,1.482,0.042,0.029,96.0,463.0,1.03
indivisual[143],1.004,0.223,0.599,1.408,0.005,0.003,2250.0,4812.0,1.0
indivisual[144],0.946,0.218,0.545,1.378,0.004,0.003,2952.0,789.0,1.0
indivisual[145],0.805,0.185,0.447,1.135,0.003,0.002,4940.0,3473.0,1.0
indivisual[146],0.036,0.012,0.014,0.059,0.0,0.0,1786.0,1988.0,1.0
indivisual[147],0.629,0.153,0.355,0.91,0.002,0.002,4053.0,5254.0,1.0
indivisual[148],0.376,0.1,0.198,0.566,0.002,0.001,4444.0,5158.0,1.0
indivisual[149],0.482,0.127,0.256,0.716,0.004,0.003,937.0,927.0,1.0
indivisual[150],0.024,0.009,0.008,0.043,0.0,0.0,693.0,1324.0,1.0
indivisual[151],0.167,0.047,0.085,0.26,0.001,0.001,4316.0,3688.0,1.0
indivisual[152],6.521,0.914,4.604,8.031,0.056,0.039,281.0,93.0,1.01
indivisual[153],11.433,1.074,9.504,13.464,0.038,0.027,805.0,1513.0,1.0
indivisual[154],0.029,0.011,0.009,0.048,0.0,0.0,671.0,1643.0,1.01
indivisual[155],0.037,0.013,0.014,0.063,0.0,0.0,1033.0,1367.0,1.0
indivisual[156],0.037,0.013,0.015,0.063,0.0,0.0,1102.0,2092.0,1.0
indivisual[157],12.838,1.347,9.79,14.964,0.075,0.053,337.0,69.0,1.01
indivisual[158],7.197,1.153,5.138,9.724,0.109,0.077,123.0,80.0,1.03
indivisual[159],11.373,1.392,8.483,13.661,0.114,0.081,158.0,77.0,1.02
indivisual[160],3.512,0.852,1.934,5.139,0.083,0.059,105.0,799.0,1.03
indivisual[161],4.161,0.895,2.568,5.897,0.086,0.061,110.0,521.0,1.03
indivisual[162],4.251,0.94,2.5,6.029,0.061,0.043,235.0,1198.0,1.02
indivisual[163],4.994,0.833,3.564,6.567,0.045,0.032,350.0,2244.0,1.01
indivisual[164],0.048,0.016,0.018,0.077,0.0,0.0,1938.0,2155.0,1.0
indivisual[165],0.034,0.013,0.011,0.058,0.0,0.0,1166.0,2005.0,1.0
indivisual[166],0.034,0.013,0.01,0.057,0.0,0.0,1261.0,2674.0,1.0
indivisual[167],0.034,0.013,0.01,0.058,0.0,0.0,1480.0,1782.0,1.0
indivisual[168],0.033,0.013,0.009,0.057,0.001,0.0,492.0,108.0,1.0
indivisual[169],22.351,1.725,19.233,25.542,0.062,0.044,764.0,3301.0,1.0
indivisual[170],6.006,1.16,3.84,8.082,0.092,0.065,162.0,313.0,1.02
indivisual[171],8.098,1.188,5.942,10.465,0.095,0.067,163.0,85.0,1.02
indivisual[172],7.465,0.916,5.805,9.244,0.015,0.011,3557.0,3580.0,1.0
indivisual[173],6.16,0.977,4.37,7.981,0.062,0.044,257.0,291.0,1.02
indivisual[174],13.486,1.325,11.078,16.001,0.034,0.025,1517.0,4960.0,1.0
indivisual[175],4.11,1.041,2.23,6.266,0.102,0.072,110.0,73.0,1.03
indivisual[176],3.282,0.78,1.832,4.739,0.071,0.05,123.0,1615.0,1.03
indivisual[177],1.806,0.709,0.493,3.144,0.079,0.056,81.0,1034.0,1.04
indivisual[178],0.918,0.564,0.001,1.867,0.062,0.044,85.0,72.0,1.04
indivisual[179],0.606,0.168,0.308,0.922,0.002,0.001,7311.0,5276.0,1.0
indivisual[180],0.647,0.176,0.318,0.977,0.002,0.002,5517.0,3650.0,1.0
indivisual[181],0.03,0.013,0.005,0.053,0.001,0.0,364.0,94.0,1.01
indivisual[182],0.031,0.012,0.008,0.054,0.0,0.0,1210.0,1477.0,1.0
indivisual[183],0.403,0.118,0.184,0.617,0.002,0.001,4653.0,4258.0,1.0
indivisual[184],0.423,0.127,0.204,0.659,0.004,0.003,1174.0,3685.0,1.0
indivisual[185],0.338,0.102,0.156,0.526,0.001,0.001,5781.0,5189.0,1.0
indivisual[186],0.31,0.094,0.143,0.486,0.001,0.001,5620.0,4739.0,1.0
indivisual[187],0.031,0.012,0.009,0.054,0.0,0.0,632.0,1230.0,1.01
indivisual[188],0.294,0.091,0.135,0.468,0.001,0.001,5987.0,4542.0,1.0
indivisual[189],7.748,0.996,5.974,9.704,0.016,0.011,4062.0,5007.0,1.0
indivisual[190],4.164,0.696,2.884,5.458,0.013,0.01,2782.0,3055.0,1.0
indivisual[191],0.522,0.159,0.231,0.821,0.002,0.001,6200.0,4679.0,1.0
indivisual[192],0.027,0.012,0.006,0.049,0.0,0.0,1060.0,1111.0,1.0
indivisual[193],0.027,0.012,0.006,0.049,0.0,0.0,1190.0,1694.0,1.0
indivisual[194],0.027,0.012,0.006,0.049,0.0,0.0,738.0,1125.0,1.01
indivisual[195],0.027,0.012,0.006,0.048,0.0,0.0,711.0,1478.0,1.0
indivisual[196],0.519,0.158,0.232,0.805,0.002,0.002,3936.0,4220.0,1.0
indivisual[197],0.027,0.012,0.007,0.05,0.0,0.0,1242.0,1579.0,1.0
indivisual[198],0.027,0.012,0.006,0.049,0.0,0.0,929.0,1703.0,1.0
indivisual[199],0.363,0.116,0.145,0.568,0.002,0.002,2289.0,2004.0,1.0
indivisual[200],0.027,0.011,0.007,0.049,0.0,0.0,1445.0,2182.0,1.01
indivisual[201],0.027,0.012,0.007,0.049,0.0,0.0,1284.0,1405.0,1.0
indivisual[202],14.135,1.699,10.895,17.5,0.129,0.091,194.0,66.0,1.02
indivisual[203],10.016,1.369,7.44,12.592,0.04,0.029,1135.0,2014.0,1.01
indivisual[204],13.577,1.58,10.508,16.459,0.063,0.045,632.0,3258.0,1.01
indivisual[205],9.801,1.444,7.108,12.468,0.083,0.059,302.0,2289.0,1.01
indivisual[206],6.978,1.291,4.471,9.339,0.084,0.059,235.0,704.0,1.02
indivisual[207],1.53,0.782,0.021,2.771,0.081,0.058,93.0,860.0,1.04
indivisual[208],2.001,0.847,0.295,3.487,0.088,0.063,94.0,877.0,1.04
indivisual[209],0.029,0.013,0.007,0.054,0.001,0.0,507.0,1612.0,1.01
indivisual[210],0.864,0.256,0.401,1.338,0.003,0.002,6003.0,4550.0,1.0
indivisual[211],0.647,0.202,0.291,1.031,0.003,0.002,5303.0,4566.0,1.0
indivisual[212],0.63,0.197,0.291,1.0,0.006,0.005,1369.0,2088.0,1.0
indivisual[213],0.035,0.015,0.009,0.064,0.0,0.0,818.0,1367.0,1.0
indivisual[214],0.035,0.015,0.007,0.062,0.0,0.0,1354.0,1037.0,1.0
indivisual[215],0.035,0.015,0.008,0.063,0.0,0.0,1824.0,1945.0,1.0
indivisual[216],0.036,0.016,0.007,0.064,0.001,0.0,644.0,1696.0,1.01
indivisual[217],0.035,0.015,0.01,0.064,0.0,0.0,1868.0,2367.0,1.0
indivisual[218],0.403,0.138,0.157,0.65,0.004,0.003,1558.0,4736.0,1.0
indivisual[219],0.421,0.14,0.183,0.694,0.002,0.001,5370.0,4121.0,1.0
indivisual[220],1.932,0.496,1.103,2.91,0.012,0.008,1662.0,3932.0,1.0
indivisual[221],1.854,0.488,0.943,2.733,0.011,0.008,1920.0,4467.0,1.0
indivisual[222],0.845,0.274,0.356,1.358,0.003,0.002,6295.0,4273.0,1.01
indivisual[223],1.075,0.358,0.473,1.77,0.027,0.026,343.0,85.0,1.01
indivisual[224],0.517,0.178,0.201,0.861,0.002,0.002,4619.0,3720.0,1.0
indivisual[225],0.388,0.138,0.136,0.651,0.003,0.002,3666.0,752.0,1.0
indivisual[226],0.412,0.146,0.153,0.68,0.002,0.001,4946.0,4131.0,1.0
indivisual[227],0.013,0.012,0.0,0.036,0.0,0.0,831.0,977.0,1.0
indivisual[228],7.743,1.564,5.034,10.837,0.052,0.037,907.0,3984.0,1.01
indivisual[229],3.933,1.189,1.615,6.044,0.085,0.06,198.0,73.0,1.02
indivisual[230],7.714,1.256,5.338,9.912,0.049,0.035,610.0,80.0,1.01
indivisual[231],1.324,0.73,0.009,2.534,0.03,0.021,553.0,1750.0,1.01
indivisual[232],1.9,0.894,0.258,3.499,0.047,0.033,372.0,1857.0,1.01
indivisual[233],1.693,0.92,0.01,3.178,0.066,0.047,186.0,92.0,1.02
indivisual[234],1.665,0.805,0.173,3.05,0.049,0.035,263.0,152.0,1.02
indivisual[235],0.501,0.403,0.0,1.235,0.02,0.014,257.0,80.0,1.01
indivisual[236],2.305,0.599,1.23,3.459,0.01,0.007,3182.0,3995.0,1.0
indivisual[237],0.888,0.319,0.294,1.483,0.018,0.016,526.0,86.0,1.01
indivisual[238],0.849,0.298,0.324,1.423,0.008,0.006,1529.0,734.0,1.0
indivisual[239],0.623,0.225,0.231,1.043,0.003,0.002,4286.0,3866.0,1.0
indivisual[240],0.644,0.237,0.229,1.074,0.005,0.003,1668.0,4314.0,1.0
indivisual[241],0.613,0.225,0.218,1.031,0.003,0.002,5915.0,4391.0,1.0
indivisual[242],0.542,0.201,0.199,0.914,0.006,0.004,1545.0,2292.0,1.0
indivisual[243],0.593,0.225,0.227,1.055,0.009,0.007,865.0,333.0,1.01
indivisual[244],0.567,0.204,0.206,0.96,0.002,0.001,8610.0,4790.0,1.0
indivisual[245],0.58,0.212,0.193,0.963,0.003,0.002,4262.0,3644.0,1.0
indivisual[246],0.436,0.164,0.15,0.738,0.002,0.002,5727.0,3957.0,1.01
indivisual[247],15.747,2.008,11.955,19.447,0.033,0.023,3731.0,3913.0,1.0
indivisual[248],8.683,1.831,5.431,12.128,0.047,0.033,1443.0,3740.0,1.0
indivisual[249],6.975,1.561,4.188,9.922,0.042,0.03,1337.0,4063.0,1.0
indivisual[250],5.165,1.558,2.13,7.982,0.037,0.026,1745.0,2695.0,1.0
indivisual[251],4.157,1.484,1.087,6.637,0.08,0.057,357.0,83.0,1.01
indivisual[252],2.909,1.254,0.536,5.206,0.038,0.027,1081.0,2669.0,1.01
indivisual[253],4.014,1.084,2.038,6.058,0.018,0.013,3531.0,4304.0,1.0
indivisual[254],1.462,0.552,0.491,2.511,0.007,0.005,5982.0,3891.0,1.0
indivisual[255],0.751,0.546,0.0,1.725,0.027,0.019,492.0,2169.0,1.01
indivisual[256],0.905,0.584,0.007,1.949,0.034,0.024,298.0,2442.0,1.01
indivisual[257],1.21,0.46,0.366,2.067,0.006,0.004,6391.0,4374.0,1.0
indivisual[258],0.789,0.348,0.19,1.429,0.005,0.004,4552.0,3798.0,1.0
indivisual[259],0.748,0.334,0.184,1.386,0.005,0.003,4625.0,4021.0,1.0
indivisual[260],7.041,2.075,3.29,10.914,0.053,0.037,1483.0,3678.0,1.0
indivisual[261],5.921,1.886,2.437,9.523,0.041,0.029,2069.0,3460.0,1.0
indivisual[262],5.51,1.885,2.334,9.2,0.071,0.05,648.0,2735.0,1.01
indivisual[263],3.723,1.656,0.688,6.742,0.067,0.048,555.0,1385.0,1.01
indivisual[264],2.728,1.286,0.507,5.219,0.046,0.032,807.0,2211.0,1.01
indivisual[265],1.808,0.987,0.043,3.468,0.021,0.015,1940.0,2512.0,1.0
indivisual[266],1.289,0.869,0.001,2.808,0.035,0.025,468.0,328.0,1.01
indivisual[267],0.788,0.579,0.0,1.809,0.014,0.01,1536.0,1661.0,1.0
indivisual[268],6.725,2.626,1.878,11.659,0.033,0.024,5366.0,2613.0,1.0
indivisual[269],1.6,0.935,0.107,3.323,0.012,0.008,4932.0,2741.0,1.0
bookpow,0.107,0.106,0.0,0.31,0.003,0.002,397.0,67.0,1.01
hifuupow,0.017,0.011,0.0,0.037,0.0,0.0,2980.0,3237.0,1.0
miscpow,0.006,0.004,0.0,0.014,0.0,0.0,193.0,254.0,1.02
mu_m,0.22,0.151,0.01,0.486,0.013,0.009,110.0,176.0,1.04
mu_b,0.151,0.052,0.057,0.248,0.005,0.003,116.0,186.0,1.06
mu_s,0.718,0.17,0.397,1.027,0.008,0.006,414.0,486.0,1.01
mu_t,0.36,0.217,0.001,0.692,0.041,0.029,30.0,87.0,1.11
sigma_m,0.055,0.05,0.002,0.142,0.004,0.003,90.0,221.0,1.04
sigma_b,0.053,0.028,0.004,0.102,0.002,0.002,116.0,109.0,1.04
sigma_s,0.386,0.112,0.19,0.603,0.005,0.004,442.0,567.0,1.01
sigma_t,0.197,0.135,0.0,0.418,0.023,0.016,33.0,77.0,1.1
