,名前,12回目ポイント,16回目ポイント,10回目ポイント,5回目ポイント,13回目ポイント,15回目ポイント,9回目ポイント,4回目ポイント,17回目ポイント,3回目ポイント,2回目ポイント,7回目ポイント,20回目ポイント,11回目ポイント,18回目ポイント,8回目ポイント,6回目ポイント,19回目ポイント,21回目ポイント,14回目ポイント,1回目ポイント
0,53ミニッツの青い海,180.0,135.0,97.0,20.0,157.0,115.0,103.0,,203.0,,,57.0,351.0,112.0,206.0,80.0,46.0,274.0,351.0,142.0,
1,A Sacred Lot,27.0,47.0,8.0,4.0,35.0,27.0,7.0,,57.0,1.0,,9.0,77.0,8.0,65.0,8.0,10.0,67.0,77.0,31.0,
2,AN ORDEAL FROM GOD,58.0,65.0,59.0,,49.0,53.0,83.0,,45.0,,,68.0,75.0,47.0,66.0,76.0,,51.0,75.0,48.0,
3,Arcadian Dream,6.0,5.0,1.0,1.0,9.0,4.0,5.0,,5.0,,,1.0,12.0,0.0,7.0,6.0,,6.0,12.0,1.0,
4,Bad Apple!!,996.0,752.0,568.0,105.0,758.0,431.0,707.0,2.0,1400.0,1.0,,816.0,1833.0,437.0,1508.0,586.0,380.0,1365.0,1833.0,541.0,
5,Border Land,3.0,8.0,3.0,,5.0,3.0,6.0,,6.0,,,,3.0,0.0,7.0,4.0,,3.0,3.0,1.0,
6,Break the Sabbath,10.0,8.0,4.0,1.0,4.0,6.0,4.0,1.0,8.0,,,2.0,12.0,5.0,4.0,3.0,,19.0,12.0,6.0,
7,Castle Explorer -in the Sky-,20.0,26.0,8.0,3.0,13.0,14.0,10.0,,16.0,,,6.0,18.0,10.0,16.0,9.0,4.0,23.0,18.0,13.0,
8,Civilization of Magic,55.0,53.0,22.0,,51.0,50.0,27.0,,45.0,,,6.0,65.0,27.0,63.0,22.0,3.0,64.0,65.0,44.0,
9,Complete Darkness,182.0,203.0,115.0,46.0,197.0,125.0,181.0,7.0,222.0,4.0,5.0,160.0,449.0,96.0,290.0,198.0,115.0,293.0,449.0,150.0,2.0
10,Crescent Dream,26.0,30.0,8.0,,16.0,19.0,10.0,,21.0,,,10.0,28.0,15.0,22.0,7.0,1.0,33.0,28.0,11.0,
11,Days,2.0,2.0,1.0,,1.0,3.0,1.0,,2.0,,,,7.0,0.0,4.0,1.0,,3.0,7.0,4.0,
12,Demystify Feast,1355.0,835.0,747.0,701.0,1116.0,695.0,1210.0,203.0,766.0,,,1349.0,728.0,876.0,935.0,1156.0,958.0,820.0,728.0,898.0,
13,Dim. Dream,79.0,63.0,49.0,11.0,73.0,53.0,75.0,10.0,79.0,6.0,2.0,46.0,100.0,38.0,89.0,64.0,21.0,84.0,100.0,60.0,
14,Dream Express,52.0,45.0,36.0,8.0,53.0,45.0,50.0,13.0,40.0,17.0,7.0,49.0,46.0,32.0,32.0,53.0,39.0,29.0,46.0,52.0,3.0
15,Dream Land,52.0,49.0,40.0,6.0,47.0,31.0,48.0,1.0,36.0,2.0,1.0,25.0,57.0,29.0,47.0,32.0,18.0,49.0,57.0,48.0,
16,Dreamy pilot,46.0,31.0,15.0,6.0,47.0,25.0,18.0,,35.0,1.0,,15.0,35.0,20.0,32.0,19.0,6.0,28.0,35.0,25.0,
17,End of Daylight,54.0,52.0,24.0,4.0,53.0,36.0,47.0,2.0,43.0,1.0,,33.0,63.0,29.0,48.0,27.0,6.0,38.0,63.0,32.0,
18,Endless,2.0,2.0,,1.0,5.0,2.0,1.0,,1.0,,,,4.0,1.0,5.0,1.0,,2.0,4.0,8.0,
19,Frontal Attack,2.0,10.0,7.0,,4.0,8.0,1.0,1.0,6.0,,,,12.0,6.0,10.0,2.0,,15.0,12.0,5.0,
20,G Free,303.0,219.0,190.0,65.0,256.0,165.0,280.0,,172.0,,,227.0,227.0,223.0,248.0,265.0,178.0,215.0,227.0,199.0,
21,Highly Responsive to Prayers,12.0,10.0,5.0,,13.0,5.0,6.0,1.0,18.0,,,5.0,28.0,5.0,14.0,1.0,,31.0,28.0,17.0,
22,Incomplete Plot,5.0,3.0,2.0,1.0,5.0,3.0,6.0,1.0,8.0,,,1.0,9.0,5.0,5.0,2.0,3.0,2.0,9.0,9.0,
23,Intermezzo,6.0,6.0,1.0,1.0,3.0,2.0,2.0,,7.0,,,2.0,6.0,2.0,5.0,,2.0,4.0,6.0,2.0,
24,Inventive City,7.0,18.0,5.0,1.0,6.0,7.0,6.0,,14.0,1.0,,7.0,10.0,4.0,14.0,6.0,1.0,12.0,10.0,6.0,
25,Lotus Love,94.0,64.0,68.0,30.0,76.0,51.0,109.0,4.0,68.0,,2.0,96.0,77.0,54.0,89.0,97.0,59.0,86.0,77.0,71.0,
26,Lotus Road,4.0,3.0,2.0,1.0,5.0,3.0,2.0,,3.0,,1.0,1.0,6.0,5.0,4.0,3.0,3.0,6.0,6.0,2.0,
27,Magic Shop of Raspberry,43.0,45.0,26.0,6.0,40.0,37.0,27.0,2.0,37.0,,,28.0,54.0,33.0,40.0,22.0,9.0,54.0,54.0,41.0,1.0
28,Magic of Life,14.0,13.0,6.0,,10.0,15.0,8.0,2.0,16.0,,,6.0,15.0,7.0,13.0,5.0,2.0,20.0,15.0,10.0,
29,Magical and Hopeless,12.0,14.0,5.0,1.0,11.0,11.0,9.0,,10.0,1.0,2.0,8.0,20.0,5.0,14.0,10.0,7.0,12.0,20.0,11.0,
30,Maniacal Princess,34.0,21.0,14.0,,31.0,23.0,17.0,2.0,23.0,2.0,,7.0,26.0,26.0,26.0,19.0,4.0,25.0,26.0,26.0,
31,Maple Dream...,52.0,53.0,20.0,7.0,35.0,29.0,29.0,3.0,44.0,6.0,4.0,25.0,41.0,24.0,49.0,19.0,14.0,55.0,41.0,40.0,
32,"My Maid, Sweet Maid",11.0,11.0,,,5.0,9.0,,,,,,,15.0,6.0,,,,,15.0,12.0,
33,Mystic Dream,7.0,4.0,2.0,1.0,4.0,5.0,4.0,,5.0,,,2.0,4.0,3.0,8.0,1.0,4.0,7.0,4.0,5.0,
34,Oriental Magician,12.0,9.0,2.0,,6.0,6.0,6.0,,10.0,,,1.0,20.0,7.0,13.0,5.0,2.0,15.0,20.0,5.0,
35,Peaceful,6.0,3.0,,1.0,1.0,3.0,1.0,,3.0,,,,6.0,1.0,4.0,1.0,,5.0,6.0,2.0,
36,Peaceful Romancer,50.0,79.0,29.0,13.0,55.0,56.0,34.0,7.0,74.0,4.0,8.0,39.0,75.0,35.0,67.0,38.0,23.0,73.0,75.0,50.0,2.0
37,Phantasmagoria,22.0,9.0,12.0,3.0,25.0,18.0,12.0,2.0,23.0,,,9.0,21.0,13.0,12.0,11.0,5.0,16.0,21.0,14.0,
38,Plastic Space,7.0,9.0,2.0,2.0,5.0,6.0,4.0,,8.0,,,2.0,,1.0,5.0,4.0,1.0,2.0,,7.0,
39,Romantic Children,312.0,324.0,276.0,98.0,318.0,223.0,441.0,22.0,277.0,14.0,8.0,417.0,359.0,215.0,338.0,393.0,311.0,321.0,359.0,289.0,2.0
40,Sacred Battle,17.0,25.0,10.0,6.0,16.0,17.0,19.0,3.0,16.0,7.0,3.0,18.0,18.0,13.0,23.0,23.0,15.0,26.0,18.0,12.0,1.0
41,Sailor of Time,54.0,52.0,29.0,12.0,44.0,42.0,28.0,4.0,40.0,6.0,3.0,33.0,53.0,31.0,56.0,25.0,20.0,69.0,53.0,45.0,
42,Selection,12.0,8.0,4.0,,7.0,5.0,7.0,,8.0,,1.0,4.0,12.0,5.0,9.0,4.0,2.0,8.0,12.0,10.0,
43,Selene's light,19.0,13.0,8.0,4.0,12.0,8.0,9.0,2.0,9.0,1.0,,5.0,14.0,10.0,24.0,5.0,5.0,15.0,14.0,9.0,
44,She's in a temper!!,26.0,19.0,12.0,,25.0,14.0,15.0,2.0,20.0,,,9.0,34.0,10.0,32.0,15.0,9.0,34.0,34.0,19.0,
45,Strawberry Crisis!!,682.0,422.0,458.0,80.0,541.0,334.0,682.0,25.0,446.0,8.0,4.0,409.0,341.0,404.0,522.0,574.0,315.0,466.0,341.0,409.0,
46,Tabula rasa,192.0,165.0,122.0,51.0,169.0,123.0,156.0,19.0,138.0,21.0,10.0,145.0,158.0,122.0,142.0,157.0,147.0,174.0,158.0,127.0,3.0
47,The Positive and Negative,22.0,29.0,12.0,1.0,39.0,17.0,9.0,,22.0,,,10.0,48.0,21.0,33.0,9.0,4.0,31.0,48.0,20.0,
48,U.N.オーエンは彼女なのか？,12088.0,8568.0,4771.0,3141.0,9513.0,5529.0,6742.0,864.0,11848.0,972.0,357.0,5559.0,17483.0,5820.0,18520.0,5777.0,4489.0,16196.0,17483.0,7409.0,77.0
49,Witch of Love Potion,195.0,144.0,92.0,34.0,183.0,106.0,111.0,29.0,147.0,43.0,16.0,107.0,245.0,103.0,217.0,101.0,71.0,206.0,245.0,146.0,4.0
50,Witching Dream,72.0,42.0,28.0,6.0,55.0,51.0,46.0,7.0,36.0,1.0,2.0,17.0,57.0,42.0,55.0,30.0,20.0,49.0,57.0,37.0,3.0
51,the Grimoire of Alice,1086.0,618.0,791.0,244.0,870.0,517.0,1547.0,87.0,558.0,56.0,23.0,1947.0,570.0,670.0,611.0,1499.0,715.0,543.0,570.0,699.0,7.0
52,the Last Judgement,76.0,84.0,58.0,23.0,84.0,55.0,86.0,12.0,61.0,16.0,7.0,54.0,72.0,45.0,73.0,79.0,48.0,53.0,72.0,60.0,2.0
53,the Legend of KAGE,19.0,17.0,6.0,,14.0,10.0,13.0,2.0,15.0,,,6.0,24.0,3.0,13.0,6.0,1.0,10.0,24.0,13.0,
54,あなたの町の怪事件,223.0,121.0,203.0,,185.0,132.0,413.0,,142.0,,,,100.0,139.0,116.0,701.0,,111.0,100.0,161.0,
55,あゆのかぜ,21.0,15.0,7.0,2.0,17.0,11.0,2.0,2.0,17.0,,,11.0,20.0,6.0,17.0,6.0,5.0,19.0,20.0,15.0,
56,いざ、倒れ逝くその時まで,633.0,429.0,398.0,12.0,557.0,340.0,526.0,4.0,357.0,2.0,1.0,250.0,427.0,335.0,477.0,429.0,77.0,425.0,427.0,400.0,
57,いたずらに命をかけて,278.0,138.0,163.0,,223.0,129.0,273.0,,113.0,,,,122.0,146.0,133.0,363.0,,138.0,122.0,169.0,
58,おてんば恋娘,2653.0,2418.0,924.0,612.0,2126.0,1515.0,1352.0,166.0,3485.0,221.0,89.0,1545.0,5164.0,1111.0,4617.0,1404.0,1028.0,4346.0,5164.0,1859.0,38.0
59,お宇佐さまの素い幡,340.0,185.0,141.0,169.0,269.0,147.0,233.0,139.0,181.0,,,251.0,194.0,168.0,231.0,239.0,246.0,183.0,194.0,214.0,
60,かわいい悪魔,233.0,217.0,118.0,12.0,257.0,159.0,118.0,2.0,212.0,1.0,,77.0,303.0,126.0,214.0,100.0,31.0,209.0,303.0,206.0,
61,さくらさくら,620.0,513.0,237.0,177.0,578.0,388.0,365.0,122.0,958.0,132.0,79.0,317.0,997.0,249.0,1062.0,332.0,300.0,990.0,997.0,477.0,
62,ひもろぎ、むらさきにもえ,32.0,32.0,20.0,15.0,29.0,27.0,36.0,3.0,31.0,6.0,3.0,29.0,29.0,15.0,40.0,28.0,14.0,26.0,29.0,24.0,1.0
63,ほおずきみたいに紅い魂,947.0,849.0,274.0,108.0,813.0,566.0,362.0,45.0,1071.0,57.0,27.0,343.0,1205.0,400.0,1342.0,338.0,224.0,1079.0,1205.0,680.0,6.0
64,ぼくらの非想天則,492.0,260.0,455.0,,443.0,264.0,1106.0,,212.0,,,2412.0,230.0,252.0,258.0,1797.0,,231.0,230.0,311.0,
65,もう歌しか聞こえない,1769.0,1030.0,681.0,522.0,1460.0,783.0,1105.0,226.0,1037.0,324.0,,1061.0,1100.0,738.0,1337.0,922.0,956.0,1080.0,1100.0,995.0,
66,やみのちから,23.0,23.0,11.0,5.0,26.0,15.0,16.0,2.0,24.0,,,16.0,32.0,11.0,29.0,15.0,9.0,34.0,32.0,13.0,
67,アイリス,8.0,17.0,5.0,5.0,8.0,11.0,6.0,2.0,14.0,3.0,1.0,5.0,22.0,4.0,13.0,5.0,3.0,16.0,22.0,7.0,
68,アガルタの風,158.0,175.0,117.0,,153.0,115.0,,,169.0,,,,199.0,123.0,143.0,,,159.0,199.0,164.0,
69,アリスマエステラ,370.0,287.0,229.0,104.0,293.0,253.0,331.0,56.0,246.0,39.0,5.0,262.0,333.0,217.0,291.0,261.0,171.0,314.0,333.0,305.0,1.0
70,アルティメットトゥルース,952.0,602.0,517.0,177.0,847.0,522.0,783.0,109.0,535.0,130.0,69.0,642.0,599.0,532.0,625.0,705.0,462.0,584.0,599.0,622.0,
71,アンティークテラー,11.0,11.0,8.0,3.0,17.0,11.0,7.0,2.0,4.0,2.0,2.0,9.0,8.0,5.0,8.0,11.0,8.0,12.0,8.0,8.0,2.0
72,アンノウンX,407.0,358.0,276.0,,505.0,330.0,579.0,,465.0,,,1200.0,874.0,210.0,570.0,790.0,,1052.0,874.0,555.0,
73,イザナギオブジェクト,291.0,195.0,183.0,,247.0,160.0,,,192.0,,,,173.0,179.0,186.0,,,179.0,173.0,221.0,
74,エキストララブ,19.0,23.0,9.0,4.0,16.0,16.0,11.0,1.0,7.0,1.0,,10.0,26.0,7.0,16.0,9.0,2.0,23.0,26.0,20.0,
75,エクステンドアッシュ,786.0,659.0,389.0,81.0,745.0,470.0,509.0,47.0,772.0,50.0,,438.0,992.0,416.0,900.0,495.0,280.0,878.0,992.0,675.0,
76,エニグマティクドール,293.0,229.0,177.0,33.0,254.0,181.0,187.0,16.0,269.0,33.0,18.0,124.0,261.0,166.0,264.0,173.0,93.0,293.0,261.0,223.0,6.0
77,エネルギー黎明,77.0,43.0,47.0,,56.0,32.0,78.0,,36.0,,,83.0,47.0,37.0,34.0,92.0,58.0,50.0,47.0,47.0,
78,オカルトアラカルト,114.0,48.0,,,118.0,42.0,,,41.0,,,,37.0,30.0,48.0,,,29.0,37.0,92.0,
79,オリエンタルダークフライト,521.0,417.0,175.0,109.0,487.0,355.0,318.0,58.0,461.0,,,260.0,498.0,319.0,567.0,272.0,214.0,540.0,498.0,446.0,
80,オルフェの詩,34.0,23.0,18.0,2.0,20.0,12.0,17.0,,27.0,9.0,4.0,12.0,23.0,14.0,29.0,14.0,9.0,31.0,23.0,17.0,2.0
81,オルレアンの聖騎士,13.0,14.0,10.0,3.0,13.0,19.0,12.0,,5.0,,,6.0,20.0,5.0,18.0,6.0,4.0,17.0,20.0,7.0,
82,カナベラルの夢幻少女,19.0,17.0,9.0,,15.0,11.0,17.0,4.0,18.0,,1.0,11.0,24.0,10.0,26.0,14.0,4.0,14.0,24.0,8.0,
83,キャプテン・ムラサ,485.0,338.0,362.0,,453.0,274.0,636.0,,428.0,,,1406.0,449.0,291.0,529.0,1025.0,,448.0,449.0,376.0,
84,キュアリアス上海古牌,217.0,164.0,155.0,,188.0,104.0,309.0,,115.0,,,238.0,123.0,147.0,144.0,229.0,,117.0,123.0,144.0,
85,クリスタライズシルバー,557.0,386.0,308.0,272.0,479.0,225.0,539.0,70.0,394.0,84.0,47.0,552.0,461.0,310.0,459.0,518.0,476.0,420.0,461.0,339.0,5.0
86,ゲームオーバー,13.0,9.0,2.0,,5.0,1.0,2.0,,8.0,,,4.0,10.0,2.0,11.0,2.0,1.0,10.0,10.0,8.0,
87,ゴーストリード,137.0,86.0,90.0,,127.0,73.0,268.0,,74.0,,,,67.0,59.0,72.0,,,48.0,67.0,89.0,
88,サニーミルクの紅霧異変,255.0,190.0,164.0,74.0,245.0,153.0,213.0,,183.0,,,182.0,185.0,128.0,214.0,148.0,155.0,205.0,185.0,189.0,
89,サニールチルフレクション,101.0,55.0,68.0,37.0,80.0,44.0,111.0,,43.0,,,138.0,49.0,60.0,49.0,117.0,83.0,49.0,49.0,50.0,
90,サーカスレヴァリエ,78.0,90.0,37.0,9.0,68.0,59.0,38.0,14.0,105.0,18.0,17.0,25.0,151.0,47.0,120.0,20.0,31.0,119.0,151.0,68.0,
91,シルクロードアリス,78.0,56.0,42.0,13.0,69.0,60.0,54.0,8.0,67.0,13.0,5.0,48.0,63.0,45.0,61.0,43.0,29.0,52.0,63.0,52.0,3.0
92,シンデレラケージ,1288.0,841.0,588.0,500.0,1188.0,720.0,917.0,349.0,948.0,876.0,,1007.0,978.0,659.0,1047.0,898.0,943.0,970.0,978.0,946.0,
93,ジャパニーズサーガ,182.0,108.0,145.0,15.0,129.0,99.0,146.0,,77.0,,,46.0,83.0,107.0,65.0,54.0,33.0,60.0,83.0,117.0,
94,スカイルーイン,119.0,97.0,77.0,,121.0,84.0,126.0,,66.0,,,173.0,92.0,69.0,89.0,165.0,,98.0,92.0,81.0,
95,スターボウドリーム,26.0,14.0,9.0,3.0,23.0,12.0,12.0,2.0,18.0,,,10.0,20.0,10.0,16.0,11.0,6.0,15.0,20.0,13.0,
96,スターヴォヤージュ2008,116.0,84.0,94.0,52.0,83.0,61.0,149.0,,57.0,,,97.0,79.0,77.0,78.0,127.0,105.0,90.0,79.0,79.0,
97,スプートニク幻夜,90.0,68.0,65.0,5.0,89.0,65.0,91.0,8.0,56.0,7.0,1.0,94.0,70.0,53.0,88.0,78.0,12.0,84.0,70.0,77.0,2.0
98,タイトルドメイド,7.0,3.0,1.0,,2.0,2.0,1.0,,2.0,,,1.0,6.0,4.0,1.0,1.0,,2.0,6.0,2.0,
99,ツェペシュの幼き末裔,365.0,473.0,132.0,43.0,407.0,282.0,201.0,14.0,615.0,7.0,6.0,172.0,737.0,168.0,878.0,196.0,99.0,739.0,737.0,348.0,
100,ティアオイエツォン,495.0,295.0,249.0,156.0,434.0,235.0,389.0,62.0,327.0,78.0,68.0,422.0,359.0,263.0,405.0,368.0,353.0,386.0,359.0,297.0,11.0
101,テーマ・オブ・イースタンストーリー,138.0,170.0,84.0,28.0,115.0,83.0,64.0,,137.0,,,40.0,130.0,81.0,130.0,52.0,45.0,89.0,130.0,98.0,
102,ディザストラスジェミニ,21.0,11.0,21.0,10.0,18.0,12.0,36.0,11.0,14.0,10.0,9.0,22.0,14.0,16.0,9.0,23.0,19.0,19.0,14.0,10.0,
103,デザイアドライブ,3722.0,2340.0,2632.0,,2884.0,1853.0,3415.0,,2375.0,,,,2724.0,2205.0,2898.0,,,2581.0,2724.0,2383.0,
104,デザイアドリーム,151.0,95.0,109.0,,123.0,82.0,190.0,,114.0,,,,123.0,79.0,130.0,,,112.0,123.0,106.0,
105,トロヤ群の密林,99.0,64.0,75.0,,103.0,53.0,,,57.0,,,,90.0,61.0,95.0,,,88.0,90.0,70.0,
106,ニュースハウンド,31.0,14.0,26.0,,29.0,11.0,37.0,,21.0,,,,23.0,13.0,19.0,69.0,,15.0,23.0,16.0,
107,ネイティブフェイス,3726.0,3039.0,2133.0,2156.0,3097.0,1982.0,3503.0,,3353.0,,,4144.0,4541.0,1838.0,5096.0,3661.0,3749.0,4213.0,4541.0,2442.0,
108,ネクロファンタジア,6523.0,4390.0,2834.0,2377.0,5311.0,3355.0,4430.0,855.0,4580.0,988.0,311.0,4645.0,5964.0,3074.0,6147.0,4202.0,3919.0,5607.0,5964.0,4441.0,
109,ネメシスの要塞,56.0,26.0,43.0,,42.0,25.0,87.0,,19.0,,,,33.0,28.0,31.0,203.0,,22.0,33.0,39.0,
110,ハルトマンの妖怪少女,7430.0,6204.0,3539.0,,6070.0,3686.0,3844.0,,6211.0,,,3171.0,9811.0,4342.0,9215.0,3503.0,2051.0,8519.0,9811.0,4866.0,
111,ハーセルヴズ,61.0,43.0,48.0,27.0,62.0,37.0,58.0,29.0,31.0,8.0,5.0,65.0,35.0,41.0,38.0,60.0,32.0,29.0,35.0,53.0,
112,ハートフェルトファンシー,591.0,436.0,410.0,,535.0,356.0,504.0,,396.0,,,472.0,486.0,347.0,409.0,487.0,416.0,435.0,486.0,393.0,
113,パンデモニックプラネット,1594.0,1098.0,,,1539.0,937.0,,,1365.0,,,,1352.0,,1594.0,,,1268.0,1352.0,1237.0,
114,ヒロシゲ36号,1075.0,860.0,644.0,122.0,875.0,627.0,922.0,,780.0,,,443.0,1322.0,693.0,974.0,632.0,260.0,1117.0,1322.0,732.0,
115,ピュアヒューリーズ,5539.0,5351.0,,,5115.0,4232.0,,,5098.0,,,,4999.0,,5675.0,,,5235.0,4999.0,4962.0,
116,フェアリー冒険譚,48.0,21.0,22.0,,40.0,15.0,11.0,,25.0,,,16.0,21.0,30.0,27.0,13.0,,26.0,21.0,29.0,
117,フォルスストロベリー,52.0,38.0,46.0,19.0,61.0,36.0,57.0,26.0,24.0,7.0,4.0,75.0,38.0,32.0,41.0,56.0,57.0,38.0,38.0,30.0,2.0
118,フォールオブフォール,2776.0,1775.0,1614.0,754.0,2355.0,1400.0,2633.0,,1640.0,,,2123.0,2066.0,1559.0,2403.0,2256.0,1607.0,2153.0,2066.0,1729.0,
119,フラワリングナイト,3081.0,2170.0,1135.0,334.0,2435.0,1370.0,1671.0,191.0,2712.0,,,1808.0,3399.0,1359.0,3247.0,1747.0,1662.0,3055.0,3399.0,1831.0,
120,ブクレシュティの人形師,1025.0,642.0,575.0,266.0,992.0,557.0,1013.0,104.0,735.0,107.0,43.0,1019.0,801.0,560.0,855.0,980.0,748.0,792.0,801.0,743.0,5.0
121,プラスチックマインド,203.0,129.0,164.0,68.0,174.0,111.0,327.0,30.0,134.0,22.0,7.0,265.0,142.0,135.0,127.0,258.0,163.0,146.0,142.0,127.0,1.0
122,プリムローズシヴァ,2.0,12.0,5.0,1.0,10.0,1.0,8.0,2.0,3.0,4.0,4.0,6.0,34.0,1.0,12.0,9.0,4.0,22.0,34.0,3.0,1.0
123,プレイヤーズスコア,88.0,80.0,32.0,7.0,73.0,36.0,53.0,,67.0,,,49.0,112.0,28.0,69.0,48.0,26.0,93.0,112.0,68.0,
124,プレインエイジア,1530.0,808.0,715.0,725.0,1236.0,618.0,1216.0,435.0,913.0,615.0,,1339.0,944.0,809.0,998.0,1229.0,1217.0,867.0,944.0,833.0,
125,ボーダーオブライフ,1488.0,1146.0,855.0,581.0,1329.0,782.0,1207.0,248.0,1282.0,340.0,164.0,1422.0,1849.0,812.0,2327.0,1277.0,1161.0,1851.0,1849.0,1077.0,
126,ボールのある日常,6.0,6.0,,,5.0,1.0,,,6.0,,,,12.0,4.0,8.0,,,7.0,12.0,2.0,
127,ポイズンボディ,220.0,184.0,117.0,65.0,193.0,132.0,207.0,65.0,194.0,,,198.0,212.0,139.0,262.0,208.0,136.0,199.0,212.0,160.0,
128,マジカルストーム,81.0,58.0,126.0,,69.0,55.0,,,56.0,,,,69.0,76.0,39.0,,,72.0,69.0,55.0,
129,ミストレイク,337.0,229.0,298.0,,322.0,188.0,,,164.0,,,,141.0,213.0,167.0,,,141.0,141.0,218.0,
130,ミッドナイトスペルカード,56.0,37.0,,,43.0,20.0,,,28.0,,,,32.0,49.0,32.0,,,26.0,32.0,34.0,
131,メイガスナイト,3261.0,1663.0,2223.0,,2619.0,1424.0,2926.0,,1571.0,,,,1503.0,1933.0,1788.0,2484.0,,1580.0,1503.0,2010.0,
132,メイドと血の懐中時計,1577.0,1377.0,527.0,307.0,1353.0,936.0,846.0,183.0,1709.0,128.0,46.0,827.0,2746.0,659.0,2464.0,802.0,595.0,2328.0,2746.0,1109.0,13.0
133,メイド幻想,83.0,60.0,30.0,4.0,77.0,40.0,30.0,1.0,56.0,1.0,,14.0,110.0,42.0,69.0,14.0,6.0,60.0,110.0,63.0,
134,メイプルワイズ,84.0,80.0,33.0,21.0,65.0,49.0,56.0,7.0,77.0,11.0,4.0,39.0,74.0,39.0,72.0,46.0,28.0,77.0,74.0,46.0,3.0
135,ラクトガール,1799.0,1317.0,790.0,599.0,1491.0,923.0,1285.0,278.0,1544.0,304.0,137.0,1355.0,2058.0,830.0,2002.0,1249.0,1274.0,1825.0,2058.0,1064.0,32.0
136,ラストオカルティズム,1533.0,810.0,,,1214.0,755.0,,,789.0,,,,648.0,989.0,793.0,,,699.0,648.0,1172.0,
137,ラストリモート,4256.0,2667.0,2670.0,,3303.0,1992.0,3261.0,,2693.0,,,1640.0,3006.0,2611.0,3041.0,2332.0,918.0,2943.0,3006.0,2551.0,
138,リジッドパラダイス,443.0,273.0,364.0,,389.0,181.0,1170.0,,248.0,,,,221.0,229.0,294.0,,,219.0,221.0,276.0,
139,リバースイデオロギー,2093.0,1055.0,1086.0,,1812.0,845.0,,,1230.0,,,,1230.0,1245.0,1356.0,,,1139.0,1230.0,1290.0,
140,リーインカーネーション,1112.0,649.0,703.0,586.0,815.0,472.0,1277.0,135.0,640.0,126.0,50.0,1596.0,762.0,587.0,742.0,1276.0,1178.0,661.0,762.0,600.0,16.0
141,ルーズレイン,228.0,128.0,169.0,,187.0,120.0,244.0,,101.0,,,,121.0,169.0,114.0,295.0,,122.0,121.0,152.0,
142,ルーネイトエルフ,907.0,689.0,370.0,43.0,813.0,508.0,463.0,17.0,833.0,21.0,8.0,321.0,889.0,459.0,992.0,356.0,169.0,844.0,889.0,643.0,2.0
143,レトロスペクティブ京都,768.0,530.0,435.0,539.0,711.0,454.0,844.0,,604.0,,,921.0,552.0,411.0,618.0,795.0,792.0,638.0,552.0,536.0,
144,ロマンチック逃飛行,227.0,133.0,,,178.0,129.0,,,106.0,,,,105.0,188.0,103.0,,,130.0,105.0,146.0,
145,ヴォヤージュ1969,1022.0,891.0,496.0,314.0,957.0,676.0,811.0,223.0,907.0,321.0,,806.0,1291.0,526.0,1016.0,797.0,722.0,1091.0,1291.0,809.0,
146,ヴォヤージュ1970,616.0,448.0,275.0,172.0,570.0,375.0,465.0,74.0,471.0,213.0,,436.0,572.0,309.0,520.0,436.0,390.0,532.0,572.0,433.0,
147,ヴワル魔法図書館,657.0,646.0,264.0,113.0,622.0,434.0,376.0,73.0,761.0,11.0,9.0,410.0,877.0,298.0,947.0,416.0,169.0,880.0,877.0,488.0,2.0
148,七玉蒐集ショウダウン,39.0,11.0,,,32.0,10.0,,,10.0,,,,5.0,19.0,7.0,,,11.0,5.0,14.0,
149,万年置き傘にご注意を,1072.0,721.0,522.0,,1008.0,530.0,791.0,,796.0,,,1026.0,880.0,544.0,864.0,999.0,,836.0,880.0,694.0,
150,上海紅茶館,6086.0,4588.0,2257.0,1355.0,5042.0,3118.0,3562.0,527.0,5431.0,386.0,156.0,3269.0,6630.0,2873.0,7030.0,3434.0,2512.0,6349.0,6630.0,3946.0,47.0
151,不可能弾幕には反則を,230.0,129.0,,,171.0,98.0,,,143.0,,,,147.0,169.0,144.0,,,132.0,147.0,133.0,
152,不思議なお祓い棒,917.0,866.0,635.0,,781.0,728.0,,,693.0,,,,645.0,643.0,711.0,,,679.0,645.0,816.0,
153,不思議な不思議な道具達,121.0,78.0,115.0,,96.0,78.0,,,66.0,,,,67.0,66.0,81.0,,,80.0,67.0,81.0,
154,不思議の国のアリス,1057.0,922.0,730.0,157.0,1007.0,693.0,975.0,39.0,871.0,26.0,15.0,805.0,1130.0,667.0,954.0,879.0,477.0,1034.0,1130.0,814.0,6.0
155,丑三つ時の里,7.0,8.0,9.0,,8.0,3.0,,,10.0,,,,6.0,1.0,9.0,,,8.0,6.0,7.0,
156,世界の果て,12.0,16.0,9.0,2.0,17.0,7.0,5.0,,23.0,,,4.0,19.0,4.0,19.0,6.0,4.0,14.0,19.0,11.0,
157,久遠の夢,8.0,4.0,4.0,,6.0,3.0,3.0,,10.0,,,,8.0,4.0,10.0,5.0,1.0,9.0,8.0,2.0,
158,久遠の楽園,8.0,10.0,5.0,1.0,4.0,7.0,6.0,1.0,5.0,,,3.0,13.0,7.0,9.0,4.0,1.0,13.0,13.0,8.0,
159,乙女戦士,9.0,8.0,3.0,1.0,7.0,8.0,5.0,,11.0,,1.0,8.0,9.0,5.0,13.0,12.0,6.0,11.0,9.0,9.0,
160,九月のパンプキン,828.0,372.0,,,749.0,331.0,,,342.0,,,,269.0,,338.0,,,303.0,269.0,476.0,
161,二つの世界,71.0,27.0,31.0,,44.0,23.0,61.0,,28.0,,,52.0,24.0,42.0,18.0,49.0,,21.0,24.0,35.0,
162,二色蓮花蝶,1834.0,1134.0,786.0,205.0,1616.0,995.0,1087.0,127.0,1179.0,149.0,48.0,1089.0,1227.0,1074.0,1328.0,1024.0,640.0,1212.0,1227.0,1280.0,11.0
163,亡き王女の為のセプテット,11644.0,8239.0,4847.0,2262.0,9367.0,5757.0,7331.0,816.0,9498.0,839.0,383.0,6607.0,12140.0,5435.0,12929.0,6770.0,4896.0,11605.0,12140.0,7235.0,81.0
164,亡失のエモーション,1286.0,786.0,1182.0,,1177.0,731.0,,,935.0,,,,958.0,895.0,1006.0,,,931.0,958.0,980.0,
165,人形のある風景,57.0,24.0,49.0,,39.0,19.0,91.0,,16.0,,,123.0,28.0,32.0,20.0,116.0,,13.0,28.0,32.0,
166,人形の森,41.0,47.0,20.0,2.0,51.0,27.0,27.0,5.0,46.0,4.0,5.0,18.0,88.0,28.0,68.0,23.0,8.0,68.0,88.0,29.0,1.0
167,人形裁判,2319.0,1606.0,953.0,640.0,2050.0,1238.0,1641.0,206.0,2007.0,240.0,132.0,1458.0,2288.0,1138.0,2485.0,1380.0,1200.0,2154.0,2288.0,1529.0,40.0
168,人恋し神様,326.0,247.0,259.0,74.0,278.0,180.0,433.0,,249.0,,,404.0,313.0,192.0,301.0,371.0,218.0,281.0,313.0,243.0,
169,人気のある場所,15.0,9.0,13.0,,13.0,8.0,,,3.0,,,,8.0,8.0,14.0,,,7.0,8.0,11.0,
170,人気のない場所,12.0,3.0,3.0,,5.0,4.0,,,4.0,,,,4.0,2.0,6.0,,,7.0,4.0,,
171,今昔幻想郷,772.0,463.0,530.0,332.0,696.0,361.0,1071.0,249.0,612.0,,,997.0,716.0,491.0,722.0,1104.0,754.0,648.0,716.0,461.0,
172,以魚駆蠅,13.0,8.0,6.0,,8.0,2.0,5.0,,8.0,,,8.0,13.0,3.0,8.0,9.0,10.0,9.0,13.0,7.0,
173,仰空,160.0,87.0,79.0,9.0,151.0,76.0,68.0,14.0,71.0,,,59.0,51.0,109.0,71.0,56.0,31.0,71.0,51.0,87.0,
174,伝説の巨神,12.0,5.0,8.0,,10.0,4.0,15.0,,8.0,,,41.0,12.0,7.0,14.0,29.0,,10.0,12.0,11.0,
175,佐渡の二ッ岩,971.0,492.0,700.0,,731.0,388.0,1472.0,,444.0,,,,521.0,530.0,532.0,,,594.0,521.0,558.0,
176,価値がわからない,4.0,6.0,,,6.0,8.0,,,2.0,,,,3.0,1.0,5.0,,,4.0,3.0,4.0,
177,信仰は儚き人間の為に,3461.0,2446.0,2014.0,1180.0,2724.0,1681.0,3139.0,,2467.0,,,3425.0,3019.0,1745.0,2860.0,3280.0,2562.0,2965.0,3019.0,2177.0,
178,兎は舞い降りた,518.0,535.0,,,697.0,396.0,,,471.0,,,,476.0,,511.0,,,521.0,476.0,422.0,
179,公正なる奪い合い,36.0,14.0,,,25.0,8.0,,,8.0,,,,6.0,17.0,12.0,,,8.0,6.0,18.0,
180,六十年目の東方裁判,2395.0,1780.0,1030.0,586.0,1913.0,1307.0,1273.0,440.0,2016.0,,,1380.0,2209.0,1073.0,2419.0,1145.0,1039.0,2183.0,2209.0,1660.0,
181,冷吟閑酔,19.0,32.0,10.0,,9.0,17.0,13.0,,41.0,,,9.0,192.0,6.0,41.0,19.0,13.0,112.0,192.0,15.0,
182,凍り付いた永遠の都,758.0,437.0,,,619.0,380.0,,,441.0,,,,576.0,,527.0,,,563.0,576.0,480.0,
183,勝利デモ,5.0,5.0,1.0,,1.0,1.0,5.0,,1.0,,1.0,2.0,4.0,0.0,5.0,3.0,1.0,5.0,4.0,7.0,
184,千年幻想郷,3552.0,2398.0,1761.0,1173.0,2883.0,1904.0,2659.0,438.0,2765.0,633.0,,2639.0,4324.0,2029.0,3303.0,2539.0,2434.0,3790.0,4324.0,2321.0,
185,博麗,49.0,46.0,27.0,6.0,34.0,32.0,43.0,5.0,34.0,7.0,1.0,30.0,56.0,21.0,50.0,30.0,27.0,52.0,56.0,32.0,1.0
186,博麗神社境内,50.0,27.0,18.0,3.0,39.0,17.0,36.0,5.0,23.0,1.0,,18.0,29.0,31.0,31.0,26.0,14.0,25.0,29.0,18.0,
187,厄神様の通り道,1373.0,856.0,805.0,825.0,1110.0,653.0,1523.0,,1007.0,,,1528.0,1284.0,649.0,1439.0,1529.0,1304.0,1324.0,1284.0,886.0,
188,反則の狼煙を上げろ,90.0,53.0,,,70.0,34.0,,,47.0,,,,42.0,38.0,54.0,,,53.0,42.0,60.0,
189,古きユアンシェン,1883.0,1140.0,1262.0,,1483.0,826.0,2338.0,,982.0,,,,803.0,1026.0,1109.0,,,933.0,803.0,1149.0,
190,古の冥界寺,25.0,46.0,16.0,5.0,29.0,26.0,15.0,3.0,32.0,5.0,,22.0,28.0,21.0,32.0,10.0,6.0,34.0,28.0,34.0,
191,可愛い大戦争のリフレーン,170.0,109.0,152.0,,141.0,76.0,269.0,,97.0,,,115.0,104.0,85.0,107.0,469.0,,86.0,104.0,97.0,
192,可能性を信じて,5.0,3.0,,,3.0,2.0,,,2.0,,,,2.0,0.0,8.0,,,6.0,2.0,4.0,
193,各々の結末,9.0,8.0,,,9.0,3.0,,,3.0,,,,5.0,4.0,7.0,,,4.0,5.0,3.0,
194,向こう側の月,118.0,150.0,46.0,15.0,105.0,102.0,65.0,,139.0,,,41.0,236.0,52.0,115.0,60.0,27.0,198.0,236.0,92.0,
195,君はあの影を見たか,292.0,193.0,200.0,,292.0,159.0,364.0,,139.0,,,496.0,135.0,170.0,162.0,451.0,,160.0,135.0,217.0,
196,呑んべぇのレムリア,142.0,111.0,101.0,31.0,141.0,86.0,155.0,,93.0,,,162.0,85.0,77.0,104.0,153.0,155.0,90.0,85.0,116.0,
197,嘲りの遊戯,26.0,12.0,21.0,,28.0,16.0,20.0,,16.0,,,19.0,33.0,14.0,25.0,31.0,30.0,18.0,33.0,21.0,
198,地の色は黄色,363.0,241.0,171.0,,303.0,226.0,276.0,,211.0,,,209.0,396.0,189.0,526.0,235.0,235.0,401.0,396.0,390.0,
199,地霊達の帰宅,43.0,31.0,21.0,,43.0,31.0,29.0,,38.0,,,29.0,49.0,17.0,57.0,41.0,45.0,39.0,49.0,31.0,
200,地霊達の起床,97.0,86.0,50.0,,79.0,77.0,67.0,,64.0,,,78.0,107.0,52.0,93.0,75.0,119.0,87.0,107.0,71.0,
201,塵界不変のペシミズム,34.0,33.0,26.0,,18.0,18.0,,,53.0,,,,81.0,24.0,28.0,,,76.0,81.0,15.0,
202,夏明き,6.0,2.0,3.0,1.0,8.0,6.0,1.0,2.0,10.0,,,2.0,23.0,3.0,15.0,2.0,3.0,23.0,23.0,4.0,
203,外界フォークロア,91.0,58.0,,,75.0,49.0,,,61.0,,,,36.0,45.0,56.0,,,33.0,36.0,93.0,
204,夜が降りてくる,975.0,880.0,537.0,270.0,884.0,692.0,793.0,308.0,734.0,,,754.0,799.0,585.0,963.0,754.0,514.0,854.0,799.0,1095.0,
205,夜だから眠れない,86.0,52.0,52.0,19.0,64.0,57.0,73.0,,75.0,,,61.0,94.0,53.0,79.0,52.0,43.0,80.0,94.0,45.0,
206,夜のデンデラ野を逝く,172.0,126.0,79.0,13.0,147.0,76.0,130.0,21.0,96.0,25.0,,78.0,149.0,80.0,141.0,105.0,56.0,125.0,149.0,120.0,
207,夜の鳩山を飛ぶ,65.0,40.0,34.0,9.0,44.0,41.0,45.0,6.0,59.0,5.0,,46.0,38.0,30.0,59.0,38.0,42.0,44.0,38.0,41.0,
208,夜空のユーフォーロマンス,717.0,519.0,507.0,,610.0,443.0,595.0,,470.0,,,898.0,509.0,477.0,543.0,739.0,,505.0,509.0,498.0,
209,夜雀の歌声,418.0,291.0,188.0,60.0,347.0,241.0,315.0,47.0,299.0,55.0,,258.0,417.0,213.0,354.0,270.0,168.0,393.0,417.0,287.0,
210,夢と現の境界,128.0,100.0,73.0,10.0,129.0,95.0,90.0,15.0,87.0,,,49.0,88.0,82.0,97.0,67.0,29.0,107.0,88.0,98.0,
211,夢は時空を越えて,115.0,75.0,57.0,21.0,87.0,40.0,82.0,1.0,79.0,1.0,1.0,70.0,84.0,64.0,76.0,94.0,56.0,69.0,84.0,67.0,
212,夢幻回廊,82.0,85.0,26.0,1.0,47.0,37.0,13.0,1.0,82.0,1.0,,9.0,78.0,29.0,84.0,10.0,13.0,95.0,78.0,45.0,1.0
213,夢幻遊戯,30.0,43.0,20.0,9.0,36.0,32.0,27.0,5.0,45.0,3.0,2.0,25.0,47.0,21.0,59.0,33.0,15.0,51.0,47.0,32.0,2.0
214,夢想時空,30.0,28.0,22.0,6.0,28.0,20.0,17.0,3.0,38.0,2.0,3.0,18.0,37.0,10.0,33.0,23.0,9.0,23.0,37.0,16.0,1.0
215,夢機械,7.0,10.0,4.0,1.0,4.0,2.0,2.0,,15.0,4.0,1.0,1.0,12.0,3.0,9.0,2.0,4.0,8.0,12.0,5.0,2.0
216,夢殿大祀廟,269.0,354.0,182.0,,265.0,239.0,283.0,,353.0,,,,360.0,176.0,375.0,,,371.0,360.0,260.0,
217,夢消失,1040.0,861.0,647.0,168.0,925.0,581.0,934.0,39.0,781.0,26.0,12.0,853.0,899.0,563.0,816.0,873.0,711.0,895.0,899.0,715.0,5.0
218,大神神話伝,534.0,479.0,381.0,,585.0,328.0,781.0,,619.0,,,,496.0,337.0,622.0,,,505.0,496.0,434.0,
219,大空魔術,205.0,189.0,109.0,38.0,201.0,116.0,161.0,,149.0,,,133.0,178.0,113.0,146.0,157.0,84.0,171.0,178.0,151.0,
220,天使伝説,23.0,25.0,8.0,1.0,24.0,20.0,18.0,,35.0,,,10.0,56.0,11.0,36.0,17.0,4.0,28.0,56.0,27.0,
221,天狗が見ている,96.0,81.0,52.0,47.0,93.0,61.0,62.0,,85.0,,,78.0,62.0,52.0,80.0,76.0,82.0,67.0,62.0,65.0,
222,天狗の手帖,88.0,73.0,31.0,24.0,72.0,57.0,34.0,,70.0,,,32.0,67.0,27.0,65.0,30.0,28.0,72.0,67.0,67.0,
223,天空のグリニッジ,2485.0,1538.0,1617.0,180.0,2078.0,1061.0,1859.0,,1261.0,,,1222.0,1108.0,1562.0,1322.0,1370.0,812.0,1147.0,1108.0,1457.0,
224,天空の花の都,908.0,950.0,438.0,233.0,790.0,659.0,684.0,126.0,876.0,131.0,87.0,551.0,1125.0,545.0,958.0,599.0,420.0,1161.0,1125.0,691.0,
225,天空アーミー,36.0,7.0,17.0,6.0,25.0,7.0,38.0,4.0,23.0,1.0,6.0,26.0,22.0,12.0,42.0,36.0,20.0,22.0,22.0,24.0,
226,天衣無縫,373.0,362.0,291.0,,395.0,347.0,552.0,,380.0,,,460.0,536.0,260.0,688.0,563.0,400.0,534.0,536.0,525.0,
227,天鳥船神社,49.0,51.0,42.0,,52.0,29.0,,,69.0,,,,48.0,39.0,56.0,,,54.0,48.0,49.0,
228,天鳥船神社の結界,61.0,56.0,50.0,,49.0,26.0,,,61.0,,,,76.0,29.0,71.0,,,83.0,76.0,45.0,
229,天鵞絨少女戦,41.0,38.0,33.0,15.0,42.0,34.0,46.0,8.0,34.0,6.0,4.0,36.0,30.0,30.0,35.0,43.0,21.0,21.0,30.0,30.0,
230,妖々夢,360.0,331.0,108.0,36.0,315.0,210.0,170.0,23.0,533.0,30.0,15.0,123.0,676.0,133.0,727.0,131.0,86.0,616.0,676.0,243.0,1.0
231,妖々跋扈,874.0,533.0,452.0,153.0,769.0,431.0,731.0,67.0,574.0,108.0,65.0,697.0,771.0,543.0,715.0,719.0,498.0,1034.0,771.0,544.0,
232,妖怪の山,2009.0,1449.0,1485.0,651.0,1662.0,1074.0,2355.0,,1394.0,,,1268.0,1597.0,1171.0,1500.0,2193.0,1138.0,1475.0,1597.0,1304.0,
233,妖怪モダンコロニー,162.0,107.0,129.0,,135.0,97.0,278.0,,121.0,,,,77.0,95.0,122.0,416.0,,97.0,77.0,99.0,
234,妖怪宇宙旅行,148.0,99.0,96.0,,104.0,65.0,114.0,,60.0,,,97.0,69.0,83.0,82.0,93.0,91.0,77.0,69.0,86.0,
235,妖怪寺,14.0,3.0,4.0,,9.0,7.0,8.0,,6.0,,,11.0,6.0,5.0,11.0,18.0,,9.0,6.0,7.0,
236,妖怪寺へようこそ,75.0,50.0,52.0,,55.0,44.0,175.0,,58.0,,,,49.0,42.0,55.0,,,58.0,49.0,46.0,
237,妖怪裏参道,234.0,168.0,142.0,,194.0,136.0,273.0,,157.0,,,,131.0,159.0,170.0,,,138.0,131.0,176.0,
238,妖精大戦争,526.0,329.0,316.0,,388.0,256.0,607.0,,237.0,,,,223.0,231.0,254.0,801.0,,235.0,223.0,333.0,
239,妖精燦々として,38.0,36.0,26.0,14.0,32.0,35.0,26.0,,44.0,,,26.0,55.0,36.0,52.0,25.0,19.0,49.0,55.0,33.0,
240,妖魔夜行,2188.0,1633.0,590.0,105.0,1935.0,1192.0,718.0,22.0,1926.0,36.0,11.0,536.0,2478.0,859.0,2906.0,568.0,368.0,2548.0,2478.0,1488.0,6.0
241,始原のビート,2159.0,1266.0,1657.0,,1751.0,1041.0,,,1147.0,,,,1008.0,1280.0,1132.0,,,1127.0,1008.0,1491.0,
242,孤独なウェアウルフ,389.0,173.0,432.0,,323.0,157.0,,,158.0,,,,168.0,218.0,174.0,,,149.0,168.0,251.0,
243,宇宙に浮かぶ幻想郷,41.0,32.0,23.0,,34.0,23.0,,,31.0,,,,32.0,21.0,37.0,,,43.0,32.0,23.0,
244,宇宙を飛ぶ不思議な巫女,440.0,176.0,,,267.0,124.0,,,203.0,,,,200.0,,191.0,,,195.0,200.0,217.0,
245,宇宙巫女帰還する,37.0,24.0,,,25.0,13.0,,,28.0,,,,33.0,,37.0,,,37.0,33.0,18.0,
246,宇宙巫女現る,119.0,90.0,,,87.0,47.0,,,85.0,,,,95.0,,78.0,,,94.0,95.0,70.0,
247,官板黄昏新聞,24.0,17.0,16.0,,15.0,6.0,,,8.0,,,,10.0,10.0,12.0,,,7.0,10.0,6.0,
248,宵闇の魔術師,63.0,32.0,28.0,6.0,51.0,37.0,21.0,9.0,31.0,5.0,,18.0,38.0,37.0,30.0,25.0,14.0,28.0,38.0,40.0,
249,対蹠地の鐘,65.0,31.0,,,61.0,32.0,,,21.0,,,,10.0,33.0,29.0,,,18.0,10.0,58.0,
250,封じられた妖怪,239.0,142.0,160.0,,207.0,117.0,254.0,,166.0,,,228.0,139.0,111.0,173.0,254.0,236.0,147.0,139.0,154.0,
251,封印されし神々,106.0,123.0,61.0,21.0,99.0,87.0,49.0,,144.0,,,61.0,187.0,49.0,192.0,56.0,40.0,160.0,187.0,110.0,
252,封魔終演,8.0,3.0,1.0,1.0,3.0,4.0,2.0,,4.0,,,,7.0,1.0,6.0,2.0,1.0,6.0,7.0,3.0,
253,小さな小さな賢将,650.0,407.0,431.0,,560.0,294.0,828.0,,276.0,,,1599.0,304.0,328.0,375.0,1081.0,,312.0,304.0,373.0,
254,小さな欲望の星空,169.0,116.0,92.0,,131.0,90.0,219.0,,118.0,,,,109.0,108.0,119.0,,,107.0,109.0,105.0,
255,小槌の魔力,20.0,13.0,16.0,,16.0,11.0,,,16.0,,,,19.0,9.0,18.0,,,12.0,19.0,17.0,
256,少女が見た日本の原風景,1598.0,1182.0,968.0,300.0,1272.0,862.0,1354.0,,1104.0,,,1063.0,1443.0,795.0,1228.0,1141.0,750.0,1493.0,1443.0,1047.0,
257,少女さとり,4751.0,2894.0,2731.0,,3634.0,2342.0,4615.0,,2774.0,,,5298.0,4439.0,2487.0,3544.0,4864.0,3869.0,3913.0,4439.0,2820.0,
258,少女幻葬,1222.0,822.0,672.0,389.0,988.0,626.0,1053.0,198.0,882.0,300.0,115.0,939.0,1094.0,593.0,942.0,907.0,770.0,1220.0,1094.0,850.0,
259,少女神性,84.0,83.0,47.0,16.0,77.0,69.0,80.0,14.0,88.0,13.0,2.0,55.0,86.0,48.0,83.0,55.0,33.0,80.0,86.0,64.0,1.0
260,少女秘封倶楽部,1245.0,724.0,686.0,93.0,918.0,574.0,815.0,63.0,674.0,49.0,,531.0,738.0,843.0,703.0,610.0,313.0,748.0,738.0,704.0,
261,少女綺想曲,3142.0,2515.0,1222.0,604.0,2429.0,1586.0,1548.0,292.0,3138.0,269.0,2.0,1286.0,4316.0,1313.0,4031.0,1418.0,1097.0,4158.0,4316.0,1946.0,1.0
262,巨大な影と小さな結末,58.0,20.0,41.0,,42.0,28.0,64.0,,17.0,,,112.0,17.0,32.0,23.0,92.0,,15.0,17.0,33.0,
263,平安のエイリアン,2530.0,1296.0,1505.0,,1949.0,1061.0,2488.0,,1460.0,,,2972.0,1359.0,1251.0,1606.0,2894.0,,1335.0,1359.0,1462.0,
264,年中夢中の好奇心,205.0,141.0,143.0,,150.0,121.0,271.0,,109.0,,,,105.0,102.0,114.0,257.0,,110.0,105.0,125.0,
265,幻夢界,17.0,16.0,9.0,,16.0,17.0,13.0,,18.0,,,5.0,33.0,4.0,22.0,8.0,2.0,25.0,33.0,17.0,
266,幻想の住人,3.0,4.0,,,0.0,3.0,1.0,,6.0,,,1.0,7.0,0.0,3.0,1.0,1.0,4.0,7.0,9.0,
267,幻想の永遠祭,27.0,29.0,15.0,7.0,34.0,29.0,19.0,4.0,24.0,11.0,,20.0,22.0,16.0,32.0,19.0,10.0,29.0,22.0,29.0,
268,幻想帝都,10.0,6.0,3.0,,6.0,8.0,6.0,,3.0,,3.0,6.0,8.0,14.0,3.0,5.0,1.0,5.0,8.0,2.0,
269,幻想浄瑠璃,821.0,831.0,668.0,,783.0,580.0,,,760.0,,,,692.0,583.0,668.0,,,789.0,692.0,727.0,
270,幻想科学,108.0,94.0,,,96.0,60.0,,3.0,98.0,4.0,,,135.0,,104.0,,,118.0,135.0,68.0,
271,幻想郷,31.0,34.0,14.0,5.0,26.0,6.0,16.0,1.0,21.0,,,14.0,37.0,16.0,40.0,14.0,8.0,34.0,37.0,20.0,
272,幻想郷の二ッ岩,270.0,92.0,282.0,,200.0,82.0,,,72.0,,,,77.0,188.0,79.0,,,87.0,77.0,139.0,
273,幻想郷ふしぎ発見,23.0,7.0,,,14.0,7.0,,,82.0,,,,24.0,12.0,37.0,,,24.0,24.0,12.0,
274,幻視の夜,240.0,219.0,104.0,48.0,227.0,146.0,118.0,19.0,222.0,28.0,,103.0,264.0,148.0,251.0,111.0,77.0,254.0,264.0,199.0,
275,幼心地の有頂天,737.0,473.0,478.0,,628.0,400.0,752.0,,450.0,,,731.0,418.0,408.0,447.0,766.0,668.0,440.0,418.0,606.0,
276,幽境,8.0,4.0,2.0,2.0,3.0,3.0,,,10.0,,,3.0,9.0,3.0,6.0,3.0,1.0,6.0,9.0,1.0,
277,幽夢,630.0,388.0,376.0,131.0,480.0,297.0,562.0,24.0,382.0,14.0,7.0,496.0,443.0,343.0,432.0,605.0,375.0,393.0,443.0,369.0,2.0
278,幽玄の槭樹,136.0,156.0,,,137.0,116.0,,,176.0,,,,212.0,,193.0,,,179.0,212.0,137.0,
279,幽雅に咲かせ、墨染の桜,7640.0,5051.0,3836.0,2620.0,5874.0,3625.0,6261.0,1210.0,5403.0,1185.0,334.0,6071.0,5782.0,3862.0,6023.0,5830.0,4831.0,5894.0,5782.0,4710.0,
280,幽霊客船の時空を越えた旅,840.0,745.0,568.0,,673.0,473.0,968.0,,756.0,,,1565.0,715.0,512.0,794.0,1375.0,,754.0,715.0,608.0,
281,幽霊楽団,4775.0,3081.0,2165.0,1654.0,3744.0,2336.0,3600.0,838.0,5082.0,1080.0,448.0,3401.0,4361.0,2318.0,5491.0,3154.0,2959.0,4832.0,4361.0,2996.0,
282,広有射怪鳥事,1735.0,1723.0,706.0,212.0,1597.0,1003.0,1195.0,96.0,2395.0,136.0,78.0,1007.0,2581.0,827.0,2699.0,999.0,671.0,2585.0,2581.0,1255.0,
283,廃獄ララバイ,1851.0,1399.0,1114.0,,1525.0,1133.0,1752.0,,1287.0,,,1361.0,1544.0,1043.0,1389.0,1617.0,1028.0,1479.0,1544.0,1324.0,
284,彼岸帰航,868.0,627.0,438.0,378.0,755.0,491.0,766.0,315.0,593.0,,,848.0,617.0,459.0,653.0,748.0,841.0,608.0,617.0,551.0,
285,御伽の国の鬼が島,674.0,501.0,426.0,214.0,572.0,386.0,717.0,237.0,558.0,,,773.0,478.0,428.0,539.0,782.0,521.0,516.0,478.0,509.0,
286,御柱の墓場,370.0,240.0,269.0,205.0,304.0,178.0,502.0,,229.0,,,500.0,238.0,215.0,276.0,452.0,459.0,229.0,238.0,229.0,
287,心揺さぶる都市伝説,57.0,26.0,,,49.0,20.0,,,21.0,,,,25.0,44.0,26.0,,,23.0,25.0,38.0,
288,心綺楼囃子,226.0,227.0,218.0,,173.0,130.0,,,206.0,,,,139.0,154.0,171.0,,,202.0,139.0,194.0,
289,忘れがたき、よすがの緑,341.0,151.0,,,233.0,166.0,,,123.0,,,,192.0,,131.0,,,232.0,192.0,177.0,
290,怪綺談,17.0,13.0,6.0,1.0,9.0,9.0,14.0,3.0,20.0,5.0,1.0,9.0,26.0,16.0,25.0,16.0,9.0,20.0,26.0,14.0,1.0
291,恋色マスタースパーク,5129.0,4110.0,1772.0,1281.0,4114.0,2524.0,2459.0,659.0,5861.0,1112.0,,2493.0,8785.0,2227.0,7883.0,2143.0,2162.0,7479.0,8785.0,3026.0,
292,悠久の蒸気機関,429.0,356.0,317.0,,357.0,321.0,571.0,,263.0,,,784.0,228.0,225.0,239.0,682.0,,249.0,228.0,492.0,
293,悲しき人形,131.0,108.0,48.0,11.0,112.0,90.0,73.0,10.0,107.0,6.0,3.0,42.0,120.0,70.0,118.0,55.0,30.0,105.0,120.0,103.0,
294,感情の摩天楼,5014.0,2805.0,3827.0,,3638.0,2221.0,6328.0,,2756.0,,,5591.0,3122.0,3213.0,2956.0,6344.0,,3107.0,3122.0,2996.0,
295,懐かしき東方の血,1100.0,713.0,534.0,270.0,923.0,562.0,936.0,133.0,743.0,215.0,,784.0,1044.0,584.0,1044.0,890.0,614.0,933.0,1044.0,742.0,
296,戦車むすめのみるゆめ,85.0,75.0,29.0,14.0,85.0,52.0,43.0,5.0,52.0,2.0,2.0,33.0,63.0,36.0,63.0,35.0,31.0,68.0,63.0,55.0,1.0
297,戦迅,70.0,24.0,31.0,19.0,58.0,20.0,45.0,22.0,17.0,,,49.0,17.0,25.0,30.0,55.0,25.0,19.0,17.0,29.0,
298,放縦不羈,9.0,3.0,6.0,,2.0,1.0,8.0,,6.0,,,10.0,14.0,7.0,13.0,15.0,5.0,3.0,14.0,5.0,
299,故郷の星が映る海,1229.0,1070.0,,,1034.0,747.0,,,1140.0,,,,1341.0,,1106.0,,,1272.0,1341.0,883.0,
300,新幻想,12.0,10.0,9.0,,6.0,5.0,10.0,,11.0,,,1.0,13.0,8.0,19.0,8.0,2.0,22.0,13.0,8.0,
301,日常坐臥,19.0,10.0,6.0,,15.0,9.0,6.0,,12.0,,,9.0,17.0,6.0,12.0,11.0,9.0,7.0,17.0,9.0,
302,日本中の不思議を集めて,151.0,194.0,86.0,,143.0,125.0,,,167.0,,,,159.0,89.0,154.0,,,175.0,159.0,137.0,
303,旧地獄街道を行く,652.0,517.0,375.0,,522.0,348.0,633.0,,660.0,,,590.0,637.0,290.0,728.0,615.0,691.0,674.0,637.0,418.0,
304,明かされる深秘,41.0,19.0,,,26.0,13.0,,,12.0,,,,9.0,10.0,10.0,,,13.0,9.0,19.0,
305,明日ハレの日、ケの昨日,1831.0,1475.0,1149.0,326.0,1626.0,1128.0,1883.0,,1436.0,,,1490.0,1662.0,1082.0,1698.0,1507.0,917.0,1689.0,1662.0,1286.0,
306,明治十七年の上海アリス,1979.0,1827.0,836.0,364.0,1638.0,1236.0,1207.0,192.0,2249.0,319.0,161.0,990.0,3241.0,993.0,3236.0,1005.0,843.0,2958.0,3241.0,1390.0,49.0
307,昔話わんだーらんど,35.0,24.0,11.0,1.0,35.0,23.0,18.0,3.0,21.0,2.0,3.0,7.0,23.0,15.0,24.0,15.0,9.0,25.0,23.0,24.0,2.0
308,星の器,706.0,484.0,387.0,136.0,620.0,352.0,611.0,97.0,481.0,48.0,15.0,659.0,560.0,347.0,567.0,590.0,693.0,594.0,560.0,480.0,5.0
309,星幽剣士,101.0,99.0,,,95.0,76.0,,,102.0,,,,122.0,,112.0,,,107.0,122.0,78.0,
310,星条旗のピエロ,3665.0,1495.0,,,2582.0,1147.0,,,1457.0,,,,1174.0,,1651.0,,,1236.0,1174.0,1780.0,
311,春の氷精,63.0,42.0,27.0,,39.0,29.0,62.0,,59.0,,,,75.0,33.0,54.0,139.0,,59.0,75.0,41.0,
312,春の湊に,2062.0,1519.0,1375.0,,1855.0,1151.0,2119.0,,1130.0,,,1913.0,1273.0,1248.0,1490.0,2124.0,,1485.0,1273.0,1445.0,
313,春色小径,547.0,386.0,337.0,112.0,463.0,325.0,359.0,75.0,325.0,,,327.0,555.0,296.0,556.0,286.0,206.0,559.0,555.0,388.0,
314,春風の夢,34.0,21.0,7.0,2.0,19.0,13.0,11.0,1.0,31.0,2.0,3.0,5.0,76.0,13.0,50.0,10.0,8.0,73.0,76.0,16.0,
315,時の風,14.0,17.0,5.0,2.0,10.0,8.0,11.0,3.0,11.0,1.0,3.0,10.0,20.0,6.0,25.0,11.0,6.0,24.0,20.0,14.0,
316,時代の風の訪れ,6.0,4.0,,,2.0,2.0,,,4.0,,,,5.0,2.0,4.0,,,,5.0,2.0,
317,時代親父とハイカラ少女,324.0,165.0,236.0,,254.0,135.0,227.0,,141.0,,,508.0,150.0,208.0,162.0,349.0,,134.0,150.0,202.0,
318,暁雲,14.0,18.0,13.0,,15.0,16.0,,,11.0,,,,17.0,10.0,11.0,,,12.0,17.0,9.0,
319,暗闇の風穴,276.0,233.0,140.0,,252.0,172.0,189.0,,189.0,,,157.0,213.0,154.0,234.0,215.0,136.0,234.0,213.0,212.0,
320,暮色蒼然,56.0,54.0,51.0,,57.0,39.0,61.0,,55.0,,,46.0,64.0,32.0,72.0,66.0,25.0,70.0,64.0,37.0,
321,最も澄みわたる空と海,177.0,171.0,97.0,36.0,144.0,151.0,124.0,,182.0,,,98.0,399.0,94.0,184.0,100.0,75.0,404.0,399.0,124.0,
322,月の妖鳥、化猫の幻,294.0,168.0,164.0,36.0,210.0,141.0,198.0,31.0,146.0,33.0,,108.0,133.0,201.0,130.0,150.0,102.0,139.0,133.0,177.0,
323,月まで届け、不死の煙,6974.0,4943.0,2669.0,1283.0,5728.0,3416.0,3870.0,493.0,5921.0,724.0,,3934.0,8841.0,3521.0,8154.0,3639.0,3143.0,7901.0,8841.0,4424.0,
324,月時計,4075.0,2937.0,1526.0,781.0,3413.0,1969.0,2328.0,376.0,3757.0,385.0,131.0,2053.0,4882.0,1708.0,5602.0,2171.0,1529.0,4652.0,4882.0,2579.0,45.0
325,月見草,42.0,56.0,11.0,3.0,58.0,41.0,12.0,7.0,54.0,6.0,,18.0,80.0,22.0,69.0,15.0,8.0,84.0,80.0,69.0,
326,月輪,9.0,8.0,1.0,2.0,6.0,1.0,1.0,,18.0,,,,70.0,0.0,14.0,1.0,,14.0,70.0,7.0,
327,月面ツアーへようこそ,236.0,194.0,113.0,64.0,228.0,161.0,132.0,,153.0,,,108.0,205.0,149.0,185.0,121.0,109.0,181.0,205.0,187.0,
328,有頂天変,1649.0,1229.0,915.0,,1339.0,1011.0,1197.0,,1539.0,,,1047.0,1437.0,858.0,1464.0,1236.0,827.0,1464.0,1437.0,1443.0,
329,未知の花 魅知の旅,238.0,260.0,152.0,,178.0,252.0,330.0,,203.0,,,,227.0,150.0,193.0,,,228.0,227.0,149.0,
330,本日の一面記事,4.0,,5.0,,5.0,1.0,,,5.0,,,,1.0,2.0,3.0,,,3.0,1.0,2.0,
331,東の国の眠らない夜,1392.0,878.0,797.0,569.0,1251.0,796.0,1446.0,,882.0,,,1336.0,788.0,799.0,1046.0,1291.0,1055.0,918.0,788.0,984.0,
332,東方の青い空,2.0,1.0,1.0,,3.0,2.0,1.0,1.0,4.0,,,,4.0,1.0,8.0,,,5.0,4.0,1.0,
333,東方妖々夢,1491.0,1214.0,627.0,374.0,1361.0,869.0,952.0,249.0,1493.0,132.0,54.0,809.0,1445.0,735.0,1801.0,809.0,723.0,1562.0,1445.0,1125.0,
334,東方妖怪小町,566.0,625.0,249.0,131.0,462.0,319.0,391.0,79.0,616.0,149.0,,381.0,646.0,310.0,705.0,448.0,295.0,614.0,646.0,324.0,
335,東方妖恋談,307.0,238.0,229.0,40.0,264.0,175.0,314.0,31.0,234.0,13.0,5.0,391.0,229.0,172.0,241.0,378.0,165.0,247.0,229.0,217.0,1.0
336,東方封魔録,24.0,27.0,8.0,2.0,20.0,17.0,11.0,2.0,43.0,2.0,,8.0,49.0,16.0,31.0,13.0,5.0,33.0,49.0,18.0,
337,東方怪奇談,57.0,55.0,30.0,16.0,57.0,42.0,33.0,20.0,57.0,22.0,24.0,32.0,76.0,30.0,78.0,24.0,21.0,87.0,76.0,45.0,9.0
338,東方緋想天,1070.0,715.0,697.0,,799.0,501.0,900.0,,587.0,,,932.0,791.0,584.0,592.0,913.0,743.0,836.0,791.0,659.0,
339,東方萃夢想,781.0,463.0,443.0,466.0,629.0,373.0,728.0,251.0,411.0,,,810.0,372.0,439.0,390.0,729.0,651.0,458.0,372.0,471.0,
340,柳の下のデュラハン,654.0,255.0,726.0,,484.0,232.0,,,343.0,,,,345.0,355.0,312.0,,,387.0,345.0,341.0,
341,桜花之恋塚,585.0,449.0,428.0,100.0,505.0,331.0,755.0,44.0,486.0,31.0,12.0,441.0,624.0,413.0,458.0,613.0,288.0,567.0,624.0,415.0,
342,森閑,7.0,6.0,5.0,1.0,5.0,6.0,1.0,2.0,6.0,,,6.0,6.0,1.0,7.0,3.0,4.0,6.0,6.0,9.0,
343,業火マントル,331.0,207.0,199.0,,289.0,200.0,308.0,,186.0,,,245.0,186.0,179.0,229.0,303.0,229.0,216.0,186.0,208.0,
344,欲深き霊魂,61.0,56.0,42.0,,59.0,42.0,96.0,,46.0,,,,45.0,25.0,58.0,,,41.0,45.0,52.0,
345,此岸の塚,19.0,18.0,17.0,3.0,18.0,16.0,18.0,5.0,16.0,,,12.0,19.0,13.0,22.0,14.0,8.0,20.0,19.0,10.0,
346,死を賭して,3.0,11.0,2.0,,6.0,3.0,5.0,1.0,6.0,,,4.0,9.0,2.0,4.0,3.0,1.0,7.0,9.0,4.0,
347,死体旅行,784.0,526.0,515.0,,706.0,405.0,944.0,,501.0,,,1113.0,690.0,389.0,582.0,1021.0,1378.0,839.0,690.0,543.0,
348,死霊の夜桜,1031.0,840.0,612.0,,838.0,631.0,967.0,,666.0,,,,640.0,598.0,668.0,,,676.0,640.0,777.0,
349,永夜の報い,483.0,440.0,267.0,74.0,503.0,315.0,271.0,79.0,531.0,118.0,,213.0,795.0,305.0,724.0,247.0,163.0,739.0,795.0,406.0,
350,永夜抄,168.0,161.0,44.0,19.0,149.0,119.0,58.0,10.0,234.0,17.0,,41.0,398.0,59.0,310.0,50.0,30.0,262.0,398.0,124.0,
351,永遠の三日天下,728.0,398.0,,,611.0,372.0,,,418.0,,,,404.0,545.0,369.0,,,417.0,404.0,498.0,
352,永遠の巫女,433.0,461.0,236.0,68.0,424.0,361.0,320.0,54.0,467.0,57.0,17.0,249.0,669.0,260.0,492.0,251.0,114.0,580.0,669.0,385.0,5.0
353,永遠の春夢,1777.0,918.0,,,1142.0,869.0,,,934.0,,,,879.0,,997.0,,,986.0,879.0,1270.0,
354,永遠の満月,20.0,41.0,6.0,3.0,19.0,14.0,12.0,2.0,54.0,2.0,1.0,6.0,66.0,14.0,34.0,6.0,6.0,61.0,66.0,18.0,
355,法界の火,570.0,418.0,359.0,,450.0,315.0,536.0,,336.0,,,528.0,383.0,340.0,357.0,664.0,,341.0,383.0,363.0,
356,渡る者の途絶えた橋,344.0,301.0,205.0,,304.0,217.0,283.0,,263.0,,,298.0,309.0,206.0,293.0,293.0,258.0,298.0,309.0,239.0,
357,湖は浄めの月光を映して,116.0,61.0,,,104.0,60.0,,,86.0,,,,96.0,,90.0,,,100.0,96.0,59.0,
358,満月の竹林,853.0,453.0,963.0,,705.0,399.0,,,352.0,,,,294.0,624.0,348.0,,,332.0,294.0,555.0,
359,演者選択,13.0,1.0,13.0,,10.0,3.0,,,4.0,,,,,10.0,9.0,,,1.0,,,
360,無何有の郷,828.0,612.0,398.0,171.0,717.0,461.0,665.0,88.0,663.0,86.0,28.0,616.0,684.0,444.0,672.0,577.0,404.0,777.0,684.0,554.0,8.0
361,無間の鐘,1197.0,716.0,988.0,,959.0,614.0,1836.0,,639.0,,,,608.0,802.0,574.0,1987.0,,679.0,608.0,754.0,
362,牛に引かれて善光寺参り,123.0,115.0,97.0,,103.0,81.0,,,99.0,,,,117.0,89.0,118.0,,,141.0,117.0,93.0,
363,狂気の瞳,1974.0,1957.0,699.0,323.0,1915.0,1195.0,957.0,134.0,2385.0,184.0,,897.0,2925.0,903.0,3357.0,923.0,824.0,2964.0,2925.0,1668.0,
364,珍客,20.0,8.0,7.0,2.0,17.0,12.0,7.0,4.0,13.0,,,9.0,13.0,10.0,7.0,8.0,8.0,6.0,13.0,13.0,
365,甲論乙駁,111.0,77.0,48.0,,83.0,71.0,46.0,,70.0,,,28.0,82.0,50.0,64.0,25.0,9.0,62.0,82.0,88.0,
366,真夜中のフェアリーダンス,438.0,349.0,184.0,,370.0,257.0,262.0,,293.0,,,,301.0,223.0,278.0,365.0,,289.0,301.0,306.0,
367,真実を知る者,4.0,4.0,,,1.0,1.0,,,3.0,,,,4.0,2.0,3.0,,,5.0,4.0,2.0,
368,真紅の少女,30.0,25.0,18.0,8.0,25.0,19.0,16.0,1.0,39.0,1.0,1.0,11.0,26.0,10.0,42.0,20.0,9.0,24.0,26.0,22.0,
369,眠れる恐怖,232.0,161.0,174.0,115.0,203.0,110.0,319.0,42.0,189.0,18.0,5.0,312.0,232.0,119.0,235.0,322.0,276.0,200.0,232.0,165.0,3.0
370,砕月,5037.0,3820.0,2191.0,736.0,4108.0,2796.0,3471.0,273.0,3693.0,,,2805.0,4606.0,2410.0,5380.0,3476.0,1928.0,4759.0,4606.0,3460.0,
371,破邪の小太刀,23.0,17.0,10.0,5.0,22.0,13.0,19.0,4.0,14.0,2.0,2.0,9.0,20.0,3.0,13.0,15.0,12.0,16.0,20.0,18.0,
372,神々が恋した幻想郷,6171.0,4455.0,3538.0,1105.0,5050.0,3196.0,5362.0,,5425.0,,,3313.0,8361.0,3366.0,7015.0,3972.0,2553.0,6786.0,8361.0,3862.0,
373,神さびた古戦場,1888.0,1120.0,1302.0,1036.0,1361.0,854.0,2410.0,,1120.0,,,3143.0,1219.0,1010.0,1333.0,2626.0,2483.0,1297.0,1219.0,1158.0,
374,神は恵みの雨を降らす,68.0,60.0,23.0,24.0,50.0,38.0,55.0,,52.0,,,78.0,103.0,34.0,64.0,58.0,47.0,88.0,103.0,47.0,
375,神域のかくれんぼ暮らし,32.0,16.0,19.0,,23.0,19.0,19.0,,14.0,,,,17.0,12.0,12.0,22.0,,23.0,17.0,10.0,
376,神社,4.0,4.0,1.0,,3.0,6.0,3.0,,2.0,,,2.0,6.0,1.0,10.0,3.0,,5.0,6.0,3.0,
377,神社から見える月,16.0,24.0,,,13.0,10.0,,,27.0,,,,38.0,,30.0,,,34.0,38.0,16.0,
378,神社の新しい風,5.0,3.0,4.0,,2.0,,3.0,,6.0,,,,5.0,1.0,10.0,,,5.0,5.0,3.0,
379,神話幻想,364.0,285.0,224.0,93.0,291.0,204.0,303.0,75.0,260.0,14.0,6.0,238.0,390.0,200.0,287.0,260.0,179.0,284.0,390.0,253.0,3.0
380,禁じざるをえない遊戯,99.0,64.0,40.0,19.0,95.0,53.0,36.0,11.0,65.0,8.0,4.0,39.0,59.0,49.0,64.0,35.0,24.0,51.0,59.0,80.0,
381,禁断の魔法,32.0,34.0,11.0,11.0,29.0,33.0,17.0,2.0,23.0,3.0,5.0,26.0,38.0,18.0,32.0,16.0,9.0,35.0,38.0,21.0,2.0
382,禍機,8.0,10.0,3.0,1.0,9.0,5.0,1.0,1.0,11.0,,,4.0,9.0,3.0,11.0,1.0,2.0,8.0,9.0,4.0,
383,秋霜玉,9.0,13.0,6.0,,12.0,6.0,2.0,,12.0,,,3.0,14.0,16.0,17.0,2.0,2.0,15.0,14.0,5.0,
384,科学世紀の少年少女,109.0,76.0,51.0,14.0,59.0,53.0,61.0,16.0,83.0,,,38.0,103.0,59.0,78.0,54.0,31.0,111.0,103.0,70.0,
385,秘境のマーメイド,303.0,209.0,181.0,,299.0,171.0,,,207.0,,,,172.0,157.0,203.0,,,172.0,172.0,197.0,
386,稀翁玉,6.0,7.0,2.0,1.0,1.0,2.0,5.0,,5.0,3.0,,1.0,4.0,5.0,4.0,2.0,3.0,13.0,4.0,4.0,
387,稲田姫様に叱られるから,1293.0,1003.0,845.0,369.0,1261.0,739.0,1473.0,,1074.0,,,1455.0,1127.0,715.0,1297.0,1444.0,696.0,1126.0,1127.0,921.0,
388,空に浮かぶ物体X,33.0,28.0,14.0,,25.0,20.0,55.0,,13.0,,,102.0,23.0,14.0,24.0,75.0,,24.0,23.0,23.0,
389,空の帰り道,80.0,70.0,57.0,,83.0,51.0,133.0,,65.0,,,219.0,89.0,65.0,70.0,191.0,,74.0,89.0,57.0,
390,空中に沈む輝針城,414.0,263.0,425.0,,353.0,221.0,,,246.0,,,,356.0,287.0,263.0,,,275.0,356.0,290.0,
391,空飛ぶ巫女の不思議な毎日,116.0,159.0,78.0,27.0,120.0,101.0,87.0,23.0,161.0,22.0,15.0,56.0,257.0,105.0,190.0,56.0,41.0,230.0,257.0,106.0,5.0
392,童祭,1114.0,975.0,669.0,247.0,907.0,647.0,958.0,98.0,926.0,,,608.0,1151.0,645.0,886.0,613.0,375.0,1050.0,1151.0,707.0,
393,竹取飛翔,3758.0,2730.0,1628.0,946.0,2960.0,1874.0,2551.0,403.0,3212.0,473.0,,2361.0,4379.0,1846.0,3381.0,2323.0,1837.0,3570.0,4379.0,2491.0,
394,竹林インフレイム,150.0,94.0,,,193.0,113.0,,,90.0,,,,67.0,58.0,95.0,,,73.0,67.0,76.0,
395,紅より儚い永遠,159.0,183.0,40.0,10.0,151.0,114.0,58.0,3.0,268.0,3.0,5.0,27.0,397.0,70.0,350.0,33.0,17.0,336.0,397.0,131.0,3.0
396,紅夜,16.0,5.0,1.0,1.0,9.0,5.0,5.0,3.0,15.0,,,5.0,16.0,5.0,14.0,4.0,6.0,10.0,16.0,6.0,
397,紅楼,1257.0,1216.0,533.0,147.0,1075.0,881.0,861.0,88.0,1082.0,51.0,17.0,654.0,2839.0,673.0,2905.0,659.0,437.0,2881.0,2839.0,914.0,2.0
398,紅響曲,67.0,48.0,23.0,3.0,55.0,39.0,35.0,3.0,39.0,4.0,3.0,12.0,45.0,27.0,72.0,19.0,11.0,66.0,45.0,34.0,
399,素敵な墓場で暮しましょ,312.0,227.0,236.0,,284.0,182.0,340.0,,274.0,,,,220.0,215.0,257.0,,,224.0,220.0,225.0,
400,綿月のスペルカード,95.0,79.0,58.0,,96.0,61.0,75.0,,130.0,,,79.0,123.0,64.0,138.0,56.0,41.0,120.0,123.0,78.0,
401,緋想天,477.0,417.0,235.0,,381.0,278.0,377.0,,344.0,,,355.0,459.0,210.0,332.0,405.0,338.0,469.0,459.0,360.0,
402,緑のサナトリウム,177.0,98.0,111.0,,136.0,80.0,,,90.0,,,,89.0,107.0,90.0,,,104.0,89.0,113.0,
403,緑眼のジェラシー,1682.0,1085.0,915.0,,1376.0,783.0,1323.0,,920.0,,,1521.0,1109.0,894.0,1125.0,1391.0,1304.0,1030.0,1109.0,997.0,
404,聖徳伝説,2259.0,1476.0,1688.0,,1657.0,933.0,2701.0,,1524.0,,,,1493.0,1381.0,1691.0,,,1569.0,1493.0,1392.0,
405,芥川龍之介の河童,2082.0,1389.0,1117.0,611.0,1654.0,1046.0,1783.0,,1404.0,,,1645.0,1498.0,1040.0,1971.0,1894.0,1297.0,1501.0,1498.0,1286.0,
406,花の映る塚,53.0,41.0,8.0,3.0,34.0,27.0,18.0,8.0,53.0,,,21.0,51.0,19.0,34.0,18.0,9.0,44.0,51.0,26.0,
407,花は幻想のままに,223.0,232.0,77.0,47.0,193.0,163.0,115.0,25.0,231.0,,,103.0,303.0,117.0,236.0,110.0,77.0,264.0,303.0,182.0,
408,花映塚,108.0,118.0,63.0,21.0,103.0,88.0,62.0,8.0,127.0,,,43.0,130.0,57.0,159.0,64.0,42.0,129.0,130.0,83.0,
409,華のさかづき大江山,819.0,485.0,462.0,,648.0,340.0,861.0,,423.0,,,1025.0,444.0,399.0,514.0,940.0,1315.0,395.0,444.0,485.0,
410,華の幻想,12.0,9.0,1.0,,8.0,6.0,2.0,,11.0,,,1.0,11.0,7.0,9.0,2.0,1.0,7.0,11.0,7.0,
411,華狭間のバトルフィールド,829.0,289.0,,,467.0,224.0,,,322.0,,,,272.0,758.0,332.0,,,309.0,272.0,353.0,
412,華胥の夢,59.0,60.0,24.0,9.0,50.0,44.0,35.0,7.0,48.0,,,21.0,98.0,28.0,67.0,29.0,17.0,77.0,98.0,49.0,
413,萃夢想,652.0,538.0,334.0,136.0,531.0,358.0,412.0,72.0,413.0,,,496.0,423.0,274.0,533.0,548.0,216.0,483.0,423.0,410.0,
414,蓬莱伝説,768.0,691.0,324.0,121.0,629.0,534.0,435.0,61.0,690.0,55.0,23.0,279.0,1395.0,442.0,795.0,271.0,224.0,1092.0,1395.0,571.0,2.0
415,蓬莱幻想,57.0,57.0,23.0,8.0,44.0,51.0,20.0,5.0,73.0,2.0,,14.0,132.0,33.0,97.0,20.0,20.0,78.0,132.0,48.0,
416,虎柄の毘沙門天,897.0,380.0,711.0,,642.0,324.0,999.0,,336.0,,,1419.0,301.0,505.0,377.0,1272.0,,327.0,301.0,428.0,
417,蠢々秋月,419.0,259.0,154.0,106.0,374.0,238.0,249.0,63.0,376.0,83.0,,220.0,426.0,210.0,444.0,232.0,179.0,410.0,426.0,271.0,
418,衛星カフェテラス,391.0,413.0,212.0,65.0,354.0,309.0,273.0,,371.0,,,166.0,454.0,240.0,345.0,251.0,115.0,424.0,454.0,302.0,
419,衛星トリフネ,182.0,141.0,172.0,,149.0,88.0,,,103.0,,,,111.0,135.0,127.0,,,94.0,111.0,112.0,
420,装飾戦,31.0,28.0,20.0,3.0,40.0,36.0,16.0,,36.0,,1.0,14.0,29.0,28.0,36.0,23.0,5.0,39.0,29.0,32.0,
421,裏切りの少女,135.0,88.0,81.0,18.0,128.0,72.0,94.0,15.0,107.0,6.0,4.0,106.0,133.0,73.0,118.0,104.0,71.0,110.0,133.0,76.0,2.0
422,裏心,1.0,5.0,,1.0,6.0,1.0,,,4.0,,,,6.0,0.0,5.0,,1.0,5.0,6.0,,
423,見た事も無い悪夢の世界,493.0,280.0,,,370.0,214.0,,,316.0,,,,327.0,,350.0,,,337.0,327.0,320.0,
424,赤より紅い夢,594.0,645.0,128.0,29.0,528.0,392.0,104.0,14.0,1168.0,11.0,9.0,67.0,1744.0,203.0,1579.0,74.0,50.0,1490.0,1744.0,433.0,
425,踊る水飛沫,98.0,73.0,50.0,,96.0,59.0,72.0,,95.0,,,54.0,110.0,60.0,76.0,47.0,58.0,110.0,110.0,85.0,
426,車椅子の未来宇宙,482.0,356.0,309.0,93.0,407.0,301.0,426.0,,311.0,,,308.0,341.0,336.0,307.0,365.0,255.0,361.0,341.0,317.0,
427,輝く針の小人族,5631.0,3490.0,2852.0,,3939.0,2722.0,,,2988.0,,,,2670.0,3663.0,2709.0,,,2795.0,2670.0,3558.0,
428,逆転するホイールオブフォーチュン,947.0,444.0,,,684.0,346.0,,,516.0,,,,473.0,,596.0,,,470.0,473.0,473.0,
429,運命のダークサイド,2062.0,1199.0,941.0,614.0,1785.0,899.0,1930.0,,1114.0,,,1985.0,1172.0,901.0,1658.0,2069.0,1413.0,1295.0,1172.0,1222.0,
430,運河を行き交う人妖,60.0,54.0,78.0,,69.0,35.0,,,50.0,,,,61.0,43.0,51.0,,,53.0,61.0,58.0,
431,遍参,9.0,13.0,5.0,2.0,6.0,6.0,1.0,2.0,9.0,,,5.0,11.0,7.0,14.0,6.0,2.0,12.0,11.0,7.0,
432,過去の花,65.0,75.0,28.0,10.0,53.0,53.0,42.0,6.0,53.0,10.0,,35.0,50.0,52.0,46.0,36.0,34.0,54.0,50.0,49.0,
433,遠野の森,6.0,4.0,6.0,1.0,8.0,4.0,3.0,2.0,5.0,,,4.0,11.0,1.0,6.0,5.0,2.0,9.0,11.0,5.0,
434,遠野幻想物語,2225.0,1372.0,958.0,375.0,1859.0,1135.0,1454.0,166.0,1278.0,159.0,62.0,1205.0,1362.0,1087.0,1470.0,1167.0,765.0,1532.0,1362.0,1496.0,21.0
435,遥か38万キロのボヤージュ,1317.0,716.0,,,953.0,569.0,,,707.0,,,,730.0,,729.0,,,727.0,730.0,723.0,
436,針小棒大の天守閣,51.0,29.0,53.0,,21.0,31.0,,,44.0,,,,31.0,31.0,41.0,,,43.0,31.0,27.0,
437,門前の妖怪小娘,99.0,56.0,45.0,,90.0,47.0,108.0,,67.0,,,,46.0,46.0,64.0,,,56.0,46.0,62.0,
438,閉ざせし雲の通い路,81.0,50.0,35.0,,47.0,44.0,55.0,,66.0,,,67.0,65.0,35.0,70.0,81.0,,56.0,65.0,58.0,
439,阿礼の子供,65.0,53.0,53.0,8.0,62.0,35.0,60.0,,49.0,,,29.0,82.0,43.0,52.0,30.0,20.0,55.0,82.0,49.0,
440,陽落ちて,2.0,1.0,3.0,,5.0,2.0,,,4.0,,,2.0,6.0,5.0,1.0,1.0,,10.0,6.0,3.0,
441,雪月桜花の国,77.0,54.0,47.0,13.0,53.0,51.0,68.0,,59.0,,,49.0,62.0,36.0,48.0,63.0,43.0,66.0,62.0,55.0,
442,雲外蒼天,46.0,24.0,27.0,,51.0,29.0,50.0,,36.0,,,57.0,49.0,29.0,36.0,63.0,69.0,31.0,49.0,28.0,
443,霊人の休日,2.0,5.0,2.0,,3.0,5.0,2.0,,3.0,,,1.0,3.0,0.0,4.0,1.0,,3.0,3.0,3.0,
444,霊天,9.0,15.0,7.0,2.0,14.0,9.0,8.0,1.0,13.0,,,2.0,7.0,8.0,17.0,4.0,3.0,18.0,7.0,13.0,
445,霊戦,58.0,31.0,34.0,7.0,48.0,26.0,62.0,5.0,41.0,1.0,3.0,27.0,38.0,30.0,35.0,38.0,20.0,33.0,38.0,30.0,
446,霊知の太陽信仰,3052.0,1784.0,2207.0,,2246.0,1437.0,4061.0,,1724.0,,,4433.0,2032.0,1689.0,2144.0,4503.0,2580.0,2086.0,2032.0,1857.0,
447,青木ヶ原の伝説,63.0,58.0,40.0,13.0,56.0,50.0,67.0,,58.0,,,47.0,76.0,35.0,63.0,47.0,33.0,80.0,76.0,45.0,
448,青空の影,52.0,53.0,30.0,,47.0,32.0,44.0,,39.0,,,92.0,53.0,28.0,52.0,58.0,,61.0,53.0,38.0,
449,非統一魔法世界論,46.0,25.0,15.0,1.0,33.0,15.0,5.0,3.0,19.0,1.0,,8.0,14.0,17.0,21.0,7.0,2.0,28.0,14.0,22.0,
450,顕現した伝承の形,5.0,6.0,,,4.0,5.0,,,3.0,,,,5.0,3.0,4.0,,,5.0,5.0,5.0,
451,風の循環,85.0,58.0,47.0,51.0,65.0,43.0,76.0,,53.0,,,87.0,70.0,25.0,66.0,95.0,77.0,77.0,70.0,54.0,
452,風の神社,53.0,65.0,20.0,1.0,60.0,41.0,21.0,4.0,87.0,1.0,,10.0,75.0,38.0,80.0,18.0,9.0,79.0,75.0,70.0,
453,風光明媚,7.0,5.0,2.0,,3.0,1.0,4.0,,6.0,,,4.0,10.0,3.0,6.0,5.0,4.0,1.0,10.0,2.0,
454,風神少女,3203.0,1834.0,1554.0,1978.0,2571.0,1380.0,2647.0,951.0,1783.0,,,2469.0,2071.0,1580.0,1997.0,2261.0,2662.0,1908.0,2071.0,1717.0,
455,香る樹葉花,80.0,90.0,28.0,,83.0,69.0,35.0,,81.0,,,40.0,94.0,56.0,79.0,37.0,45.0,91.0,94.0,102.0,
456,魂の休らむ所,7.0,7.0,2.0,1.0,3.0,9.0,3.0,,4.0,,,,20.0,1.0,,3.0,4.0,1.0,20.0,7.0,
457,魂の花,47.0,37.0,17.0,8.0,44.0,32.0,22.0,13.0,41.0,,,20.0,49.0,25.0,34.0,21.0,14.0,47.0,49.0,26.0,
458,魔力の雷雲,82.0,77.0,81.0,,84.0,56.0,,,75.0,,,,105.0,74.0,68.0,,,78.0,105.0,70.0,
459,魔女達の舞踏会,542.0,456.0,312.0,261.0,450.0,331.0,488.0,132.0,479.0,64.0,22.0,471.0,614.0,296.0,602.0,460.0,405.0,584.0,614.0,399.0,8.0
460,魔所,5.0,1.0,1.0,,1.0,,,,6.0,,,,28.0,0.0,10.0,1.0,,6.0,28.0,4.0,
461,魔法使いの憂鬱,280.0,236.0,148.0,,243.0,163.0,154.0,,186.0,,,131.0,236.0,152.0,256.0,136.0,,255.0,236.0,228.0,
462,魔法少女十字軍,345.0,253.0,278.0,130.0,286.0,226.0,441.0,91.0,279.0,71.0,17.0,330.0,263.0,192.0,323.0,378.0,274.0,264.0,263.0,253.0,5.0
463,魔法少女達の百年祭,2594.0,2023.0,875.0,123.0,2376.0,1501.0,1114.0,60.0,2072.0,75.0,67.0,630.0,3010.0,1265.0,3087.0,767.0,434.0,3010.0,3010.0,1884.0,22.0
464,魔法決戦！,19.0,15.0,13.0,6.0,15.0,11.0,12.0,1.0,20.0,2.0,1.0,15.0,21.0,13.0,33.0,9.0,10.0,24.0,21.0,9.0,
465,魔法鐘愛,5.0,6.0,1.0,,10.0,8.0,3.0,2.0,4.0,,,2.0,192.0,2.0,9.0,4.0,3.0,5.0,192.0,8.0,
466,魔法陣,8.0,8.0,3.0,1.0,9.0,5.0,4.0,,6.0,,,2.0,5.0,2.0,7.0,4.0,,8.0,5.0,4.0,
467,魔界地方都市エソテリア,376.0,322.0,239.0,,394.0,241.0,455.0,,302.0,,,491.0,294.0,221.0,324.0,576.0,,304.0,294.0,284.0,
468,魔術師メリー,271.0,178.0,126.0,15.0,215.0,140.0,142.0,9.0,174.0,18.0,,77.0,220.0,153.0,207.0,100.0,45.0,191.0,220.0,174.0,
469,魔鏡,48.0,80.0,31.0,3.0,47.0,48.0,38.0,1.0,69.0,1.0,,21.0,85.0,42.0,72.0,26.0,16.0,60.0,85.0,47.0,
470,麓の神社,41.0,34.0,12.0,9.0,30.0,30.0,25.0,,36.0,,,18.0,56.0,17.0,45.0,22.0,20.0,42.0,56.0,22.0,
471,黒い海に紅く,423.0,249.0,242.0,,371.0,228.0,449.0,,252.0,,,638.0,304.0,234.0,400.0,532.0,789.0,320.0,304.0,256.0,
472,Dr.レイテンシーの眠れなくなる瞳,,91.0,,,115.0,68.0,,,110.0,,,,83.0,,88.0,,,97.0,83.0,89.0,
473,もうドアには入れない,,124.0,,,,97.0,,,114.0,,,,105.0,,111.0,,,122.0,105.0,179.0,
474,アウトサイダーカクテル,,47.0,,,88.0,37.0,,,46.0,,,,57.0,,52.0,,,66.0,57.0,57.0,
475,アンロケイテッドヘル,,1229.0,,,,,,,790.0,,,,566.0,,726.0,,,664.0,566.0,,
476,イントゥ・バックドア,,56.0,,,,61.0,,,54.0,,,,47.0,,66.0,,,49.0,47.0,141.0,
477,エレクトリックヘリテージ,,529.0,,,,,,,332.0,,,,282.0,,319.0,,,274.0,282.0,,
478,クレイジーバックダンサーズ,,1061.0,,,,1013.0,,,1260.0,,,,1091.0,,1109.0,,,907.0,1091.0,1716.0,
479,シュレディンガーの化猫,,176.0,,,232.0,111.0,,,187.0,,,,179.0,,223.0,,,170.0,179.0,146.0,
480,ジェリーストーン,,319.0,,,,,,,164.0,,,,140.0,,148.0,,,126.0,140.0,,
481,スリープシープ・パレード,,51.0,,,,76.0,,,42.0,,,,42.0,,59.0,,,46.0,42.0,161.0,
482,セラフィックチキン,,333.0,,,,,,,194.0,,,,287.0,,458.0,,,318.0,287.0,,
483,セラミックスの杖刀人,,757.0,,,,,,,817.0,,,,374.0,,542.0,,,390.0,374.0,,
484,トータスドラゴン,,275.0,,,,,,,183.0,,,,246.0,,221.0,,,362.0,246.0,,
485,ナイトメアダイアリー,,269.0,,,,378.0,,,275.0,,,,179.0,,258.0,,,209.0,179.0,,
486,バー・オールドアダム,,155.0,,,192.0,138.0,,,144.0,,,,166.0,,193.0,,,161.0,166.0,124.0,
487,ビーストメトロポリス,,480.0,,,,,,,397.0,,,,346.0,,376.0,,,354.0,346.0,,
488,マッシュルーム・ワルツ,,16.0,,,,21.0,,,21.0,,,,28.0,,35.0,,,26.0,28.0,22.0,
489,ルナティックドリーマー,,97.0,,,,175.0,,,91.0,,,,104.0,,138.0,,,86.0,104.0,,
490,ルーシッドドリーマー,,17.0,,,,19.0,,,14.0,,,,24.0,,13.0,,,19.0,24.0,,
491,ロストリバー,,57.0,,,,,,,29.0,,,,23.0,,21.0,,,29.0,23.0,,
492,一対の神獣,,142.0,,,,184.0,,,134.0,,,,158.0,,141.0,,,190.0,158.0,352.0,
493,不朽の曼珠沙華,,52.0,,,,,,,25.0,,,,35.0,,47.0,,,35.0,35.0,,
494,不滅のレッドソウル,,11.0,,,,24.0,,,23.0,,,,14.0,,21.0,,,14.0,14.0,55.0,
495,不自然な自然,,3.0,,,,2.0,,,8.0,,,,6.0,,9.0,,,2.0,6.0,7.0,
496,二日酔いの同床異夢,,124.0,,,169.0,101.0,,,147.0,,,,156.0,,143.0,,,156.0,156.0,116.0,
497,今宵は飄逸なエゴイスト,,2679.0,,,,2468.0,,,2759.0,,,,3269.0,,3317.0,,,3323.0,3269.0,2260.0,
498,他愛も無い二人の博物誌,,567.0,,,655.0,447.0,,,503.0,,,,530.0,,525.0,,,601.0,530.0,551.0,
499,使われなかった場所,,3.0,,,,3.0,,,3.0,,,,3.0,,3.0,,,4.0,3.0,1.0,
500,偶像に世界を委ねて,,5655.0,,,,,,,7107.0,,,,6306.0,,7850.0,,,6775.0,6306.0,,
501,光り輝く天球儀,,14.0,,,,39.0,,,21.0,,,,9.0,,17.0,,,12.0,9.0,26.0,
502,判読眼のビブロフィリア,,311.0,,,399.0,203.0,,,298.0,,,,325.0,,314.0,,,328.0,325.0,297.0,
503,千の試練を超えて,,19.0,,,,16.0,,,23.0,,,,23.0,,22.0,,,29.0,23.0,22.0,
504,地下からの帰還,,12.0,,,,,,,10.0,,,,5.0,,9.0,,,9.0,5.0,,
505,地底に咲く薔薇,,23.0,,,,28.0,,,31.0,,,,67.0,,30.0,,,42.0,67.0,28.0,
506,地蔵だけが知る哀嘆,,178.0,,,,,,,104.0,,,,201.0,,108.0,,,102.0,201.0,,
507,山奥のエンカウンター,,40.0,,,,46.0,,,34.0,,,,28.0,,42.0,,,40.0,28.0,85.0,
508,希望の星は青霄に昇る,,418.0,,,,340.0,,,353.0,,,,291.0,,362.0,,,312.0,291.0,467.0,
509,幻想のホワイトトラベラー,,625.0,,,,623.0,,,524.0,,,,549.0,,644.0,,,577.0,549.0,912.0,
510,恒常不変の参廟祀,,9.0,,,,2.0,,,6.0,,,,8.0,,6.0,,,2.0,8.0,5.0,
511,悪夢日記,,23.0,,,,38.0,,,37.0,,,,39.0,,35.0,,,36.0,39.0,,
512,憑依投合,,2.0,,,,1.0,,,5.0,,,,4.0,,7.0,,,2.0,4.0,3.0,
513,憑依華,,45.0,,,,51.0,,,61.0,,,,51.0,,50.0,,,56.0,51.0,75.0,
514,憑坐は夢と現の間に,,245.0,,,,246.0,,,304.0,,,,542.0,,402.0,,,348.0,542.0,447.0,
515,旧世界の冒険酒場,,32.0,,,71.0,12.0,,,28.0,,,,30.0,,26.0,,,46.0,30.0,35.0,
516,桜舞い散る天空,,65.0,,,,52.0,,,36.0,,,,60.0,,57.0,,,51.0,60.0,89.0,
517,桜色の海を泳いで,,115.0,,,,125.0,,,128.0,,,,108.0,,112.0,,,110.0,108.0,197.0,
518,永遠に続く回廊,,9.0,,,,10.0,,,9.0,,,,10.0,,4.0,,,5.0,10.0,8.0,
519,沢の河童の技術力,,10.0,,,,4.0,,,12.0,,,,13.0,,11.0,,,9.0,13.0,13.0,
520,法力の下の平等,,6.0,,,,4.0,,,9.0,,,,6.0,,8.0,,,3.0,6.0,8.0,
521,深緑の狸森にて,,3.0,,,,4.0,,,4.0,,,,9.0,,4.0,,,3.0,9.0,6.0,
522,燕石博物誌が連れてきた闇,,56.0,,,67.0,42.0,,,43.0,,,,55.0,,44.0,,,49.0,55.0,34.0,
523,物言わぬ獣の霊,,117.0,,,,,,,87.0,,,,90.0,,90.0,,,80.0,90.0,,
524,畜生達の休息,,9.0,,,,,,,7.0,,,,14.0,,7.0,,,4.0,14.0,,
525,白い旅人,,45.0,,,,55.0,,,50.0,,,,59.0,,45.0,,,79.0,59.0,86.0,
526,真夏の妖精の夢,,111.0,,,,116.0,,,134.0,,,,136.0,,150.0,,,119.0,136.0,191.0,
527,知略縦横,,1.0,,,,3.0,,,4.0,,,,4.0,,4.0,,,1.0,4.0,2.0,
528,石の赤子と水中の牛,,76.0,,,,,,,48.0,,,,24.0,,50.0,,,43.0,24.0,,
529,禁忌の膜壁,,35.0,,,74.0,36.0,,,45.0,,,,85.0,,54.0,,,70.0,85.0,61.0,
530,禁断の扉の向こうは、この世かあの世か,,107.0,,,,102.0,,,163.0,,,,163.0,,111.0,,,107.0,163.0,205.0,
531,秘匿されたフォーシーズンズ,,1174.0,,,,1146.0,,,1034.0,,,,1459.0,,1081.0,,,1021.0,1459.0,1772.0,
532,秘神マターラ,,1649.0,,,,1481.0,,,1544.0,,,,1560.0,,1871.0,,,1630.0,1560.0,2017.0,
533,聖徳太子のペガサス,,529.0,,,,,,,480.0,,,,467.0,,520.0,,,664.0,467.0,,
534,聖輦船空を往く,,10.0,,,,7.0,,,12.0,,,,15.0,,5.0,,,8.0,15.0,13.0,
535,色無き風は妖怪の山に,,32.0,,,,34.0,,,32.0,,,,35.0,,35.0,,,25.0,35.0,61.0,
536,落日に映える逆さ城,,11.0,,,,7.0,,,10.0,,,,13.0,,16.0,,,8.0,13.0,16.0,
537,行雲流水,,3.0,,,,3.0,,,10.0,,,,5.0,,1.0,,,6.0,5.0,5.0,
538,輝かしき弱肉強食の掟,,131.0,,,,,,,93.0,,,,143.0,,89.0,,,147.0,143.0,,
539,開演間近,,5.0,,,,9.0,,,3.0,,,,11.0,,12.0,,,11.0,11.0,15.0,
540,須臾はプランクを超えて,,27.0,,,46.0,24.0,,,17.0,,,,31.0,,32.0,,,28.0,31.0,36.0,
541,魔法の笠地蔵,,104.0,,,,125.0,,,78.0,,,,65.0,,76.0,,,78.0,65.0,204.0,
542,Eternal Dream,,,78.0,36.0,,,132.0,26.0,,30.0,,125.0,,101.0,,121.0,98.0,,,,
543,My Maid Sweet Maid,,,7.0,2.0,,,11.0,1.0,9.0,,,4.0,,,18.0,6.0,4.0,10.0,,,
544,幻想機械,,,66.0,27.0,,,99.0,21.0,,,,78.0,,52.0,,80.0,53.0,,,,
545,星幽天使,,,30.0,2.0,,,56.0,,,1.0,,24.0,,36.0,,45.0,19.0,,,,
546,合縁奇縁,,,,,,3.0,,,2.0,,,,4.0,,3.0,,,3.0,4.0,1.0,
547,壮言大語,,,,,,2.0,,,2.0,,,,2.0,,5.0,,,1.0,2.0,2.0,
548,異心同体,,,,,,2.0,,,5.0,,,,4.0,,2.0,,,1.0,4.0,,
549,華の幻想 紅夢の宙,,,,,,,,1.0,,,,,,,,,,,,,
550,あの賑やかな市場は今どこに,,,,,,,,,2195.0,,,,1720.0,,2187.0,,,1802.0,1720.0,,
551,スモーキングドラゴン,,,,,,,,,231.0,,,,205.0,,125.0,,,97.0,205.0,,
552,バンデットリィテクノロジー,,,,,,,,,229.0,,,,120.0,,176.0,,,143.0,120.0,,
553,ルナレインボー,,,,,,,,,224.0,,,,171.0,,215.0,,,148.0,171.0,,
554,大吉キトゥン,,,,,,,,,618.0,,,,299.0,,461.0,,,357.0,299.0,,
555,妖異達の通り雨,,,,,,,,,117.0,,,,70.0,,90.0,,,87.0,70.0,,
556,嵐の後の日曜日,,,,,,,,,3.0,,,,3.0,,3.0,,,3.0,3.0,,
557,幻想の地下大線路網,,,,,,,,,572.0,,,,415.0,,464.0,,,405.0,415.0,,
558,廃れゆく産業遺構,,,,,,,,,312.0,,,,169.0,,262.0,,,192.0,169.0,,
559,待ちわびた逢魔が時,,,,,,,,,697.0,,,,583.0,,666.0,,,643.0,583.0,,
560,意気揚々,,,,,,,,,2.0,,,,1.0,,2.0,,,1.0,1.0,,
561,星降る天魔の山,,,,,,,,,877.0,,,,577.0,,720.0,,,587.0,577.0,,
562,深緑に隠された断崖,,,,,,,,,52.0,,,,32.0,,39.0,,,34.0,32.0,,
563,神代鉱石,,,,,,,,,347.0,,,,125.0,,205.0,,,149.0,125.0,,
564,虹の架かる幻想郷,,,,,,,,,95.0,,,,58.0,,78.0,,,64.0,58.0,,
565,虹色の世界,,,,,,,,,46.0,,,,38.0,,37.0,,,32.0,38.0,,
566,連帯責人,,,,,,,,,3.0,,,,1.0,,1.0,,,2.0,1.0,2.0,
567,駒草咲くパーペチュアルスノー,,,,,,,,,379.0,,,,220.0,,287.0,,,267.0,220.0,,
568,龍王殺しのプリンセス,,,,,,,,,1434.0,,,,658.0,,1032.0,,,643.0,658.0,,
569,恋色マジック,,,,,,,,,,64.0,11.0,,,,,,,,,,2.0
570,100回目のブラックマーケット,,,,,,,,,,,,,81.0,,254.0,,,122.0,81.0,,
571,Mysterious Shrine,,,,,,,,,,,,,14.0,,,,,13.0,14.0,,
572,ひとりぼっちの常陸行路,,,,,,,,,,,,,166.0,,,,,,166.0,,
573,コレクターの憂鬱な午後,,,,,,,,,,,,,83.0,,175.0,,,116.0,83.0,,
574,タイニーシャングリラ,,,,,,,,,,,,,661.0,,,,,1316.0,661.0,,
575,ワクワクする見慣れた幻想郷,,,,,,,,,,,,,19.0,,73.0,,,23.0,19.0,,
576,七ツ石の狼、雲を取りに駆ける,,,,,,,,,,,,,98.0,,90.0,,,107.0,98.0,,
577,七夕坂に朝が来る,,,,,,,,,,,,,233.0,,,,,,233.0,,
578,不等式のティンカーベル,,,,,,,,,,,,,416.0,,,,,,416.0,,
579,世界は可愛く出来ている,,,,,,,,,,,,,1553.0,,,,,1708.0,1553.0,,
580,勇敢で有閑な妖獣,,,,,,,,,,,,,98.0,,,,,230.0,98.0,,
581,吸血怪獣チュパカブラ,,,,,,,,,,,,,208.0,,,,,425.0,208.0,,
582,唯一無二のシミュラークル,,,,,,,,,,,,,61.0,,,,,79.0,61.0,,
583,夜じゃなくてもお化けはいるから,,,,,,,,,,,,,472.0,,,,,,472.0,,
584,夢幻能,,,,,,,,,,,,,275.0,,,,,,275.0,,
585,大地の底、剛欲の海,,,,,,,,,,,,,78.0,,91.0,,,68.0,78.0,,
586,天理人欲,,,,,,,,,,,,,31.0,,38.0,,,42.0,31.0,,
587,妖怪フックオン,,,,,,,,,,,,,44.0,,94.0,,,56.0,44.0,,
588,強欲な獣のメメント,,,,,,,,,,,,,733.0,,533.0,,,1087.0,733.0,,
589,弾幕を持て、バレットフィリア達よ,,,,,,,,,,,,,31.0,,93.0,,,39.0,31.0,,
590,振り向かない黄泉の道,,,,,,,,,,,,,255.0,,,,,358.0,255.0,,
591,日々是紅日,,,,,,,,,,,,,106.0,,,,,164.0,106.0,,
592,有機体全てのメメント,,,,,,,,,,,,,631.0,,1039.0,,,908.0,631.0,,
593,東方剛欲異聞,,,,,,,,,,,,,35.0,,51.0,,,48.0,35.0,,
594,水没した沈愁地獄,,,,,,,,,,,,,117.0,,96.0,,,128.0,117.0,,
595,獣に知性はあるか,,,,,,,,,,,,,10.0,,,,,25.0,10.0,,
596,獣の知性,,,,,,,,,,,,,82.0,,,,,142.0,82.0,,
597,獣王園ストーリー前半会話曲,,,,,,,,,,,,,6.0,,,,,8.0,6.0,,
598,獣王園ストーリー後半会話曲,,,,,,,,,,,,,10.0,,,,,16.0,10.0,,
599,獣王達の休息,,,,,,,,,,,,,9.0,,,,,7.0,9.0,,
600,逸脱者達の無礙光,,,,,,,,,,,,,938.0,,,,,1712.0,938.0,,
601,闇市場は場所を選ばない,,,,,,,,,,,,,86.0,,229.0,,,131.0,86.0,,
602,鬼は悠久の山に,,,,,,,,,,,,,78.0,,,,,141.0,78.0,,
603,魔獣スクランブル,,,,,,,,,,,,,95.0,,,,,170.0,95.0,,
604,ネオ竹林インフレイム,,,,,,,,,,,,,,,,,,,,65.0,
605,Maple Dream ... ,,,,,,,,,,,,,,,,,,,,,2.0
